Date,Time,Wind Direction (degTN),Wind Speed (m/s),Wind Sigma Theta (deg),Wind Speed Std Dev (m/s),Air Temperature (degC),Relative Humidity (%),Rainfall (mm),Barometric Pressure (hPa),Solar Radiation (w/m^2),Nitrogen Oxide (ppm),Nitrogen Dioxide (ppm),Nitrogen Oxides (ppm),Sulfur Dioxide (ppm),PM10 (ug/m^3),PM2.5 (ug/m^3),Visibility-reducing Particles (Mm^-1)
01/01/2024,00:00,173,0.9,22.0,0.6,22.4,,,,,0.000,0.005,0.006,0.000,11.1,4.5,13
01/01/2024,01:00,266,0.9,23.9,0.3,22.4,,,,,0.000,0.010,0.011,0.000,11.9,4.4,11
01/01/2024,02:00,141,0.4,24.3,0.3,22.5,,,,,0.000,0.013,0.014,0.000,11.6,5.1,19
01/01/2024,03:00,227,0.5,19.7,0.2,22.7,,,,,0.000,0.014,0.014,0.000,16.6,6.0,24
01/01/2024,04:00,126,0.5,25.8,0.3,23.0,,,,,0.000,0.012,0.012,0.000,16.5,6.0,21
01/01/2024,05:00,161,0.9,23.2,0.3,23.2,,,,,0.000,0.006,0.007,0.000,14.6,5.8,20
01/01/2024,06:00,125,1.2,23.7,0.4,23.3,,,,,0.000,0.004,0.004,0.001,13.1,5.1,17
01/01/2024,07:00,275,1.2,17.7,0.3,23.7,,,,,0.000,0.003,0.003,0.001,14.5,4.7,12
01/01/2024,08:00,155,0.9,33.3,0.4,26.1,,,,,0.001,0.004,0.005,0.001,13.2,4.3,10
01/01/2024,09:00,148,2.1,19.1,0.6,26.9,,,,,0.001,0.004,0.005,0.001,11.1,4.1,10
01/01/2024,10:00,114,2.3,22.1,0.7,28.6,,,,,0.013,0.008,0.021,0.006,10.5,4.5,12
01/01/2024,11:00,69,3.4,16.0,0.9,29.8,,,,,0.001,0.002,0.003,0.004,12.4,4.7,12
01/01/2024,12:00,71,3.5,16.7,1.0,29.9,,,,,0.000,0.001,0.001,0.001,11.9,5.1,14
01/01/2024,13:00,79,4.1,16.7,1.1,30.3,,,,,0.000,0.000,0.000,0.001,12.6,5.1,13
01/01/2024,14:00,86,3.7,14.4,0.9,28.3,,,,,0.000,0.000,0.000,0.000,13.0,4.9,13
01/01/2024,15:00,195,1.0,27.8,0.7,26.9,,,,,0.001,0.004,0.004,0.000,11.3,4.0,10
01/01/2024,16:00,233,2.9,22.9,0.9,23.9,,,,,0.000,0.002,0.002,0.000,11.2,3.6,8
01/01/2024,17:00,247,2.3,18.0,0.6,22.4,,,,,0.000,0.002,0.002,0.001,13.4,3.9,9
01/01/2024,18:00,236,1.5,26.5,0.6,22.5,,,,,0.000,0.002,0.003,0.000,10.9,3.9,9
01/01/2024,19:00,165,1.8,21.9,0.6,23.0,,,,,0.000,0.003,0.003,0.000,11.5,4.2,10
01/01/2024,20:00,181,1.4,19.9,0.7,23.1,,,,,0.000,0.003,0.003,0.000,13.6,4.3,11
01/01/2024,21:00,136,2.1,18.3,0.7,23.1,,,,,0.000,0.003,0.003,0.000,9.9,3.5,9
01/01/2024,22:00,129,1.4,20.7,0.4,22.6,,,,,0.000,0.002,0.002,0.000,8.9,2.4,5
01/01/2024,23:00,158,1.3,21.3,0.4,22.4,,,,,0.000,0.005,0.005,0.001,12.2,3.5,9
02/01/2024,00:00,233,1.9,17.4,0.7,21.8,,,,,0.000,0.003,0.003,0.000,15.1,3.5,7
02/01/2024,01:00,250,2.8,9.1,0.5,21.4,,,,,0.000,0.000,0.000,0.001,15.3,3.4,6
02/01/2024,02:00,248,1.5,24.5,0.4,21.6,,,,,0.000,0.000,0.000,0.000,12.8,3.4,7
02/01/2024,03:00,255,1.4,20.7,0.5,21.6,,,,,0.000,0.001,0.001,0.000,15.8,3.8,8
02/01/2024,04:00,249,1.7,22.8,0.5,21.4,,,,,0.000,0.001,0.001,0.000,16.0,3.8,8
02/01/2024,05:00,253,2.8,10.1,0.5,21.4,,,,,0.001,0.002,0.002,0.000,14.6,4.0,9
02/01/2024,06:00,258,2.9,10.5,0.5,22.3,,,,,0.001,0.002,0.004,0.000,14.9,4.2,9
02/01/2024,07:00,217,2.1,26.7,0.8,24.0,,,,,0.002,0.004,0.006,0.001,14.7,4.3,10
02/01/2024,08:00,219,2.4,20.7,0.8,26.3,,,,,0.005,0.005,0.010,0.005,16.8,5.0,12
02/01/2024,09:00,250,1.7,27.7,0.6,27.0,,,,,0.001,0.001,0.002,0.001,10.9,3.6,8
02/01/2024,10:00,240,1.2,41.3,0.7,29.5,,,,,0.000,0.001,0.001,0.001,8.6,3.4,7
02/01/2024,11:00,228,2.0,27.6,0.7,30.2,,,,,0.000,0.001,0.001,0.001,8.2,3.0,6
02/01/2024,12:00,253,1.8,39.3,1.0,31.5,,,,,0.000,0.001,0.001,0.000,7.2,3.0,6
02/01/2024,13:00,47,0.3,38.1,0.7,29.7,,,,,0.000,0.002,0.003,0.001,9.1,3.5,8
02/01/2024,14:00,351,0.2,36.0,0.4,26.4,,,,,0.001,0.004,0.005,0.000,13.8,3.8,9
02/01/2024,15:00,22,1.4,25.4,0.5,28.2,,,,,0.002,0.005,0.007,0.001,12.0,3.0,7
02/01/2024,16:00,68,1.8,19.1,0.6,28.9,,,,,0.001,0.003,0.004,0.001,8.2,2.2,6
02/01/2024,17:00,93,2.6,14.5,0.6,27.7,,,,,0.000,0.002,0.002,0.001,9.2,3.2,8
02/01/2024,18:00,97,1.6,16.2,0.5,26.7,,,,,0.000,0.001,0.001,0.000,9.4,3.5,8
02/01/2024,19:00,143,2.4,13.8,0.6,24.9,,,,,0.000,0.005,0.005,0.001,10.5,3.9,11
02/01/2024,20:00,279,0.6,19.2,0.3,24.0,,,,,0.000,0.002,0.002,0.001,14.7,4.0,11
02/01/2024,21:00,260,1.1,25.9,0.4,24.0,,,,,0.000,0.001,0.001,0.001,12.7,3.8,9
02/01/2024,22:00,278,1.1,23.6,0.3,23.8,,,,,0.000,0.002,0.003,0.000,16.1,4.3,11
02/01/2024,23:00,283,0.6,27.3,0.3,23.7,,,,,0.001,0.002,0.003,0.000,19.3,4.5,12
03/01/2024,00:00,281,0.8,28.8,0.3,23.2,,,,,0.000,0.001,0.001,0.000,19.6,4.4,11
03/01/2024,01:00,274,0.5,41.6,0.3,23.0,,,,,0.000,0.002,0.002,0.000,16.6,4.0,8
03/01/2024,02:00,277,1.0,21.2,0.2,22.7,,,,,0.000,0.002,0.002,0.000,16.3,4.2,10
03/01/2024,03:00,303,0.5,38.6,0.3,22.5,,,,,0.000,0.003,0.004,0.000,18.0,4.1,10
03/01/2024,04:00,279,1.1,13.7,0.3,21.9,,,,,0.001,0.003,0.004,0.000,22.4,4.4,11
03/01/2024,05:00,267,0.9,32.9,0.4,22.2,,,,,0.001,0.003,0.004,0.000,17.3,4.0,9
03/01/2024,06:00,233,0.9,25.9,0.5,23.8,,,,,0.002,0.003,0.004,0.000,11.6,3.4,7
03/01/2024,07:00,144,1.3,29.6,0.5,26.5,,,,,0.001,0.002,0.003,0.001,8.2,2.4,5
03/01/2024,08:00,129,1.0,36.6,0.6,27.4,,,,,0.003,0.005,0.008,0.001,7.2,2.6,6
03/01/2024,09:00,24,0.7,22.8,0.3,26.9,,,,,0.011,0.012,0.022,0.007,8.2,3.2,8
03/01/2024,10:00,66,1.9,16.5,0.5,27.6,,,,,0.007,0.011,0.018,0.009,8.4,3.1,8
03/01/2024,11:00,71,1.8,20.7,0.5,28.5,,,,,0.004,0.007,0.011,0.007,7.8,3.5,9
03/01/2024,12:00,72,2.2,19.1,0.6,29.0,,,,,0.003,0.006,0.009,0.004,9.2,3.5,9
03/01/2024,13:00,75,2.5,16.5,0.7,30.0,,,,,0.003,0.006,0.008,0.003,7.5,3.3,9
03/01/2024,14:00,76,2.6,17.5,0.7,29.6,,,,,0.001,0.004,0.005,0.003,6.4,2.5,6
03/01/2024,15:00,83,2.8,19.5,0.7,30.7,,,,,0.001,0.004,0.005,0.003,6.8,2.6,7
03/01/2024,16:00,81,3.1,15.7,0.8,29.7,,,,,0.004,0.008,0.012,0.005,6.7,2.8,8
03/01/2024,17:00,85,2.3,16.6,0.7,28.3,,,,,0.000,0.001,0.001,0.002,6.6,3.0,9
03/01/2024,18:00,68,2.1,16.3,0.6,27.2,,,,,0.000,0.001,0.001,0.001,5.7,2.1,6
03/01/2024,19:00,68,1.5,16.4,0.5,26.4,,,,,0.000,0.000,0.000,0.000,6.1,2.1,5
03/01/2024,20:00,92,1.5,17.1,0.5,26.4,,,,,0.000,0.002,0.002,0.000,7.8,2.9,6
03/01/2024,21:00,107,1.7,14.4,0.5,26.4,,,,,0.000,0.002,0.002,0.000,9.3,2.5,5
03/01/2024,22:00,134,1.1,16.7,0.4,25.7,,,,,0.000,0.005,0.005,0.001,7.3,2.2,5
03/01/2024,23:00,157,1.3,15.1,0.3,25.5,,,,,0.001,0.005,0.006,0.002,12.4,3.1,8
04/01/2024,00:00,196,1.4,20.4,0.5,25.2,,,,,0.001,0.002,0.003,0.001,8.9,2.8,6
04/01/2024,01:00,176,1.4,23.9,0.5,25.1,,,,,0.000,0.002,0.002,0.001,13.9,3.7,7
04/01/2024,02:00,172,1.2,27.4,0.5,24.9,,,,,0.000,0.003,0.003,0.000,12.4,3.9,9
04/01/2024,03:00,229,1.2,29.7,0.5,24.0,,,,,0.000,0.002,0.002,0.000,11.5,3.8,9
04/01/2024,04:00,262,1.7,26.6,0.4,23.0,,,,,0.001,0.003,0.004,0.000,12.1,3.9,9
04/01/2024,05:00,258,2.0,15.4,0.5,23.1,,,,,0.001,0.004,0.005,0.000,11.3,4.2,11
04/01/2024,06:00,253,1.9,18.5,0.5,24.4,,,,,0.002,0.003,0.005,0.000,13.7,4.7,12
04/01/2024,07:00,140,1.8,21.9,0.6,27.8,,,,,0.008,0.008,0.016,0.003,13.0,5.1,14
04/01/2024,08:00,107,2.1,21.2,0.7,29.5,,,,,0.027,0.016,0.043,0.018,13.0,5.1,14
04/01/2024,09:00,71,2.9,17.7,0.8,30.0,,,,,0.013,0.010,0.022,0.014,12.6,5.0,13
04/01/2024,10:00,68,3.2,16.4,0.8,30.4,,,,,0.002,0.003,0.005,0.003,11.1,4.5,11
04/01/2024,11:00,73,3.0,17.3,0.8,31.3,,,,,0.004,0.006,0.009,0.007,11.7,4.8,12
04/01/2024,12:00,75,3.5,13.6,0.9,31.0,,,,,0.000,0.001,0.001,0.003,11.6,4.8,12
04/01/2024,13:00,84,3.5,16.4,0.9,31.4,,,,,0.000,0.000,0.000,0.001,11.0,4.6,11
04/01/2024,14:00,86,3.4,15.7,0.8,31.2,,,,,0.000,0.000,0.000,0.001,8.7,3.9,9
04/01/2024,15:00,64,2.6,19.0,0.8,31.3,,,,,0.000,0.001,0.001,0.000,10.7,4.1,9
04/01/2024,16:00,81,3.0,17.2,0.8,31.0,,,,,0.000,0.001,0.001,0.001,9.6,3.7,8
04/01/2024,17:00,38,2.1,18.6,0.6,29.8,,,,,0.000,0.001,0.001,0.000,10.3,3.8,9
04/01/2024,18:00,35,1.2,19.2,0.5,28.2,,,,,0.000,0.001,0.001,0.000,11.1,3.8,9
04/01/2024,19:00,20,0.7,16.9,0.2,26.9,,,,,0.000,0.000,0.000,0.000,14.8,4.2,11
04/01/2024,20:00,317,0.3,22.5,0.1,25.9,,,,,0.001,0.002,0.003,0.000,15.4,4.7,12
04/01/2024,21:00,275,0.2,26.4,0.1,25.1,,,,,0.001,0.004,0.005,0.000,15.9,5.0,13
04/01/2024,22:00,279,0.3,19.8,0.1,24.8,,,,,0.000,0.006,0.006,0.000,14.9,4.9,13
04/01/2024,23:00,288,0.9,9.8,0.2,24.3,,,,,0.002,0.006,0.007,0.000,17.5,4.9,13
05/01/2024,00:00,288,1.0,8.0,0.2,24.3,,,,,0.000,0.003,0.003,0.000,15.3,5.1,13
05/01/2024,01:00,287,1.0,9.5,0.2,24.5,,,,,0.000,0.003,0.003,0.000,14.8,4.9,12
05/01/2024,02:00,272,1.2,10.1,0.2,24.6,,,,,0.000,0.004,0.004,0.000,13.6,5.2,14
05/01/2024,03:00,273,1.5,12.2,0.3,24.1,,,,,0.001,0.004,0.005,0.000,14.2,5.5,16
05/01/2024,04:00,263,1.9,12.3,0.4,24.1,,,,,0.000,0.003,0.004,0.000,11.8,5.2,15
05/01/2024,05:00,268,1.5,21.0,0.4,24.0,,,,,0.001,0.003,0.004,0.000,11.4,5.1,14
05/01/2024,06:00,196,0.4,45.5,0.5,26.0,,,,,0.002,0.003,0.005,0.000,13.3,5.1,14
05/01/2024,07:00,149,2.0,17.6,0.7,28.1,,,,,0.001,0.002,0.003,0.001,11.7,4.6,12
05/01/2024,08:00,121,1.8,29.5,0.8,30.1,,,,,0.005,0.007,0.011,0.001,10.8,4.1,11
05/01/2024,09:00,119,2.0,20.7,0.7,30.9,,,,,0.017,0.008,0.025,0.001,8.5,3.9,9
05/01/2024,10:00,67,2.9,18.1,1.0,30.8,,,,,0.001,0.002,0.004,0.001,9.7,3.7,9
05/01/2024,11:00,66,3.2,16.8,0.9,30.4,,,,,0.006,0.007,0.012,0.002,13.1,5.8,12
05/01/2024,12:00,70,4.1,14.5,1.1,31.4,,,,,0.005,0.005,0.010,0.001,19.8,12.9,41
05/01/2024,13:00,74,4.7,16.4,1.3,31.3,,,,,0.002,0.001,0.003,0.001,17.6,10.6,31
05/01/2024,14:00,81,4.4,18.2,1.3,31.3,,,,,0.000,0.001,0.001,0.001,31.9,23.2,78
05/01/2024,15:00,73,4.3,16.4,1.1,30.8,,,,,0.000,0.000,0.001,0.000,17.9,9.9,28
05/01/2024,16:00,80,4.2,15.2,1.2,30.1,,,,,0.000,0.001,0.001,0.000,16.5,8.2,25
05/01/2024,17:00,81,4.0,15.7,1.1,29.1,,,,,0.000,0.001,0.001,0.000,24.4,14.8,56
05/01/2024,18:00,93,4.0,14.9,1.1,28.4,,,,,0.000,0.001,0.001,0.000,15.3,6.9,19
05/01/2024,19:00,99,3.7,14.9,1.0,27.9,,,,,0.000,0.000,0.000,0.000,13.9,4.7,12
05/01/2024,20:00,110,3.3,15.4,1.0,27.9,,,,,0.005,0.007,0.011,0.001,13.8,4.8,12
05/01/2024,21:00,112,3.5,14.6,1.0,27.7,,,,,0.025,0.011,0.036,0.009,12.8,4.6,11
05/01/2024,22:00,130,2.2,16.0,0.6,27.3,,,,,0.009,0.008,0.016,0.009,13.8,4.9,12
05/01/2024,23:00,134,2.5,15.7,0.7,27.0,,,,,0.001,0.006,0.007,0.002,13.4,5.0,13
06/01/2024,00:00,137,2.3,17.8,0.7,26.5,,,,,0.000,0.003,0.003,0.001,11.9,4.4,10
06/01/2024,01:00,139,1.6,19.6,0.6,26.0,,,,,0.001,0.009,0.010,0.001,12.2,4.5,9
06/01/2024,02:00,135,1.6,17.4,0.6,25.7,,,,,0.000,0.007,0.007,0.000,11.8,4.5,11
06/01/2024,03:00,149,1.3,20.5,0.4,25.2,,,,,0.000,0.005,0.006,0.000,11.6,4.4,11
06/01/2024,04:00,152,1.9,18.2,0.6,25.2,,,,,0.001,0.005,0.006,0.000,11.5,4.5,11
06/01/2024,05:00,156,2.5,16.7,0.8,24.9,,,,,0.001,0.001,0.002,0.001,12.5,4.4,10
06/01/2024,06:00,153,2.4,20.1,0.7,25.9,,,,,0.006,0.003,0.009,0.000,12.0,4.5,10
06/01/2024,07:00,153,3.0,18.2,0.9,27.2,,,,,0.002,0.002,0.004,0.000,12.0,4.4,11
06/01/2024,08:00,125,3.0,23.2,1.0,29.2,,,,,0.006,0.004,0.010,0.001,12.2,4.3,10
06/01/2024,09:00,111,3.5,18.0,1.0,30.1,,,,,0.013,0.007,0.019,0.006,11.2,4.2,10
06/01/2024,10:00,93,2.8,20.0,0.8,29.6,,,,,0.016,0.015,0.030,0.009,14.5,4.9,14
06/01/2024,11:00,73,4.5,15.3,1.3,30.5,,,,,0.001,0.002,0.003,0.002,14.0,4.5,11
06/01/2024,12:00,72,5.1,15.1,1.4,30.8,,,,,0.003,0.002,0.005,0.001,13.8,5.3,14
06/01/2024,13:00,79,5.0,15.9,1.4,30.8,,,,,0.007,0.005,0.012,0.001,20.0,11.0,37
06/01/2024,14:00,74,5.0,15.1,1.4,30.7,,,,,0.003,0.003,0.006,0.001,26.3,16.3,48
06/01/2024,15:00,79,5.2,14.5,1.5,30.5,,,,,0.001,0.002,0.004,0.001,22.7,13.6,47
06/01/2024,16:00,83,5.0,15.4,1.4,29.6,,,,,0.004,0.003,0.007,0.001,22.4,10.3,31
06/01/2024,17:00,89,5.1,15.1,1.4,28.5,,,,,0.000,0.000,0.001,0.000,16.8,5.5,13
06/01/2024,18:00,107,4.6,16.2,1.4,27.9,,,,,0.018,0.008,0.026,0.005,15.4,5.3,12
06/01/2024,19:00,118,3.3,16.3,1.0,27.2,,,,,0.027,0.012,0.039,0.013,15.0,5.0,11
06/01/2024,20:00,126,2.8,16.9,0.9,26.7,,,,,0.007,0.006,0.013,0.010,13.9,5.0,11
06/01/2024,21:00,125,3.3,16.7,1.0,25.8,,,,,0.002,0.005,0.006,0.005,10.6,4.0,9
06/01/2024,22:00,136,2.9,15.7,0.8,25.2,,,,,0.001,0.004,0.005,0.001,9.3,3.3,7
06/01/2024,23:00,132,3.4,16.9,1.1,24.7,,,,,0.001,0.003,0.004,0.001,6.1,2.2,5
07/01/2024,00:00,132,3.0,16.4,0.9,24.2,,,,,0.001,0.005,0.005,0.001,8.5,3.6,9
07/01/2024,01:00,129,2.8,16.1,0.9,24.1,,,,,0.001,0.008,0.009,0.001,14.4,5.2,11
07/01/2024,02:00,127,2.2,18.1,0.7,24.3,,,,,0.000,0.001,0.001,0.000,17.4,6.4,16
07/01/2024,03:00,138,2.3,15.8,0.7,24.2,,,,,0.000,0.004,0.005,0.000,21.2,7.3,19
07/01/2024,04:00,158,2.5,16.8,0.8,24.0,,,,,0.000,0.002,0.002,0.000,24.7,8.3,21
07/01/2024,05:00,159,2.6,19.0,0.8,24.1,,,,,0.001,0.001,0.002,0.000,25.7,8.7,22
07/01/2024,06:00,157,2.9,18.9,0.9,24.9,,,,,0.001,0.001,0.002,0.000,26.1,8.5,22
07/01/2024,07:00,148,3.4,18.1,1.2,26.3,,,,,0.003,0.003,0.006,0.000,25.0,8.1,21
07/01/2024,08:00,144,3.4,19.1,1.1,27.9,,,,,0.005,0.004,0.009,0.000,22.4,7.5,20
07/01/2024,09:00,122,3.7,19.1,1.2,29.1,,,,,0.006,0.004,0.010,0.001,22.6,7.2,17
07/01/2024,10:00,121,4.1,19.1,1.2,29.8,,,,,0.003,0.003,0.006,0.005,21.0,6.8,17
07/01/2024,11:00,126,4.0,18.6,1.2,30.2,,,,,0.005,0.005,0.010,0.004,21.4,7.1,17
07/01/2024,12:00,94,3.9,19.8,1.2,30.9,,,,,0.012,0.005,0.017,0.004,21.4,6.8,17
07/01/2024,13:00,77,4.3,20.3,1.4,30.7,,,,,0.013,0.009,0.021,0.003,21.6,6.3,16
07/01/2024,14:00,68,4.5,16.4,1.2,30.5,,,,,0.000,0.000,0.001,0.001,19.7,6.7,17
07/01/2024,15:00,72,4.8,15.3,1.3,30.3,,,,,0.002,0.000,0.002,0.001,18.8,7.0,19
07/01/2024,16:00,81,4.9,15.0,1.4,29.9,,,,,0.000,0.001,0.001,0.001,21.5,10.0,29
07/01/2024,17:00,94,4.7,15.8,1.3,29.0,,,,,0.000,0.001,0.001,0.001,14.9,5.2,12
07/01/2024,18:00,99,4.7,15.6,1.2,28.0,,,,,0.001,0.004,0.005,0.001,12.4,4.0,8
07/01/2024,19:00,110,3.6,15.6,1.1,27.5,,,,,0.025,0.010,0.035,0.009,13.5,4.6,10
07/01/2024,20:00,120,3.3,18.2,1.1,27.1,,,,,0.002,0.002,0.005,0.006,12.1,4.5,9
07/01/2024,21:00,127,2.9,15.6,0.9,26.6,,,,,0.000,0.001,0.001,0.001,11.6,4.2,9
07/01/2024,22:00,131,2.7,15.3,0.8,26.0,,,,,0.001,0.004,0.005,0.001,11.0,4.4,10
07/01/2024,23:00,146,2.3,17.4,0.7,25.1,,,,,0.001,0.005,0.006,0.000,9.9,3.9,10
08/01/2024,00:00,149,1.5,22.6,0.5,25.0,,,,,0.000,0.003,0.004,0.000,9.7,3.7,8
08/01/2024,01:00,151,1.6,22.4,0.6,24.9,,,,,0.001,0.007,0.007,0.000,9.2,3.4,6
08/01/2024,02:00,153,1.4,23.7,0.5,24.2,,,,,0.001,0.002,0.003,0.000,10.9,3.4,7
08/01/2024,03:00,162,2.5,21.0,0.8,24.6,,,,,0.002,0.003,0.004,0.001,16.1,4.7,10
08/01/2024,04:00,173,1.5,34.9,0.7,24.3,,,,,0.001,0.003,0.004,0.001,13.4,4.3,10
08/01/2024,05:00,160,2.1,32.1,0.8,24.7,,,,,0.003,0.003,0.006,0.000,14.8,4.7,11
08/01/2024,06:00,151,1.9,20.6,0.6,25.3,,,,,0.004,0.007,0.011,0.000,10.9,3.9,9
08/01/2024,07:00,157,1.9,19.2,0.6,26.0,,,,,0.008,0.006,0.014,0.001,11.8,4.0,10
08/01/2024,08:00,125,2.2,23.7,0.7,28.1,,,,,0.037,0.013,0.050,0.014,11.4,4.4,12
08/01/2024,09:00,78,3.5,17.2,0.9,29.4,,,,,0.010,0.004,0.014,0.010,12.4,4.3,11
08/01/2024,10:00,79,3.8,18.1,1.0,30.3,,,,,0.001,0.001,0.002,0.002,13.2,4.3,10
08/01/2024,11:00,75,4.1,17.8,1.1,30.6,,,,,0.004,0.005,0.008,0.001,12.5,4.6,12
08/01/2024,12:00,81,4.1,17.4,1.2,30.7,,,,,0.000,0.000,0.000,0.001,11.9,4.3,10
08/01/2024,13:00,80,4.3,15.9,1.1,30.9,,,,,0.006,0.002,0.008,0.001,11.1,3.9,9
08/01/2024,14:00,79,4.0,16.5,1.1,30.8,,,,,0.007,0.002,0.010,0.001,10.0,3.9,10
08/01/2024,15:00,82,4.3,14.4,1.1,30.1,,,,,0.000,0.000,0.000,0.001,11.2,3.9,9
08/01/2024,16:00,81,4.0,14.8,1.0,29.4,,,,,0.000,0.000,0.000,0.000,10.4,3.9,9
08/01/2024,17:00,75,3.2,15.1,0.9,28.5,,,,,0.000,0.000,0.000,0.000,10.1,3.9,9
08/01/2024,18:00,74,2.8,16.8,0.8,28.0,,,,,0.000,0.000,0.000,0.000,10.4,3.9,9
08/01/2024,19:00,81,2.5,15.6,0.7,27.7,,,,,0.000,0.000,0.000,0.000,9.6,3.7,8
08/01/2024,20:00,86,2.5,15.2,0.7,27.7,,,,,0.000,0.000,0.000,0.000,10.5,3.7,8
08/01/2024,21:00,83,2.1,16.5,0.6,27.6,,,,,0.000,0.000,0.000,0.000,9.9,3.7,8
08/01/2024,22:00,93,2.1,15.6,0.6,27.5,,,,,0.000,0.000,0.000,0.000,11.0,4.1,9
08/01/2024,23:00,92,2.1,14.6,0.5,27.3,,,,,0.000,0.000,0.000,0.000,11.5,4.2,9
09/01/2024,00:00,102,1.7,17.3,0.5,27.2,,,,,0.000,0.000,0.000,0.000,12.4,4.3,9
09/01/2024,01:00,102,1.6,15.7,0.4,27.1,,,,,0.000,0.002,0.002,0.001,13.4,5.1,10
09/01/2024,02:00,127,1.3,13.7,0.4,26.6,,,,,0.000,0.002,0.002,0.000,12.7,4.9,12
09/01/2024,03:00,140,0.8,23.9,0.3,26.1,,,,,0.001,0.005,0.006,0.000,11.7,4.8,13
09/01/2024,04:00,173,0.2,37.9,0.2,25.5,,,,,0.002,0.005,0.007,0.001,12.8,4.8,12
09/01/2024,05:00,266,0.3,36.7,0.2,25.4,,,,,0.015,0.007,0.022,0.001,13.2,5.1,14
09/01/2024,06:00,296,0.8,16.6,0.2,25.9,,,,,0.045,0.026,0.071,0.001,27.8,7.6,20
09/01/2024,07:00,64,1.7,19.1,0.5,27.8,,,,,0.002,0.002,0.004,0.001,15.3,6.1,15
09/01/2024,08:00,80,2.4,18.0,0.7,29.0,,,,,0.023,0.010,0.033,0.001,13.3,5.5,18
09/01/2024,09:00,92,3.5,14.0,0.9,29.7,,,,,0.005,0.003,0.008,0.001,12.6,4.9,15
09/01/2024,10:00,,,,,,,,,,,,,,,,
09/01/2024,11:00,78,3.3,19.5,1.0,30.6,,,,,,,,,,,
09/01/2024,12:00,64,3.8,16.6,1.0,30.7,,,,,0.006,0.008,0.014,,10.6,4.5,15
09/01/2024,13:00,61,4.2,17.5,1.1,30.5,,,,,0.003,0.005,0.007,0.000,12.8,4.9,14
09/01/2024,14:00,60,4.2,16.4,1.1,30.2,,,,,0.006,0.001,0.006,0.001,13.3,5.1,14
09/01/2024,15:00,55,3.7,16.3,1.0,29.5,,,,,0.000,0.000,0.000,0.000,12.9,5.0,13
09/01/2024,16:00,63,3.6,14.3,1.0,28.7,,,,,0.000,0.000,0.000,0.000,14.7,5.2,14
09/01/2024,17:00,53,2.9,15.3,0.8,28.2,,,,,0.000,0.000,0.000,0.000,15.4,5.5,15
09/01/2024,18:00,61,2.7,15.8,0.9,28.0,,,,,0.000,0.000,0.000,0.000,13.9,5.3,15
09/01/2024,19:00,58,2.8,15.7,0.8,27.9,,,,,0.000,0.000,0.000,0.000,15.5,5.7,15
09/01/2024,20:00,50,2.7,15.4,0.8,27.9,,,,,0.000,0.000,0.000,0.000,14.2,5.3,15
09/01/2024,21:00,46,2.1,17.1,0.7,27.7,,,,,0.000,0.000,0.000,0.000,13.5,5.2,14
09/01/2024,22:00,53,1.7,17.6,0.5,27.5,,,,,0.000,0.000,0.000,0.000,15.8,5.5,14
09/01/2024,23:00,44,1.3,19.1,0.5,27.3,,,,,0.000,0.000,0.000,0.000,14.4,5.1,13
10/01/2024,00:00,337,0.3,31.0,0.2,26.6,,,,,0.000,0.001,0.001,0.000,14.4,5.1,12
10/01/2024,01:00,279,0.4,25.4,0.2,26.0,,,,,0.001,0.004,0.005,0.001,14.6,5.3,10
10/01/2024,02:00,263,1.0,13.6,0.2,25.6,,,,,0.001,0.003,0.004,0.000,14.1,5.4,14
10/01/2024,03:00,231,1.0,16.4,0.3,25.5,,,,,0.002,0.004,0.005,0.000,14.2,5.4,16
10/01/2024,04:00,180,0.6,40.5,0.4,25.8,,,,,0.001,0.007,0.008,0.001,15.8,5.8,17
10/01/2024,05:00,231,1.0,21.0,0.3,25.1,,,,,0.003,0.007,0.010,0.001,14.3,5.1,14
10/01/2024,06:00,237,1.0,19.4,0.3,25.8,,,,,0.006,0.007,0.013,0.001,15.1,5.4,15
10/01/2024,07:00,134,1.0,20.6,0.6,27.1,,,,,0.007,0.007,0.013,0.003,17.0,5.3,14
10/01/2024,08:00,111,1.9,21.0,0.6,27.6,,,,,0.007,0.006,0.012,0.003,10.8,4.4,10
10/01/2024,09:00,87,2.5,19.0,0.8,30.1,,,,,0.015,0.007,0.022,0.007,14.4,5.3,13
10/01/2024,10:00,87,3.5,16.3,1.0,30.5,,,,,0.001,0.002,0.003,0.002,13.6,4.8,12
10/01/2024,11:00,65,3.9,17.7,1.0,30.9,,,,,0.001,0.001,0.001,0.001,12.7,4.7,12
10/01/2024,12:00,61,4.3,15.5,1.2,31.1,,,,,0.000,0.000,0.000,0.001,13.2,4.9,12
10/01/2024,13:00,55,4.5,16.8,1.3,31.2,,,,,0.000,0.000,0.000,0.001,15.5,5.3,13
10/01/2024,14:00,52,4.5,15.9,1.3,30.8,,,,,0.000,0.000,0.000,0.001,16.6,5.7,14
10/01/2024,15:00,47,3.8,16.8,1.1,29.6,,,,,0.000,0.000,0.000,0.000,15.2,5.7,14
10/01/2024,16:00,39,3.1,17.4,1.0,28.7,,,,,0.000,0.000,0.000,0.000,16.4,5.8,14
10/01/2024,17:00,48,2.7,16.4,0.8,28.5,,,,,0.000,0.000,0.000,0.000,17.3,6.0,14
10/01/2024,18:00,43,2.7,18.9,0.9,27.9,,,,,0.000,0.000,0.000,0.000,15.7,5.7,14
10/01/2024,19:00,45,2.4,17.1,0.8,27.5,,,,,0.000,0.000,0.000,0.000,16.2,5.4,13
10/01/2024,20:00,56,2.5,15.7,0.7,27.5,,,,,0.000,0.000,0.000,0.000,15.8,5.4,13
10/01/2024,21:00,67,2.8,15.6,0.8,27.6,,,,,0.000,0.000,0.000,0.001,15.7,5.3,13
10/01/2024,22:00,69,2.5,15.3,0.7,27.4,,,,,0.000,0.001,0.001,0.000,15.8,5.1,12
10/01/2024,23:00,78,2.1,14.1,0.6,27.0,,,,,0.000,0.002,0.002,0.000,14.8,5.0,12
11/01/2024,00:00,95,1.7,15.5,0.5,26.2,,,,,0.000,0.001,0.001,0.000,14.0,4.9,12
11/01/2024,01:00,120,1.7,17.5,0.5,25.4,,,,,0.001,0.004,0.005,0.001,16.9,5.6,16
11/01/2024,02:00,128,1.5,15.2,0.4,25.3,,,,,0.001,0.004,0.005,0.002,17.6,5.7,16
11/01/2024,03:00,125,1.5,18.6,0.5,24.9,,,,,0.001,0.005,0.006,0.001,15.7,5.4,13
11/01/2024,04:00,121,1.7,17.1,0.5,24.8,,,,,0.002,0.005,0.007,0.001,21.3,5.6,14
11/01/2024,05:00,124,1.6,19.3,0.6,24.6,,,,,0.003,0.005,0.008,0.000,20.9,5.8,14
11/01/2024,06:00,133,2.5,18.2,0.8,25.4,,,,,0.002,0.003,0.005,0.000,19.1,5.5,13
11/01/2024,07:00,127,2.2,20.9,0.7,27.2,,,,,0.003,0.004,0.007,0.000,19.5,5.3,13
11/01/2024,08:00,96,2.9,18.1,0.9,28.7,,,,,0.007,0.005,0.012,0.005,16.3,4.8,10
11/01/2024,09:00,71,2.8,20.1,1.0,29.9,,,,,0.020,0.010,0.030,0.015,14.2,4.5,10
11/01/2024,10:00,55,3.5,18.0,1.0,30.3,,,,,0.003,0.003,0.006,0.003,13.8,4.4,10
11/01/2024,11:00,47,3.5,18.9,1.0,30.6,,,,,0.003,0.003,0.005,0.003,14.1,4.6,10
11/01/2024,12:00,43,3.7,17.3,1.1,31.0,,,,,0.000,0.001,0.001,0.001,12.6,4.5,10
11/01/2024,13:00,48,4.4,17.3,1.3,31.2,,,,,0.000,0.000,0.000,0.001,14.3,4.9,12
11/01/2024,14:00,53,5.2,16.4,1.4,30.9,,,,,0.000,0.000,0.000,0.001,15.0,5.7,15
11/01/2024,15:00,64,5.3,15.6,1.5,30.1,,,,,0.000,0.000,0.001,0.000,21.7,7.9,22
11/01/2024,16:00,68,5.3,14.1,1.5,29.5,,,,,0.000,0.000,0.001,0.000,25.4,7.9,21
11/01/2024,17:00,75,4.5,15.3,1.4,28.7,,,,,0.000,0.001,0.002,0.000,24.5,8.2,21
11/01/2024,18:00,82,4.1,16.0,1.2,28.4,,,,,0.001,0.004,0.005,0.001,22.7,7.9,20
11/01/2024,19:00,78,3.9,14.9,1.1,27.9,,,,,0.000,0.003,0.003,0.001,26.5,8.8,22
11/01/2024,20:00,90,4.0,16.2,1.3,27.6,,,,,0.019,0.011,0.030,0.010,25.9,8.8,21
11/01/2024,21:00,109,2.7,17.1,0.8,27.1,,,,,0.001,0.004,0.004,0.004,23.6,8.3,22
11/01/2024,22:00,113,2.4,20.3,0.8,26.5,,,,,0.001,0.007,0.008,0.001,24.7,8.6,24
11/01/2024,23:00,112,2.3,17.2,0.7,26.1,,,,,0.001,0.008,0.009,0.001,25.3,9.1,27
12/01/2024,00:00,124,1.9,22.7,0.8,25.4,,,,,0.002,0.011,0.012,0.000,25.9,9.0,26
12/01/2024,01:00,133,2.2,18.5,0.8,25.1,,,,,0.001,0.003,0.003,0.001,26.7,9.2,17
12/01/2024,02:00,133,2.1,19.0,0.7,24.8,,,,,0.000,0.001,0.001,0.000,28.2,9.6,23
12/01/2024,03:00,130,2.8,17.9,0.9,24.6,,,,,0.000,0.001,0.002,0.000,30.1,9.9,25
12/01/2024,04:00,128,2.7,20.9,0.9,24.5,,,,,0.000,0.001,0.002,0.000,30.8,9.9,25
12/01/2024,05:00,127,2.8,18.2,0.9,24.5,,,,,0.002,0.003,0.005,0.000,28.3,9.8,25
12/01/2024,06:00,120,2.8,18.5,1.0,25.4,,,,,0.009,0.007,0.016,0.000,24.6,8.8,25
12/01/2024,07:00,111,3.4,20.8,1.3,27.2,,,,,0.004,0.004,0.009,0.000,24.4,8.1,22
12/01/2024,08:00,102,4.9,17.8,1.6,28.3,,,,,0.009,0.004,0.013,0.001,21.2,7.4,20
12/01/2024,09:00,97,5.0,19.2,1.4,29.2,,,,,0.010,0.007,0.016,0.001,17.5,6.1,15
12/01/2024,10:00,88,4.5,20.0,1.4,30.0,,,,,0.001,0.001,0.001,0.001,16.1,6.1,16
12/01/2024,11:00,91,4.3,19.6,1.4,31.1,,,,,0.001,0.001,0.002,0.002,16.7,5.9,16
12/01/2024,12:00,94,4.4,16.9,1.3,31.5,,,,,0.013,0.007,0.019,0.007,14.4,5.6,14
12/01/2024,13:00,71,4.6,15.0,1.2,31.6,,,,,0.009,0.006,0.015,0.007,15.5,5.4,14
12/01/2024,14:00,64,5.1,16.4,1.5,31.2,,,,,0.001,0.002,0.003,0.002,19.0,6.7,18
12/01/2024,15:00,67,4.8,15.9,1.3,30.7,,,,,0.001,0.001,0.002,0.001,23.3,7.8,21
12/01/2024,16:00,64,4.3,16.8,1.3,29.9,,,,,0.000,0.001,0.001,0.001,24.5,8.4,23
12/01/2024,17:00,72,4.4,16.3,1.2,28.2,,,,,0.000,0.001,0.001,0.000,22.8,8.1,22
12/01/2024,18:00,88,3.3,17.7,1.1,28.0,,,,,0.003,0.006,0.009,0.001,23.7,8.2,21
12/01/2024,19:00,107,1.9,17.1,0.6,27.5,,,,,0.003,0.007,0.010,0.005,20.3,7.2,19
12/01/2024,20:00,125,1.7,17.6,0.5,26.9,,,,,0.001,0.005,0.006,0.002,17.9,6.6,17
12/01/2024,21:00,126,1.5,20.5,0.5,26.7,,,,,0.001,0.006,0.007,0.001,27.4,7.9,20
12/01/2024,22:00,125,1.5,19.3,0.5,26.2,,,,,0.001,0.008,0.009,0.001,24.0,7.1,19
12/01/2024,23:00,123,1.6,22.3,0.6,25.8,,,,,0.002,0.008,0.010,0.001,24.2,7.0,18
13/01/2024,00:00,121,1.6,22.6,0.6,25.6,,,,,0.001,0.007,0.009,0.000,23.8,7.0,18
13/01/2024,01:00,123,1.5,19.7,0.5,25.3,,,,,0.001,0.007,0.008,0.001,24.0,6.9,13
13/01/2024,02:00,122,2.2,20.1,0.8,25.1,,,,,0.000,0.002,0.003,0.000,20.9,6.9,17
13/01/2024,03:00,122,2.3,19.5,0.7,24.9,,,,,0.000,0.002,0.002,0.000,20.6,7.0,17
13/01/2024,04:00,117,2.1,18.4,0.7,24.7,,,,,0.000,0.002,0.003,0.000,21.2,6.8,17
13/01/2024,05:00,124,2.4,17.0,0.8,24.8,,,,,0.001,0.004,0.005,0.000,19.2,6.3,16
13/01/2024,06:00,122,2.7,20.2,0.9,25.8,,,,,0.002,0.003,0.005,0.000,18.3,6.0,15
13/01/2024,07:00,124,2.9,19.4,0.8,27.4,,,,,0.004,0.004,0.008,0.001,14.2,5.4,14
13/01/2024,08:00,105,2.6,24.0,1.0,29.2,,,,,0.002,0.002,0.004,0.000,13.6,5.3,14
13/01/2024,09:00,70,3.7,15.8,1.1,30.2,,,,,0.011,0.006,0.018,0.007,14.7,5.4,14
13/01/2024,10:00,47,3.8,18.7,1.1,31.0,,,,,0.003,0.003,0.006,0.003,14.6,5.3,14
13/01/2024,11:00,46,4.0,17.1,1.1,31.3,,,,,0.001,0.001,0.002,0.002,14.3,5.3,14
13/01/2024,12:00,45,4.4,15.1,1.2,30.9,,,,,0.002,0.004,0.006,0.001,16.3,6.1,17
13/01/2024,13:00,47,4.1,16.8,1.1,31.2,,,,,0.009,0.009,0.018,0.001,16.3,6.2,18
13/01/2024,14:00,52,4.1,19.2,1.2,31.0,,,,,0.000,0.000,0.000,0.001,16.1,6.0,17
13/01/2024,15:00,48,4.1,16.8,1.1,30.6,,,,,0.000,0.000,0.000,0.001,15.1,6.0,17
13/01/2024,16:00,54,3.6,18.3,1.0,30.5,,,,,0.000,0.000,0.000,0.001,16.5,6.0,18
13/01/2024,17:00,58,3.6,15.4,1.1,29.0,,,,,0.000,0.000,0.001,0.000,16.4,6.6,20
13/01/2024,18:00,66,4.1,15.0,1.2,28.2,,,,,0.000,0.001,0.001,0.000,17.0,6.6,22
13/01/2024,19:00,72,3.5,14.4,1.0,27.7,,,,,0.000,0.001,0.001,0.000,18.2,6.8,23
13/01/2024,20:00,79,2.9,14.4,0.9,27.1,,,,,0.001,0.003,0.003,0.000,18.4,7.1,22
13/01/2024,21:00,89,2.2,15.5,0.8,26.4,,,,,0.006,0.007,0.013,0.005,17.5,6.7,20
13/01/2024,22:00,107,2.0,18.3,0.6,26.7,,,,,0.004,0.006,0.010,0.009,19.5,6.4,17
13/01/2024,23:00,121,1.6,20.4,0.6,26.3,,,,,0.002,0.009,0.010,0.002,20.1,6.3,18
14/01/2024,00:00,127,1.5,22.6,0.6,26.0,,,,,0.001,0.004,0.005,0.001,17.6,5.9,16
14/01/2024,01:00,121,1.4,22.5,0.5,25.5,,,,,0.001,0.004,0.005,0.001,17.6,5.7,12
14/01/2024,02:00,126,2.0,19.8,0.7,25.2,,,,,0.000,0.001,0.001,0.000,16.8,5.6,14
14/01/2024,03:00,126,1.4,19.3,0.4,24.7,,,,,0.000,0.002,0.002,0.001,20.1,6.1,15
14/01/2024,04:00,132,1.8,21.0,0.6,24.7,,,,,0.000,0.001,0.001,0.000,18.8,5.9,14
14/01/2024,05:00,133,2.4,16.2,0.7,25.0,,,,,0.001,0.002,0.003,0.000,20.0,6.0,14
14/01/2024,06:00,128,1.9,21.8,0.7,25.9,,,,,0.002,0.003,0.005,0.000,22.6,6.6,17
14/01/2024,07:00,95,2.7,18.0,0.8,27.6,,,,,0.003,0.003,0.006,0.001,17.3,6.2,17
14/01/2024,08:00,87,2.9,23.5,1.0,29.2,,,,,0.005,0.002,0.007,0.002,15.1,5.4,14
14/01/2024,09:00,79,2.7,18.5,0.9,29.7,,,,,0.019,0.008,0.026,0.009,15.0,5.7,16
14/01/2024,10:00,44,3.6,15.6,1.1,29.9,,,,,0.011,0.004,0.015,0.009,13.1,5.0,13
14/01/2024,11:00,42,4.3,14.9,1.2,31.0,,,,,0.001,0.001,0.002,0.002,13.7,4.8,12
14/01/2024,12:00,44,4.1,17.2,1.1,31.0,,,,,0.000,0.000,0.000,0.001,11.9,4.5,11
14/01/2024,13:00,53,4.5,14.6,1.2,31.0,,,,,0.000,0.000,0.000,0.001,12.1,4.5,11
14/01/2024,14:00,50,4.5,16.7,1.2,31.1,,,,,0.000,0.001,0.001,0.001,12.8,4.3,10
14/01/2024,15:00,57,4.4,15.6,1.1,29.9,,,,,0.004,0.003,0.007,0.001,14.6,4.8,13
14/01/2024,16:00,60,4.2,14.6,1.1,29.8,,,,,0.000,0.001,0.001,0.000,14.9,5.1,14
14/01/2024,17:00,63,3.6,16.1,1.1,28.9,,,,,0.000,0.000,0.001,0.000,15.4,5.5,15
14/01/2024,18:00,68,3.9,14.6,1.1,28.0,,,,,0.000,0.001,0.001,0.000,18.3,6.2,16
14/01/2024,19:00,74,3.6,13.9,1.0,27.7,,,,,0.000,0.001,0.001,0.000,23.4,7.1,19
14/01/2024,20:00,75,3.8,14.1,1.1,27.4,,,,,0.000,0.002,0.002,0.000,21.5,7.5,20
14/01/2024,21:00,106,3.0,16.4,0.9,26.1,,,,,0.000,0.002,0.003,0.001,20.2,7.6,22
14/01/2024,22:00,112,1.6,21.3,0.6,26.3,,,,,0.001,0.007,0.007,0.002,18.5,7.2,35
14/01/2024,23:00,113,1.8,18.2,0.6,26.3,,,,,0.000,0.003,0.003,0.001,18.7,6.9,23
15/01/2024,00:00,131,1.6,18.3,0.5,26.0,,,,,0.001,0.004,0.005,0.001,21.0,7.0,20
15/01/2024,01:00,122,1.4,22.9,0.5,25.4,,,,,0.000,0.001,0.001,0.001,19.0,6.8,13
15/01/2024,02:00,122,1.3,21.1,0.4,25.0,,,,,0.000,0.004,0.004,0.000,18.8,6.6,18
15/01/2024,03:00,134,2.1,19.7,0.8,24.9,,,,,0.000,0.001,0.001,0.001,18.7,6.5,16
15/01/2024,04:00,129,2.0,17.9,0.6,24.7,,,,,0.000,0.001,0.002,0.000,18.9,6.4,16
15/01/2024,05:00,130,2.1,19.3,0.7,24.8,,,,,0.002,0.003,0.006,0.000,19.2,6.7,17
15/01/2024,06:00,126,2.2,18.6,0.7,25.4,,,,,0.004,0.006,0.010,0.001,18.9,6.5,17
15/01/2024,07:00,126,2.3,18.3,0.8,26.7,,,,,0.006,0.008,0.014,0.000,19.0,6.4,18
15/01/2024,08:00,101,2.6,20.6,0.8,28.4,,,,,0.002,0.003,0.005,0.000,16.8,5.9,15
15/01/2024,09:00,93,3.3,16.2,0.9,29.1,,,,,0.017,0.007,0.024,0.008,17.2,5.8,15
15/01/2024,10:00,84,3.2,19.1,1.1,29.7,,,,,0.011,0.005,0.016,0.009,14.4,5.1,13
15/01/2024,11:00,66,3.4,17.4,1.0,30.4,,,,,0.011,0.006,0.017,0.009,15.1,4.7,12
15/01/2024,12:00,41,4.1,15.9,1.2,30.7,,,,,0.000,0.001,0.001,0.002,14.9,5.0,13
15/01/2024,13:00,46,4.2,15.8,1.2,31.4,,,,,0.000,0.000,0.000,0.001,17.5,5.0,12
15/01/2024,14:00,63,4.2,14.4,1.3,29.9,,,,,0.002,0.002,0.004,0.001,15.5,4.4,10
15/01/2024,15:00,64,3.4,15.6,1.0,29.4,,,,,0.003,0.004,0.007,0.002,13.5,4.4,10
15/01/2024,16:00,55,3.5,16.1,1.0,30.2,,,,,0.000,0.000,0.000,0.001,11.6,3.6,8
15/01/2024,17:00,59,3.3,14.7,1.0,29.3,,,,,0.000,0.000,0.000,0.001,9.1,3.7,9
15/01/2024,18:00,60,2.8,14.9,0.8,27.9,,,,,0.000,0.000,0.000,0.000,9.5,4.1,11
15/01/2024,19:00,68,2.3,14.6,0.6,27.5,,,,,0.000,0.001,0.001,0.000,10.4,4.2,13
15/01/2024,20:00,77,2.6,14.6,0.7,27.7,,,,,0.000,0.001,0.001,0.000,9.9,4.4,15
15/01/2024,21:00,83,2.4,15.2,0.7,27.6,,,,,0.000,0.002,0.002,0.001,11.2,4.9,15
15/01/2024,22:00,116,1.5,18.3,0.4,26.8,,,,,0.002,0.007,0.008,0.001,13.0,5.5,19
15/01/2024,23:00,114,1.8,17.9,0.6,26.1,,,,,0.001,0.003,0.005,0.001,11.1,5.1,16
16/01/2024,00:00,119,1.8,20.3,0.5,25.2,,,,,0.001,0.003,0.003,0.001,10.9,4.5,16
16/01/2024,01:00,126,1.4,17.6,0.4,24.9,,,,,0.001,0.005,0.006,0.001,12.3,4.3,8
16/01/2024,02:00,127,1.6,17.6,0.5,25.0,,,,,0.001,0.003,0.003,0.001,13.6,4.6,11
16/01/2024,03:00,141,2.2,20.1,0.7,25.1,,,,,0.001,0.002,0.003,0.001,19.7,5.9,14
16/01/2024,04:00,130,1.7,19.6,0.6,24.9,,,,,0.001,0.002,0.003,0.000,15.1,5.4,14
16/01/2024,05:00,127,1.5,21.5,0.6,25.0,,,,,0.003,0.003,0.007,0.000,15.4,5.5,15
16/01/2024,06:00,130,2.4,19.7,0.8,26.0,,,,,0.003,0.002,0.005,0.001,14.0,5.4,14
16/01/2024,07:00,110,2.9,18.5,0.9,27.4,,,,,0.004,0.003,0.007,0.001,13.9,5.5,15
16/01/2024,08:00,99,3.7,17.9,1.1,28.8,,,,,0.007,0.011,0.018,0.002,16.0,5.6,15
16/01/2024,09:00,79,3.9,17.4,1.1,28.7,,,,,0.013,0.006,0.019,0.008,13.2,4.7,11
16/01/2024,10:00,83,3.0,18.5,1.0,28.3,,,,,0.007,0.004,0.012,0.003,11.6,4.3,10
16/01/2024,11:00,88,3.1,21.6,1.1,30.0,,,,,0.013,0.006,0.019,0.007,10.1,3.5,8
16/01/2024,12:00,66,3.7,19.2,1.1,30.8,,,,,0.005,0.003,0.008,0.005,10.8,3.9,10
16/01/2024,13:00,58,4.1,16.0,1.1,30.7,,,,,0.002,0.002,0.003,0.003,11.3,4.1,10
16/01/2024,14:00,57,4.3,17.4,1.2,31.0,,,,,0.001,0.001,0.002,0.001,11.5,4.3,11
16/01/2024,15:00,67,4.0,17.3,1.0,30.4,,,,,0.001,0.001,0.003,0.001,10.5,4.0,10
16/01/2024,16:00,68,4.1,15.0,1.1,30.0,,,,,0.000,0.000,0.000,0.001,11.1,4.4,12
16/01/2024,17:00,69,4.1,14.9,1.2,28.8,,,,,0.000,0.000,0.001,0.001,11.5,4.5,12
16/01/2024,18:00,76,3.8,13.8,1.1,28.2,,,,,0.000,0.001,0.001,0.000,14.6,5.0,13
16/01/2024,19:00,87,2.7,15.9,0.8,27.8,,,,,0.003,0.004,0.006,0.001,13.9,5.1,13
16/01/2024,20:00,106,2.4,16.4,0.7,26.7,,,,,0.003,0.006,0.009,0.002,11.5,4.7,11
16/01/2024,21:00,122,1.8,22.4,0.6,25.2,,,,,0.001,0.006,0.008,0.002,10.5,3.8,10
16/01/2024,22:00,125,1.6,19.6,0.5,25.2,,,,,0.001,0.006,0.007,0.001,9.4,3.4,9
16/01/2024,23:00,117,1.8,21.1,0.7,25.2,,,,,0.002,0.006,0.008,0.001,8.6,3.5,11
17/01/2024,00:00,106,1.4,22.3,0.5,25.0,,,,,0.000,0.005,0.005,0.001,8.6,2.9,10
17/01/2024,01:00,121,1.0,27.7,0.5,25.0,,,,,0.001,0.010,0.011,0.001,7.7,2.7,9
17/01/2024,02:00,129,1.4,22.1,0.5,25.1,,,,,0.002,0.008,0.010,0.001,10.1,3.6,13
17/01/2024,03:00,143,1.9,19.4,0.7,25.4,,,,,0.001,0.002,0.003,0.001,10.6,3.6,8
17/01/2024,04:00,141,1.6,19.4,0.6,25.4,,,,,0.001,0.002,0.004,0.001,12.4,4.0,9
17/01/2024,05:00,137,1.7,17.2,0.6,25.3,,,,,0.005,0.008,0.012,0.001,15.1,4.4,17
17/01/2024,06:00,114,1.7,22.1,0.6,26.4,,,,,0.007,0.006,0.013,0.001,14.1,4.4,15
17/01/2024,07:00,110,2.5,19.1,0.8,27.8,,,,,0.028,0.012,0.040,0.005,14.7,4.9,17
17/01/2024,08:00,74,2.2,21.4,0.8,29.2,,,,,0.021,0.008,0.030,0.011,17.6,6.0,16
17/01/2024,09:00,51,3.1,17.9,0.9,30.3,,,,,0.001,0.001,0.002,0.002,15.6,5.3,14
17/01/2024,10:00,58,4.0,16.7,1.1,31.0,,,,,0.001,0.001,0.002,0.002,13.6,5.1,13
17/01/2024,11:00,58,4.3,16.4,1.1,31.0,,,,,0.005,0.003,0.008,0.001,13.0,4.8,13
17/01/2024,12:00,61,4.5,16.7,1.2,31.3,,,,,0.004,0.004,0.008,0.001,13.6,5.3,13
17/01/2024,13:00,61,4.4,17.5,1.0,31.3,,,,,0.000,0.000,0.000,0.001,13.3,5.3,13
17/01/2024,14:00,61,4.4,16.3,1.1,31.2,,,,,0.003,0.002,0.006,0.001,13.6,5.1,14
17/01/2024,15:00,49,3.7,18.1,1.1,31.1,,,,,0.000,0.000,0.000,0.001,13.0,5.1,13
17/01/2024,16:00,56,3.6,16.0,1.0,30.5,,,,,0.000,0.000,0.000,0.001,14.2,5.1,13
17/01/2024,17:00,55,3.4,16.0,0.9,29.5,,,,,0.000,0.000,0.000,0.001,12.8,4.9,13
17/01/2024,18:00,51,2.7,15.5,0.7,28.5,,,,,0.000,0.000,0.000,0.000,12.7,4.7,12
17/01/2024,19:00,55,2.4,16.0,0.7,28.2,,,,,0.000,0.000,0.000,0.000,12.4,4.7,12
17/01/2024,20:00,58,2.6,15.2,0.8,28.1,,,,,0.000,0.000,0.000,0.000,13.0,5.0,13
17/01/2024,21:00,66,2.5,14.2,0.6,28.1,,,,,0.000,0.001,0.001,0.001,13.5,5.2,13
17/01/2024,22:00,58,1.9,16.4,0.6,28.0,,,,,0.000,0.001,0.001,0.001,14.7,5.6,14
17/01/2024,23:00,47,2.1,16.2,0.7,27.9,,,,,0.000,0.001,0.001,0.001,15.1,5.7,15
18/01/2024,00:00,47,2.2,17.0,0.7,27.7,,,,,0.000,0.000,0.000,0.000,17.3,6.3,16
18/01/2024,01:00,46,1.9,15.4,0.6,27.6,,,,,0.000,0.000,0.000,0.001,17.3,6.6,12
18/01/2024,02:00,37,1.2,20.1,0.5,27.4,,,,,0.000,0.000,0.000,0.001,17.5,6.3,16
18/01/2024,03:00,31,0.7,25.3,0.3,26.9,,,,,0.000,0.001,0.001,0.000,16.3,6.1,16
18/01/2024,04:00,43,0.8,18.6,0.3,27.0,,,,,0.000,0.000,0.000,0.000,18.4,6.0,15
18/01/2024,05:00,47,1.0,22.3,0.4,27.1,,,,,0.000,0.000,0.000,0.000,16.1,5.8,15
18/01/2024,06:00,50,1.5,15.9,0.4,28.1,,,,,0.013,0.004,0.017,0.001,16.6,6.7,18
18/01/2024,07:00,54,2.7,18.3,0.7,30.0,,,,,0.000,0.000,0.000,0.001,16.1,5.6,14
18/01/2024,08:00,51,2.7,21.1,0.8,30.2,,,,,0.000,0.000,0.000,0.001,15.8,5.4,14
18/01/2024,09:00,15,1.3,19.3,0.5,28.7,,,,,0.000,0.000,0.000,0.001,14.2,5.1,13
18/01/2024,10:00,65,1.6,21.1,0.5,30.5,,,,,0.000,0.000,0.000,0.000,14.3,4.8,12
18/01/2024,11:00,61,3.3,16.3,0.8,32.2,,,,,0.005,0.005,0.009,0.001,13.7,5.1,14
18/01/2024,12:00,58,3.9,16.3,1.0,32.2,,,,,0.000,0.000,0.000,0.001,13.7,5.1,13
18/01/2024,13:00,55,4.2,15.7,1.1,32.4,,,,,0.006,0.002,0.008,0.001,13.1,4.9,14
18/01/2024,14:00,39,2.8,19.8,0.9,31.6,,,,,0.000,0.000,0.000,0.001,12.3,4.8,13
18/01/2024,15:00,15,2.1,22.6,0.8,31.1,,,,,0.000,0.000,0.000,0.000,13.0,4.9,13
18/01/2024,16:00,26,2.1,21.4,0.7,30.7,,,,,0.000,0.000,0.001,0.001,13.0,5.1,13
18/01/2024,17:00,33,2.3,19.2,0.8,29.7,,,,,0.000,0.000,0.000,0.001,13.2,5.1,13
18/01/2024,18:00,29,1.7,19.5,0.6,28.8,,,,,0.000,0.000,0.001,0.000,15.1,5.7,15
18/01/2024,19:00,27,1.1,20.6,0.4,28.3,,,,,0.000,0.000,0.000,0.000,15.8,5.8,16
18/01/2024,20:00,20,0.8,21.1,0.3,28.0,,,,,0.000,0.001,0.001,0.000,16.4,5.8,16
18/01/2024,21:00,32,1.0,28.3,0.3,28.0,,,,,0.000,0.000,0.000,0.001,16.0,6.1,16
18/01/2024,22:00,31,1.0,19.8,0.3,27.8,,,,,0.000,0.001,0.001,0.000,16.8,6.1,17
18/01/2024,23:00,35,0.7,22.3,0.3,27.6,,,,,0.000,0.001,0.001,0.001,15.6,5.9,16
19/01/2024,00:00,12,0.6,35.8,0.3,27.4,,,,,0.000,0.000,0.000,0.001,14.6,5.7,16
19/01/2024,01:00,335,0.3,22.6,0.2,26.8,,,,,0.000,0.001,0.001,0.001,12.7,5.2,10
19/01/2024,02:00,262,0.2,28.5,0.1,26.5,,,,,0.000,0.002,0.003,0.001,15.6,5.9,15
19/01/2024,03:00,270,0.4,14.1,0.1,26.0,,,,,0.002,0.005,0.007,0.001,16.8,5.8,15
19/01/2024,04:00,275,0.7,11.7,0.1,25.9,,,,,0.007,0.005,0.012,0.001,14.9,5.6,15
19/01/2024,05:00,254,0.8,15.0,0.2,25.8,,,,,0.013,0.006,0.020,0.001,15.7,6.1,18
19/01/2024,06:00,239,1.9,9.7,0.3,26.5,,,,,0.006,0.005,0.012,0.001,20.8,6.3,17
19/01/2024,07:00,246,0.4,21.1,0.3,28.9,,,,,0.005,0.004,0.009,0.001,17.0,6.5,19
19/01/2024,08:00,358,0.7,34.1,0.4,31.1,,,,,0.001,0.001,0.002,0.001,18.1,6.6,18
19/01/2024,09:00,34,1.3,38.8,0.6,32.8,,,,,0.019,0.006,0.024,0.002,21.7,6.8,17
19/01/2024,10:00,64,3.2,21.2,0.9,32.3,,,,,0.011,0.004,0.015,0.001,15.1,6.3,18
19/01/2024,11:00,75,3.6,16.7,0.9,32.3,,,,,,,,,,,
19/01/2024,12:00,73,3.4,17.1,0.8,32.6,,,,,0.005,0.006,0.011,0.000,14.1,5.6,16
19/01/2024,13:00,340,2.1,27.3,0.9,30.4,,,,,0.015,0.008,0.024,0.002,14.2,5.0,15
19/01/2024,14:00,41,1.8,24.7,0.6,31.5,,,,,0.015,0.006,0.021,0.001,20.0,5.8,16
19/01/2024,15:00,73,3.2,19.3,0.9,31.7,,,,,0.003,0.003,0.005,0.001,12.2,5.2,16
19/01/2024,16:00,69,3.4,15.5,0.9,31.2,,,,,0.000,0.000,0.000,0.001,13.5,5.4,15
19/01/2024,17:00,72,2.7,16.4,0.8,30.1,,,,,0.000,0.000,0.000,0.001,13.6,5.7,16
19/01/2024,18:00,72,2.5,15.7,0.7,29.0,,,,,0.000,0.000,0.000,0.000,14.1,5.8,17
19/01/2024,19:00,69,2.0,15.7,0.6,28.6,,,,,0.000,0.000,0.000,0.001,16.6,6.1,17
19/01/2024,20:00,67,1.8,17.6,0.6,28.5,,,,,0.000,0.000,0.000,0.001,16.0,6.1,17
19/01/2024,21:00,67,1.6,18.4,0.5,28.3,,,,,0.000,0.001,0.001,0.001,16.0,6.2,17
19/01/2024,22:00,83,0.9,21.4,0.3,28.1,,,,,0.000,0.000,0.000,0.001,18.7,6.4,17
19/01/2024,23:00,84,1.6,13.9,0.5,28.2,,,,,0.000,0.000,0.000,0.001,18.6,6.5,17
20/01/2024,00:00,138,0.9,22.1,0.3,26.8,,,,,0.001,0.002,0.002,0.001,19.4,6.8,17
20/01/2024,01:00,289,0.5,24.6,0.1,26.3,,,,,0.005,0.006,0.011,0.001,22.2,6.3,13
20/01/2024,02:00,278,0.4,30.5,0.2,26.3,,,,,0.006,0.006,0.012,0.001,17.4,5.8,16
20/01/2024,03:00,62,1.0,27.1,0.4,26.6,,,,,0.001,0.002,0.003,0.001,15.3,5.9,16
20/01/2024,04:00,107,0.7,24.8,0.3,26.8,,,,,0.001,0.002,0.003,0.001,16.8,5.9,15
20/01/2024,05:00,191,0.3,32.8,0.2,26.3,,,,,0.016,0.006,0.022,0.001,17.3,6.2,19
20/01/2024,06:00,175,1.0,25.7,0.5,27.1,,,,,0.006,0.004,0.009,0.001,16.7,6.1,18
20/01/2024,07:00,125,1.2,27.5,0.5,28.0,,,,,0.009,0.006,0.016,0.002,15.9,6.2,22
20/01/2024,08:00,91,2.2,16.1,0.6,29.9,,,,,0.014,0.005,0.018,0.006,15.8,6.1,16
20/01/2024,09:00,84,2.7,17.9,0.7,31.0,,,,,0.000,0.001,0.001,0.002,13.5,5.0,14
20/01/2024,10:00,80,3.3,15.0,0.8,31.5,,,,,0.005,0.003,0.008,0.002,12.0,4.5,12
20/01/2024,11:00,72,3.9,16.7,1.1,32.2,,,,,0.000,0.000,0.001,0.001,11.9,4.7,12
20/01/2024,12:00,69,3.6,18.3,1.1,32.2,,,,,0.002,0.001,0.004,0.001,11.1,4.4,12
20/01/2024,13:00,75,3.6,18.6,1.1,31.7,,,,,0.003,0.003,0.006,0.001,11.8,4.8,13
20/01/2024,14:00,72,4.0,15.2,1.1,31.2,,,,,0.002,0.002,0.004,0.001,12.1,4.6,12
20/01/2024,15:00,73,3.9,16.5,1.0,31.0,,,,,0.000,0.000,0.000,0.001,12.2,4.6,12
20/01/2024,16:00,70,3.6,17.8,1.0,30.5,,,,,0.000,0.000,0.000,0.001,12.0,4.6,13
20/01/2024,17:00,82,3.4,15.8,0.9,29.8,,,,,0.000,0.001,0.001,0.001,12.4,4.9,13
20/01/2024,18:00,92,3.1,14.0,0.8,29.2,,,,,0.000,0.001,0.001,0.000,13.5,5.0,13
20/01/2024,19:00,101,2.6,16.0,0.7,29.1,,,,,0.002,0.002,0.005,0.001,14.6,4.7,11
20/01/2024,20:00,109,3.2,15.0,0.9,28.9,,,,,0.015,0.006,0.020,0.004,13.1,4.5,10
20/01/2024,21:00,103,3.3,15.2,0.9,28.7,,,,,0.011,0.004,0.015,0.006,12.5,4.3,9
20/01/2024,22:00,116,2.8,15.4,0.9,28.1,,,,,0.003,0.002,0.005,0.002,13.4,4.4,9
20/01/2024,23:00,120,2.0,16.4,0.6,26.9,,,,,0.027,0.007,0.034,0.004,14.9,5.0,11
21/01/2024,00:00,132,2.0,17.6,0.7,26.6,,,,,0.003,0.003,0.005,0.003,11.1,4.3,9
21/01/2024,01:00,150,1.7,16.0,0.5,26.3,,,,,0.005,0.009,0.014,0.002,14.0,4.7,17
21/01/2024,02:00,148,1.5,16.4,0.4,26.2,,,,,0.003,0.007,0.011,0.001,13.1,4.4,15
21/01/2024,03:00,155,1.4,16.6,0.4,26.2,,,,,0.003,0.007,0.010,0.001,14.8,4.7,13
21/01/2024,04:00,158,1.5,18.0,0.5,26.2,,,,,0.001,0.003,0.004,0.001,29.3,6.0,13
21/01/2024,05:00,159,1.4,29.2,0.5,26.4,,,,,0.002,0.002,0.004,0.001,36.9,6.9,15
21/01/2024,06:00,131,0.9,24.7,0.4,26.2,,,,,0.006,0.007,0.012,0.001,14.3,5.3,20
21/01/2024,07:00,129,1.9,20.8,0.7,28.1,,,,,0.005,0.003,0.008,0.001,17.2,6.0,15
21/01/2024,08:00,111,2.8,16.2,0.9,29.6,,,,,0.040,0.016,0.056,0.011,16.7,6.1,15
21/01/2024,09:00,109,3.3,16.4,0.9,30.6,,,,,0.030,0.007,0.037,0.010,12.4,4.9,11
21/01/2024,10:00,91,3.4,16.9,1.0,31.2,,,,,0.011,0.004,0.015,0.006,12.5,5.1,15
21/01/2024,11:00,80,3.3,16.0,0.9,31.3,,,,,0.021,0.006,0.026,0.009,12.6,4.7,11
21/01/2024,12:00,68,4.2,14.8,1.1,32.0,,,,,0.000,0.001,0.001,0.002,11.4,4.2,10
21/01/2024,13:00,69,4.4,16.2,1.3,32.0,,,,,0.001,0.000,0.002,0.001,10.6,4.1,9
21/01/2024,14:00,76,4.4,15.9,1.2,31.9,,,,,0.002,0.001,0.003,0.001,10.5,4.1,10
21/01/2024,15:00,78,4.1,15.9,1.1,31.8,,,,,0.000,0.000,0.000,0.001,11.9,4.3,10
21/01/2024,16:00,77,4.2,14.5,1.1,31.3,,,,,0.000,0.000,0.000,0.001,11.2,4.3,10
21/01/2024,17:00,83,3.6,14.8,1.1,30.4,,,,,0.000,0.001,0.001,0.001,12.8,4.7,11
21/01/2024,18:00,82,3.0,15.3,0.9,29.3,,,,,0.000,0.001,0.001,0.000,12.3,4.8,11
21/01/2024,19:00,90,2.3,15.8,0.7,28.7,,,,,0.000,0.001,0.001,0.000,12.1,4.8,11
21/01/2024,20:00,96,2.1,15.4,0.6,28.6,,,,,0.000,0.002,0.002,0.001,13.8,4.8,11
21/01/2024,21:00,103,2.4,14.9,0.8,28.5,,,,,0.000,0.001,0.001,0.001,13.5,4.6,10
21/01/2024,22:00,101,2.3,15.9,0.6,28.3,,,,,0.000,0.001,0.001,0.001,13.1,5.0,11
21/01/2024,23:00,92,2.3,15.1,0.6,28.2,,,,,0.000,0.001,0.001,0.001,12.9,4.7,11
22/01/2024,00:00,76,1.7,18.1,0.5,28.1,,,,,0.000,0.000,0.001,0.001,14.2,5.0,11
22/01/2024,01:00,85,1.5,16.6,0.4,28.0,,,,,0.000,0.000,0.000,0.000,14.9,4.9,8
22/01/2024,02:00,114,0.9,21.3,0.3,27.5,,,,,0.000,0.001,0.001,0.000,12.9,4.7,11
22/01/2024,03:00,224,0.3,22.0,0.2,26.4,,,,,0.001,0.003,0.004,0.000,14.3,5.0,13
22/01/2024,04:00,225,0.7,32.5,0.4,25.9,,,,,0.002,0.003,0.005,0.000,17.1,5.4,13
22/01/2024,05:00,265,1.1,29.3,0.4,25.5,,,,,0.002,0.003,0.005,0.000,12.5,5.0,13
22/01/2024,06:00,265,1.3,20.4,0.4,26.6,,,,,0.009,0.006,0.015,0.000,14.7,5.8,17
22/01/2024,07:00,132,0.8,32.4,0.5,29.7,,,,,0.035,0.006,0.040,0.013,16.4,5.5,15
22/01/2024,08:00,103,1.8,24.7,0.6,30.7,,,,,0.039,0.017,0.055,0.018,16.9,8.8,17
22/01/2024,09:00,59,3.3,17.7,1.0,31.1,,,,,0.002,0.002,0.004,0.003,13.0,4.2,10
22/01/2024,10:00,62,3.5,17.5,1.0,31.8,,,,,0.001,0.001,0.002,0.001,11.3,4.1,9
22/01/2024,11:00,68,4.4,15.6,1.2,32.0,,,,,0.000,0.000,0.000,0.000,9.9,3.8,8
22/01/2024,12:00,66,4.0,17.2,1.0,32.3,,,,,0.001,0.001,0.002,0.000,9.9,3.8,8
22/01/2024,13:00,68,3.7,18.0,1.0,32.6,,,,,0.002,0.002,0.004,0.000,11.0,3.9,9
22/01/2024,14:00,74,3.7,19.6,1.1,32.5,,,,,0.005,0.004,0.009,0.000,9.2,3.5,8
22/01/2024,15:00,77,3.7,17.4,0.9,32.4,,,,,0.006,0.004,0.010,0.000,9.3,3.6,8
22/01/2024,16:00,76,3.6,16.1,1.0,31.6,,,,,0.000,0.000,0.000,0.000,9.9,3.8,8
22/01/2024,17:00,79,3.3,15.9,1.0,30.8,,,,,0.000,0.000,0.000,0.000,10.0,3.6,8
22/01/2024,18:00,73,2.9,14.0,0.7,29.3,,,,,0.000,0.000,0.000,0.000,9.9,3.6,8
22/01/2024,19:00,64,2.0,16.5,0.6,28.5,,,,,0.000,0.000,0.000,0.000,10.3,3.8,8
22/01/2024,20:00,62,2.3,16.8,0.6,28.4,,,,,0.000,0.000,0.000,0.000,9.7,3.8,8
22/01/2024,21:00,74,2.3,15.9,0.7,28.4,,,,,0.000,0.000,0.000,0.000,10.9,3.8,8
22/01/2024,22:00,73,1.9,16.4,0.6,28.3,,,,,0.000,0.000,0.000,0.000,10.3,3.6,7
22/01/2024,23:00,92,1.5,16.0,0.4,28.2,,,,,0.000,0.000,0.000,0.000,9.2,3.6,7
23/01/2024,00:00,118,1.4,16.2,0.4,27.8,,,,,0.000,0.001,0.001,0.000,9.9,3.7,8
23/01/2024,01:00,130,1.1,16.0,0.3,27.3,,,,,0.002,0.004,0.006,0.000,10.6,3.8,8
23/01/2024,02:00,149,1.1,18.5,0.3,26.9,,,,,0.001,0.005,0.006,0.000,11.4,4.0,14
23/01/2024,03:00,149,1.6,15.4,0.5,26.6,,,,,0.003,0.005,0.008,0.001,10.6,3.9,11
23/01/2024,04:00,145,1.7,16.6,0.5,26.4,,,,,0.007,0.010,0.017,0.001,9.5,3.9,19
23/01/2024,05:00,151,1.7,16.7,0.5,26.4,,,,,0.007,0.008,0.015,0.000,11.6,3.9,17
23/01/2024,06:00,155,1.8,18.0,0.6,27.5,,,,,0.009,0.004,0.013,0.000,12.5,3.9,9
23/01/2024,07:00,127,2.8,18.2,0.9,29.3,,,,,0.010,0.007,0.017,0.001,10.3,3.7,9
23/01/2024,08:00,118,4.0,17.5,1.1,30.1,,,,,0.008,0.003,0.011,0.005,10.7,4.0,9
23/01/2024,09:00,103,4.9,16.6,1.4,31.7,,,,,0.005,0.003,0.008,0.005,13.2,3.7,7
23/01/2024,10:00,88,4.9,15.7,1.3,32.7,,,,,0.011,0.006,0.017,0.004,13.8,4.0,9
23/01/2024,11:00,74,5.2,15.8,1.4,32.6,,,,,0.003,0.003,0.007,0.002,15.8,5.0,12
23/01/2024,12:00,77,5.5,15.5,1.6,32.8,,,,,0.005,0.002,0.007,0.002,16.4,5.4,14
23/01/2024,13:00,80,5.7,15.6,1.7,32.8,,,,,0.000,0.000,0.000,0.002,14.4,4.9,12
23/01/2024,14:00,82,5.6,14.8,1.6,32.3,,,,,0.002,0.002,0.005,0.002,15.9,5.8,16
23/01/2024,15:00,87,6.0,14.8,1.6,31.7,,,,,0.000,0.000,0.001,0.002,16.4,5.6,15
23/01/2024,16:00,92,6.1,15.0,1.6,30.6,,,,,0.000,0.000,0.000,0.001,18.0,5.9,16
23/01/2024,17:00,97,5.7,14.1,1.6,30.2,,,,,0.000,0.000,0.000,0.001,32.2,12.1,37
23/01/2024,18:00,98,4.8,14.3,1.4,29.8,,,,,0.000,0.001,0.001,0.001,31.4,12.4,38
23/01/2024,19:00,105,4.8,15.4,1.5,29.4,,,,,0.003,0.007,0.010,0.002,33.4,12.5,38
23/01/2024,20:00,109,4.8,15.4,1.4,29.1,,,,,0.032,0.014,0.046,0.013,30.9,12.1,36
23/01/2024,21:00,114,4.2,16.2,1.3,28.9,,,,,0.054,0.020,0.074,0.025,32.0,12.3,37
23/01/2024,22:00,127,3.6,16.3,1.0,28.4,,,,,0.011,0.006,0.016,0.011,28.7,11.3,34
23/01/2024,23:00,131,3.3,17.0,1.1,27.9,,,,,0.000,0.003,0.003,0.002,26.0,10.3,31
24/01/2024,00:00,132,3.0,17.5,0.9,27.6,,,,,0.001,0.003,0.004,0.002,27.6,10.8,33
24/01/2024,01:00,134,3.1,17.8,0.9,27.3,,,,,0.000,0.004,0.004,0.003,27.4,11.2,27
24/01/2024,02:00,134,2.7,16.4,0.9,26.8,,,,,0.000,0.001,0.001,0.001,27.8,11.1,34
24/01/2024,03:00,138,2.9,14.7,0.9,26.8,,,,,0.000,0.005,0.006,0.000,27.2,11.5,37
24/01/2024,04:00,141,2.3,18.7,0.8,26.7,,,,,0.001,0.009,0.010,0.000,24.2,9.7,32
24/01/2024,05:00,144,2.1,21.5,0.8,26.6,,,,,0.002,0.011,0.013,0.000,29.3,10.0,32
24/01/2024,06:00,139,2.4,22.4,0.8,27.1,,,,,0.019,0.016,0.035,0.000,29.3,10.1,30
24/01/2024,07:00,129,3.6,18.8,1.0,28.2,,,,,0.003,0.005,0.008,0.000,28.7,9.9,28
24/01/2024,08:00,120,4.7,16.6,1.4,29.4,,,,,0.001,0.001,0.002,0.000,25.9,9.2,26
24/01/2024,09:00,117,5.2,17.0,1.5,30.6,,,,,0.008,0.003,0.011,0.001,23.5,8.8,25
24/01/2024,10:00,111,4.6,16.0,1.3,31.4,,,,,0.002,0.002,0.004,0.005,23.5,8.9,26
24/01/2024,11:00,102,5.5,16.8,1.6,32.0,,,,,0.003,0.003,0.007,0.004,23.8,7.5,20
24/01/2024,12:00,96,6.2,14.5,1.7,32.8,,,,,0.008,0.007,0.015,0.004,24.7,6.8,17
24/01/2024,13:00,85,6.2,15.1,1.7,32.2,,,,,0.009,0.003,0.012,0.002,27.3,8.3,22
24/01/2024,14:00,91,5.7,15.5,1.6,32.4,,,,,0.007,0.004,0.011,0.003,31.5,8.2,22
24/01/2024,15:00,86,6.2,14.7,1.8,31.5,,,,,0.000,0.001,0.001,0.002,27.5,8.6,23
24/01/2024,16:00,90,5.7,15.4,1.6,30.5,,,,,0.000,0.001,0.001,0.002,30.0,9.6,26
24/01/2024,17:00,96,5.7,14.6,1.7,29.2,,,,,0.000,0.000,0.000,0.002,29.1,9.2,25
24/01/2024,18:00,98,5.8,13.9,1.7,28.6,,,,,0.000,0.000,0.000,0.001,27.8,8.9,24
24/01/2024,19:00,105,5.4,15.0,1.7,28.2,,,,,0.000,0.004,0.004,0.001,27.2,8.7,23
24/01/2024,20:00,110,5.0,15.4,1.5,28.1,,,,,0.008,0.012,0.020,0.005,24.7,8.6,23
24/01/2024,21:00,125,3.7,16.0,1.1,27.9,,,,,0.007,0.010,0.017,0.007,23.7,8.7,23
24/01/2024,22:00,127,4.2,15.7,1.2,27.4,,,,,0.001,0.003,0.004,0.004,22.2,8.3,22
24/01/2024,23:00,129,3.2,16.2,1.0,26.9,,,,,0.000,0.003,0.003,0.005,23.0,8.1,22
25/01/2024,00:00,133,2.7,17.4,1.0,26.5,,,,,0.004,0.008,0.013,0.007,24.1,8.2,23
25/01/2024,01:00,136,2.5,16.4,0.8,25.7,,,,,0.001,0.008,0.009,0.002,21.7,8.3,19
25/01/2024,02:00,146,2.3,17.8,0.8,25.4,,,,,0.001,0.007,0.008,0.001,25.3,8.0,21
25/01/2024,03:00,148,1.9,19.4,0.6,25.1,,,,,0.001,0.010,0.011,0.000,23.8,7.6,22
25/01/2024,04:00,135,2.4,17.1,0.8,25.0,,,,,0.001,0.007,0.007,0.000,26.0,7.6,21
25/01/2024,05:00,136,2.6,17.3,0.8,25.3,,,,,0.002,0.008,0.011,0.000,22.4,7.9,24
25/01/2024,06:00,131,3.5,15.7,1.0,26.4,,,,,0.006,0.008,0.014,0.000,21.6,7.9,21
25/01/2024,07:00,127,3.5,18.0,1.1,27.4,,,,,0.005,0.005,0.010,0.000,23.2,8.3,22
25/01/2024,08:00,115,3.8,17.3,1.0,28.3,,,,,0.015,0.010,0.025,0.008,28.2,9.0,24
25/01/2024,09:00,113,4.5,17.2,1.5,28.9,,,,,0.037,0.022,0.060,0.017,29.6,10.2,26
25/01/2024,10:00,111,5.3,16.3,1.6,28.9,,,,,0.023,0.012,0.036,0.017,26.7,9.0,24
25/01/2024,11:00,108,4.9,15.0,1.3,28.8,,,,,0.029,0.018,0.047,0.010,27.0,9.6,25
25/01/2024,12:00,105,5.1,14.0,1.3,27.9,,,,,0.006,0.006,0.012,0.006,26.2,9.1,24
25/01/2024,13:00,107,4.2,16.2,1.3,27.5,,,,,0.031,0.012,0.042,0.012,24.3,9.1,24
25/01/2024,14:00,97,5.4,15.3,1.5,28.4,,,,,0.007,0.006,0.013,0.004,24.8,8.9,24
25/01/2024,15:00,96,5.3,14.1,1.4,28.7,,,,,0.000,0.000,0.000,0.002,26.1,8.9,23
25/01/2024,16:00,103,5.6,14.4,1.5,28.6,,,,,0.000,0.000,0.000,0.001,27.1,8.2,21
25/01/2024,17:00,108,5.3,13.4,1.5,28.5,,,,,0.033,0.012,0.045,0.011,24.0,8.4,21
25/01/2024,18:00,109,4.1,15.9,1.2,27.7,,,,,0.097,0.017,0.114,0.035,24.9,9.1,23
25/01/2024,19:00,119,3.4,16.0,1.0,26.4,,,,,0.071,0.014,0.085,0.027,22.1,8.8,23
25/01/2024,20:00,129,2.5,16.6,0.8,25.9,,,,,0.001,0.003,0.004,0.006,19.5,7.9,22
25/01/2024,21:00,124,2.3,17.1,0.7,25.8,,,,,0.001,0.003,0.004,0.003,16.8,7.0,20
25/01/2024,22:00,104,1.8,21.0,0.6,26.1,,,,,0.014,0.010,0.024,0.005,14.4,6.2,19
25/01/2024,23:00,94,2.2,19.8,0.7,26.5,,,,,0.001,0.003,0.004,0.004,11.0,4.8,14
26/01/2024,00:00,107,2.5,16.0,0.8,27.1,,,,,0.000,0.003,0.003,0.001,15.4,6.2,17
26/01/2024,01:00,100,2.6,13.8,0.7,27.3,,,,,0.001,0.005,0.005,0.001,15.4,5.6,9
26/01/2024,02:00,82,2.2,17.5,0.7,27.1,,,,,0.000,0.003,0.003,0.001,12.4,4.8,11
26/01/2024,03:00,88,2.1,14.6,0.6,26.9,,,,,0.000,0.001,0.001,0.000,12.0,4.6,11
26/01/2024,04:00,114,1.6,13.8,0.5,27.0,,,,,0.000,0.003,0.003,0.000,11.1,4.2,10
26/01/2024,05:00,66,0.7,40.4,0.4,26.8,,,,,0.000,0.002,0.002,0.000,11.3,4.5,11
26/01/2024,06:00,357,0.2,25.3,0.1,26.9,,,,,0.000,0.002,0.002,0.000,13.0,4.8,13
26/01/2024,07:00,26,0.9,34.9,0.5,29.1,,,,,0.003,0.003,0.006,0.001,23.6,7.5,21
26/01/2024,08:00,345,1.5,29.8,0.7,30.9,,,,,0.007,0.004,0.011,0.002,26.7,9.0,26
26/01/2024,09:00,335,1.7,33.8,0.7,31.8,,,,,0.005,0.003,0.008,0.002,23.8,8.6,25
26/01/2024,10:00,350,2.0,28.0,0.9,32.5,,,,,0.006,0.004,0.010,0.003,21.1,8.0,24
26/01/2024,11:00,352,2.5,26.5,1.1,33.0,,,,,0.003,0.002,0.005,0.003,19.1,7.6,22
26/01/2024,12:00,3,2.5,25.3,1.0,33.5,,,,,0.010,0.006,0.016,0.003,18.2,7.2,20
26/01/2024,13:00,18,2.6,24.9,1.0,33.9,,,,,0.003,0.002,0.005,0.003,20.4,7.7,20
26/01/2024,14:00,18,2.6,24.0,0.9,33.5,,,,,0.002,0.001,0.003,0.003,19.3,7.5,20
26/01/2024,15:00,14,2.3,25.8,0.9,33.4,,,,,0.001,0.001,0.002,0.003,20.7,7.7,21
26/01/2024,16:00,20,2.5,20.3,1.0,32.5,,,,,0.006,0.003,0.009,0.003,21.0,7.9,23
26/01/2024,17:00,13,2.4,19.6,0.9,31.3,,,,,0.000,0.000,0.000,0.003,21.1,7.9,23
26/01/2024,18:00,14,2.1,20.2,0.8,29.6,,,,,0.000,0.000,0.001,0.002,24.4,9.2,26
26/01/2024,19:00,6,1.4,22.6,0.6,29.0,,,,,0.002,0.005,0.007,0.002,28.8,10.2,28
26/01/2024,20:00,5,0.9,23.8,0.4,28.5,,,,,0.001,0.004,0.005,0.001,27.4,10.4,29
26/01/2024,21:00,16,0.9,26.0,0.4,28.3,,,,,0.000,0.001,0.001,0.002,26.4,10.0,28
26/01/2024,22:00,11,1.0,24.0,0.4,28.1,,,,,0.000,0.001,0.001,0.002,26.9,9.8,27
26/01/2024,23:00,347,0.6,26.1,0.3,27.7,,,,,0.000,0.003,0.003,0.002,27.4,9.5,27
27/01/2024,00:00,354,0.7,31.2,0.4,27.5,,,,,0.000,0.002,0.002,0.001,24.3,9.3,26
27/01/2024,01:00,331,0.8,17.3,0.3,27.2,,,,,0.000,0.002,0.002,0.002,23.4,9.1,18
27/01/2024,02:00,327,0.4,35.4,0.2,27.0,,,,,0.000,0.001,0.001,0.002,21.6,8.5,24
27/01/2024,03:00,28,0.3,30.4,0.2,26.9,,,,,0.000,0.001,0.001,0.002,21.1,8.3,23
27/01/2024,04:00,81,0.3,37.8,0.2,26.6,,,,,0.000,0.002,0.002,0.001,19.3,7.8,22
27/01/2024,05:00,61,0.2,37.7,0.2,26.6,,,,,0.001,0.002,0.003,0.001,20.6,7.6,22
27/01/2024,06:00,40,0.3,41.3,0.2,28.1,,,,,0.000,0.001,0.001,0.001,20.7,8.1,22
27/01/2024,07:00,70,1.0,22.5,0.3,29.6,,,,,0.000,0.001,0.001,0.002,46.0,9.9,27
27/01/2024,08:00,37,1.9,25.0,0.8,31.8,,,,,0.000,0.000,0.001,0.002,24.0,8.3,23
27/01/2024,09:00,32,2.3,25.1,0.8,33.0,,,,,0.000,0.000,0.000,0.003,18.7,7.2,19
27/01/2024,10:00,32,2.6,23.8,1.0,33.8,,,,,0.000,0.000,0.001,0.004,17.7,6.6,17
27/01/2024,11:00,39,2.6,22.9,1.0,33.2,,,,,0.000,0.000,0.000,0.003,18.6,7.2,20
27/01/2024,12:00,46,1.9,23.2,0.8,30.7,,,,,0.001,0.001,0.001,0.002,17.9,6.8,18
27/01/2024,13:00,21,1.9,23.0,0.7,29.8,,,,,0.000,0.000,0.000,0.002,17.1,6.5,17
27/01/2024,14:00,51,2.2,19.0,0.8,30.8,,,,,0.001,0.001,0.001,0.003,20.3,7.7,21
27/01/2024,15:00,41,2.3,21.5,0.8,30.9,,,,,0.000,0.000,0.000,0.003,19.4,7.3,19
27/01/2024,16:00,32,2.4,20.8,0.8,30.6,,,,,0.000,0.000,0.000,0.003,21.9,8.1,22
27/01/2024,17:00,22,1.9,18.9,0.7,29.6,,,,,0.000,0.000,0.000,0.002,23.8,9.0,25
27/01/2024,18:00,24,1.7,19.3,0.7,29.1,,,,,0.000,0.000,0.000,0.002,22.1,8.2,22
27/01/2024,19:00,25,1.3,18.8,0.4,28.5,,,,,0.000,0.000,0.000,0.001,18.4,7.2,19
27/01/2024,20:00,26,1.0,20.4,0.3,28.4,,,,,0.000,0.000,0.000,0.001,21.7,8.1,22
27/01/2024,21:00,17,1.3,20.2,0.5,28.5,,,,,0.000,0.000,0.000,0.001,24.1,9.4,26
27/01/2024,22:00,19,1.3,20.6,0.5,28.6,,,,,0.000,0.000,0.000,0.001,28.5,9.8,27
27/01/2024,23:00,11,1.0,27.3,0.5,28.2,,,,,0.000,0.001,0.002,0.001,25.5,9.5,26
28/01/2024,00:00,354,0.6,34.7,0.3,28.0,,,,,0.000,0.003,0.003,0.001,25.0,9.7,27
28/01/2024,01:00,358,0.8,24.5,0.3,27.9,,,,,0.000,0.001,0.002,0.002,23.5,9.1,18
28/01/2024,02:00,351,0.7,25.1,0.3,27.9,,,,,0.000,0.001,0.002,0.001,24.1,9.4,26
28/01/2024,03:00,1,0.4,43.7,0.2,27.8,,,,,0.000,0.000,0.000,0.001,24.9,9.7,27
28/01/2024,04:00,10,0.2,21.3,0.2,27.6,,,,,0.000,0.001,0.001,0.001,23.4,9.1,25
28/01/2024,05:00,161,0.2,30.2,0.1,27.5,,,,,0.001,0.002,0.004,0.001,21.5,8.7,24
28/01/2024,06:00,229,0.1,46.5,0.1,28.0,,,,,0.002,0.003,0.005,0.001,22.1,8.2,23
28/01/2024,07:00,355,0.7,35.1,0.3,29.4,,,,,0.001,0.002,0.003,0.001,26.2,10.1,27
28/01/2024,08:00,306,1.0,27.5,0.5,30.7,,,,,0.001,0.001,0.003,0.002,24.3,9.4,27
28/01/2024,09:00,352,1.9,28.3,0.8,32.3,,,,,0.003,0.001,0.004,0.003,20.9,8.1,24
28/01/2024,10:00,8,2.2,26.3,0.9,33.9,,,,,0.007,0.003,0.010,0.004,21.4,8.0,22
28/01/2024,11:00,13,2.5,21.4,1.0,33.2,,,,,0.002,0.001,0.003,0.003,21.0,7.9,22
28/01/2024,12:00,349,2.6,26.9,1.0,33.9,,,,,0.008,0.003,0.010,0.002,21.7,8.1,22
28/01/2024,13:00,351,2.2,29.4,1.0,34.2,,,,,0.002,0.001,0.003,0.003,20.8,7.8,20
28/01/2024,14:00,12,2.0,26.3,0.9,35.0,,,,,0.004,0.002,0.006,0.003,19.1,7.3,18
28/01/2024,15:00,46,2.8,20.8,1.1,32.7,,,,,0.000,0.000,0.000,0.002,22.8,9.0,27
28/01/2024,16:00,42,2.6,20.9,0.9,32.0,,,,,0.000,0.000,0.000,0.002,25.8,10.0,29
28/01/2024,17:00,28,2.0,21.7,0.7,30.7,,,,,0.000,0.000,0.000,0.002,29.0,10.9,31
28/01/2024,18:00,42,1.5,19.3,0.5,29.7,,,,,0.000,0.000,0.000,0.002,27.9,11.4,33
28/01/2024,19:00,72,2.1,16.4,0.7,29.3,,,,,0.000,0.000,0.000,0.002,28.8,11.6,33
28/01/2024,20:00,68,2.3,14.8,0.6,29.1,,,,,0.000,0.001,0.001,0.001,27.2,11.3,33
28/01/2024,21:00,59,1.7,17.9,0.6,29.1,,,,,0.000,0.000,0.000,0.001,28.5,11.9,34
28/01/2024,22:00,68,1.9,15.7,0.5,29.1,,,,,0.000,0.000,0.000,0.002,28.1,11.9,35
28/01/2024,23:00,68,2.3,15.5,0.7,29.1,,,,,0.000,0.000,0.000,0.002,28.0,11.7,34
29/01/2024,00:00,86,2.4,14.9,0.7,29.1,,,,,0.000,0.000,0.000,0.002,28.0,11.5,34
29/01/2024,01:00,95,2.1,15.0,0.6,29.0,,,,,0.000,0.001,0.001,0.002,26.8,11.2,23
29/01/2024,02:00,38,0.8,21.6,0.3,27.9,,,,,0.000,0.001,0.001,0.001,14.3,5.3,14
29/01/2024,03:00,87,1.0,25.6,0.4,27.2,,,,,0.000,0.001,0.001,0.001,8.4,3.1,7
29/01/2024,04:00,263,0.8,15.1,0.2,27.0,,,,,0.001,0.004,0.005,0.001,10.7,3.3,8
29/01/2024,05:00,48,0.2,34.3,0.2,27.0,,,,,0.003,0.007,0.009,0.001,10.4,3.4,9
29/01/2024,06:00,140,1.0,22.7,0.4,27.1,,,,,0.004,0.006,0.010,0.001,8.7,3.4,9
29/01/2024,07:00,103,0.6,33.4,0.4,27.5,,,,,0.004,0.005,0.009,0.001,9.5,4.0,14
29/01/2024,08:00,24,0.3,51.4,0.2,27.4,,,,,0.001,0.003,0.004,0.001,10.2,4.3,11
29/01/2024,09:00,65,0.6,46.0,0.3,28.0,,,,,0.001,0.002,0.002,0.001,10.1,4.4,12
29/01/2024,10:00,59,0.7,24.7,0.4,29.2,,,,,0.002,0.002,0.005,0.001,8.4,3.9,10
29/01/2024,11:00,83,1.2,39.1,0.5,33.2,,,,,0.010,0.006,0.016,0.002,11.9,4.8,12
29/01/2024,12:00,77,3.2,16.0,0.8,32.3,,,,,0.004,0.003,0.007,0.003,13.2,5.4,15
29/01/2024,13:00,88,3.6,15.3,1.0,31.7,,,,,0.000,0.001,0.001,0.003,14.5,6.2,17
29/01/2024,14:00,94,3.5,14.9,0.9,32.1,,,,,0.000,0.000,0.000,0.003,12.2,5.4,15
29/01/2024,15:00,98,3.4,14.8,0.8,31.6,,,,,0.000,0.000,0.000,0.002,12.9,5.7,16
29/01/2024,16:00,74,2.3,20.8,0.9,32.0,,,,,0.000,0.000,0.000,0.002,14.0,6.0,16
29/01/2024,17:00,43,2.0,16.3,0.6,31.2,,,,,0.000,0.000,0.001,0.002,12.8,5.5,15
29/01/2024,18:00,54,1.5,18.1,0.5,29.9,,,,,0.000,0.001,0.001,0.001,12.5,5.6,15
29/01/2024,19:00,62,1.3,16.4,0.5,29.3,,,,,0.000,0.001,0.001,0.001,14.1,5.7,16
29/01/2024,20:00,66,1.4,16.7,0.4,29.1,,,,,0.000,0.000,0.000,0.001,13.3,5.9,16
29/01/2024,21:00,72,1.5,16.4,0.5,29.1,,,,,0.000,0.000,0.000,0.001,14.3,6.0,17
29/01/2024,22:00,77,1.9,15.9,0.5,29.0,,,,,0.000,0.000,0.001,0.001,14.0,5.8,16
29/01/2024,23:00,69,1.6,14.3,0.5,28.9,,,,,0.000,0.000,0.000,0.001,13.3,5.7,16
30/01/2024,00:00,35,0.7,22.8,0.3,28.5,,,,,0.000,0.000,0.000,0.001,13.7,5.8,17
30/01/2024,01:00,4,0.4,17.4,0.1,28.3,,,,,0.000,0.001,0.001,0.001,15.7,5.8,14
30/01/2024,02:00,310,0.7,15.4,0.2,28.0,,,,,0.000,0.001,0.001,0.001,16.2,5.9,17
30/01/2024,03:00,286,0.7,17.4,0.2,27.7,,,,,0.000,0.001,0.002,0.000,15.9,6.2,18
30/01/2024,04:00,267,0.9,21.2,0.2,27.5,,,,,0.002,0.002,0.004,0.000,17.4,6.0,17
30/01/2024,05:00,228,3.1,12.7,0.7,27.3,,,,,0.002,0.002,0.004,0.000,14.7,5.2,14
30/01/2024,06:00,233,1.6,17.1,0.6,25.0,,,,,0.001,0.003,0.004,0.000,12.7,2.5,5
30/01/2024,07:00,121,0.3,22.0,0.3,25.7,,,,,0.001,0.004,0.005,0.000,9.9,2.1,4
30/01/2024,08:00,222,1.8,23.5,0.6,26.5,,,,,0.003,0.006,0.009,0.000,15.0,3.2,7
30/01/2024,09:00,242,1.5,21.5,0.5,27.2,,,,,0.002,0.003,0.004,0.001,9.3,1.9,4
30/01/2024,10:00,144,0.9,16.1,0.4,28.1,,,,,0.001,0.002,0.003,0.001,6.9,1.7,3
30/01/2024,11:00,133,1.4,18.9,0.4,29.2,,,,,0.014,0.007,0.021,0.004,7.0,1.6,4
30/01/2024,12:00,109,0.9,27.5,0.4,30.1,,,,,0.040,0.020,0.060,0.024,8.2,2.3,5
30/01/2024,13:00,71,1.1,28.1,0.5,30.8,,,,,0.023,0.018,0.041,0.018,11.6,3.0,7
30/01/2024,14:00,66,2.2,21.3,0.7,30.9,,,,,0.012,0.012,0.025,0.016,10.2,2.7,6
30/01/2024,15:00,66,3.3,15.9,0.8,31.2,,,,,0.005,0.006,0.011,0.010,9.8,2.0,4
30/01/2024,16:00,65,3.3,16.3,0.8,30.9,,,,,0.001,0.002,0.003,0.004,6.1,0.8,2
30/01/2024,17:00,79,2.6,16.3,0.8,30.2,,,,,0.000,0.001,0.001,0.002,3.5,0.6,1
30/01/2024,18:00,83,1.8,13.6,0.5,28.9,,,,,0.000,0.001,0.001,0.001,3.0,0.8,2
30/01/2024,19:00,82,1.0,20.6,0.3,28.3,,,,,0.000,0.002,0.002,0.000,6.5,0.9,2
30/01/2024,20:00,106,1.0,21.2,0.3,28.3,,,,,0.000,0.003,0.003,0.000,5.8,1.3,2
30/01/2024,21:00,241,2.1,40.1,0.9,24.4,,,,,0.000,0.005,0.005,0.000,11.8,3.3,6
30/01/2024,22:00,347,0.7,18.4,0.3,23.8,,,,,0.000,0.005,0.005,0.000,14.8,3.7,7
30/01/2024,23:00,69,0.3,26.9,0.2,23.8,,,,,0.000,0.003,0.003,0.000,10.8,3.1,6
31/01/2024,00:00,265,1.2,15.6,0.3,23.8,,,,,0.000,0.004,0.004,0.000,12.6,3.8,8
31/01/2024,01:00,257,2.5,10.6,0.5,24.0,,,,,0.000,0.007,0.008,0.001,13.5,4.6,13
31/01/2024,02:00,250,1.6,23.3,0.5,24.3,,,,,0.000,0.005,0.006,0.000,13.3,4.3,12
31/01/2024,03:00,250,1.8,14.5,0.5,24.3,,,,,0.000,0.002,0.002,0.000,11.7,3.4,7
31/01/2024,04:00,243,1.9,13.1,0.5,24.6,,,,,0.000,0.002,0.002,0.000,10.6,3.0,5
31/01/2024,05:00,240,2.8,9.8,0.5,24.8,,,,,0.002,0.002,0.004,0.000,11.0,3.3,7
31/01/2024,06:00,243,2.4,10.9,0.5,25.0,,,,,0.003,0.004,0.007,0.000,14.7,3.9,8
31/01/2024,07:00,244,3.0,13.1,0.6,25.8,,,,,0.002,0.001,0.003,0.000,13.2,3.9,8
31/01/2024,08:00,187,2.2,23.6,0.9,27.9,,,,,0.005,0.003,0.008,0.002,19.2,5.5,14
31/01/2024,09:00,144,2.1,25.3,0.8,29.0,,,,,0.004,0.003,0.006,0.004,21.0,6.0,16
31/01/2024,10:00,170,1.5,36.1,0.7,30.1,,,,,0.004,0.003,0.006,0.005,18.5,5.7,16
31/01/2024,11:00,226,1.8,27.7,0.7,30.6,,,,,0.004,0.002,0.007,0.007,14.8,5.4,14
31/01/2024,12:00,228,1.7,28.4,0.7,31.9,,,,,,,,,,,
31/01/2024,13:00,218,2.2,27.3,0.9,33.0,,,,,0.001,0.001,0.002,0.002,12.4,4.7,12
31/01/2024,14:00,159,2.2,28.8,0.9,32.8,,,,,0.005,0.004,0.009,0.005,14.3,5.1,13
31/01/2024,15:00,142,2.7,19.5,0.8,32.9,,,,,0.003,0.002,0.005,0.003,14.2,5.1,13
31/01/2024,16:00,81,2.6,17.2,0.8,32.5,,,,,0.005,0.005,0.009,0.004,14.2,5.2,14
31/01/2024,17:00,76,2.5,14.7,0.8,31.0,,,,,0.000,0.001,0.001,0.002,19.5,6.0,16
31/01/2024,18:00,49,1.0,34.0,0.5,29.7,,,,,0.000,0.002,0.002,0.002,19.6,6.8,19
31/01/2024,19:00,117,1.5,16.6,0.5,29.7,,,,,0.000,0.007,0.007,0.001,19.0,6.6,19
31/01/2024,20:00,128,3.3,17.5,1.1,29.2,,,,,0.000,0.002,0.002,0.000,15.7,4.9,12
31/01/2024,21:00,126,2.7,17.8,0.9,28.2,,,,,0.000,0.003,0.003,0.000,12.3,4.1,9
31/01/2024,22:00,131,3.1,18.7,1.1,27.5,,,,,0.000,0.003,0.003,0.000,13.2,4.7,12
31/01/2024,23:00,135,2.1,17.1,0.7,26.7,,,,,0.000,0.005,0.005,0.000,16.7,5.8,15
01/02/2024,00:00,147,3.0,17.7,0.9,26.3,,,,,0.000,0.002,0.003,0.000,22.7,6.5,16
01/02/2024,01:00,161,1.9,22.9,0.7,25.9,,,,,0.001,0.003,0.004,0.001,23.5,7.2,14
01/02/2024,02:00,184,2.1,20.8,1.0,25.6,,,,,0.002,0.004,0.006,0.002,27.5,7.7,18
01/02/2024,03:00,191,2.5,24.8,0.9,25.3,,,,,0.002,0.004,0.006,0.002,26.9,7.8,20
01/02/2024,04:00,189,2.1,26.6,0.9,25.4,,,,,0.005,0.006,0.010,0.004,31.6,8.2,20
01/02/2024,05:00,229,2.1,17.9,0.6,24.8,,,,,0.006,0.006,0.011,0.006,20.7,7.0,18
01/02/2024,06:00,233,2.1,17.6,0.6,25.0,,,,,0.004,0.003,0.007,0.003,18.5,6.7,17
01/02/2024,07:00,147,2.9,18.7,0.9,27.2,,,,,0.002,0.002,0.004,0.002,27.0,7.0,16
01/02/2024,08:00,165,2.9,27.3,1.2,28.8,,,,,0.005,0.003,0.008,0.004,26.2,6.9,16
01/02/2024,09:00,162,3.0,25.3,1.2,29.7,,,,,0.005,0.002,0.007,0.005,21.1,6.3,15
01/02/2024,10:00,153,2.5,25.1,1.0,29.9,,,,,0.003,0.002,0.005,0.005,19.5,5.5,14
01/02/2024,11:00,131,3.5,19.5,1.2,30.6,,,,,,,,,,,
01/02/2024,12:00,137,3.2,21.1,1.1,31.1,,,,,,,,,,,
01/02/2024,13:00,141,2.9,19.4,0.8,31.3,,,,,,,,,,,
01/02/2024,14:00,117,3.1,17.6,0.8,31.9,,,,,,,,,,,
01/02/2024,15:00,123,3.2,20.0,1.0,32.6,,,,,0.001,0.001,0.002,0.001,12.3,4.5,10
01/02/2024,16:00,105,3.5,16.5,1.0,31.9,,,,,0.015,0.008,0.022,0.006,13.7,4.5,10
01/02/2024,17:00,86,4.1,15.1,1.1,29.6,,,,,0.002,0.002,0.004,0.004,16.7,5.6,14
01/02/2024,18:00,98,3.2,15.0,1.0,28.7,,,,,0.001,0.004,0.005,0.002,19.4,6.5,16
01/02/2024,19:00,106,3.4,15.7,1.0,28.1,,,,,0.000,0.003,0.003,0.002,24.6,7.9,19
01/02/2024,20:00,114,3.0,16.7,0.9,27.5,,,,,0.043,0.012,0.055,0.014,25.4,8.5,21
01/02/2024,21:00,123,2.7,15.5,0.9,27.0,,,,,0.001,0.003,0.003,0.007,24.6,8.1,19
01/02/2024,22:00,128,2.8,17.0,0.8,26.6,,,,,0.000,0.002,0.003,0.002,20.2,6.9,17
01/02/2024,23:00,145,2.9,17.1,1.0,26.2,,,,,0.001,0.005,0.006,0.001,20.2,6.0,14
02/02/2024,00:00,147,2.7,16.3,0.9,25.7,,,,,0.000,0.001,0.001,0.001,19.7,6.0,14
02/02/2024,01:00,142,2.3,16.2,0.8,25.2,,,,,0.002,0.007,0.009,0.002,22.3,7.8,19
02/02/2024,02:00,145,2.7,13.8,0.7,24.9,,,,,0.001,0.005,0.006,0.001,21.6,6.8,17
02/02/2024,03:00,145,2.8,15.3,0.8,24.9,,,,,0.001,0.002,0.002,0.001,22.3,6.1,14
02/02/2024,04:00,152,3.0,19.0,1.0,25.0,,,,,0.002,0.003,0.005,0.001,27.1,6.9,16
02/02/2024,05:00,165,2.9,19.0,1.0,24.9,,,,,0.002,0.004,0.006,0.001,31.3,7.2,17
02/02/2024,06:00,194,3.9,14.6,0.9,25.3,,,,,0.010,0.005,0.015,0.011,21.7,6.9,18
02/02/2024,07:00,188,3.4,15.8,1.0,26.3,,,,,0.014,0.006,0.021,0.022,20.1,6.8,17
02/02/2024,08:00,149,3.1,20.8,1.0,27.9,,,,,0.002,0.002,0.003,0.004,19.4,5.5,12
02/02/2024,09:00,140,2.9,24.7,1.0,29.3,,,,,0.002,0.002,0.004,0.002,15.5,5.0,10
02/02/2024,10:00,120,2.1,29.2,1.0,30.4,,,,,,,,,13.9,4.8,
02/02/2024,11:00,60,4.2,14.4,1.1,29.9,,,,,,,,,,,
02/02/2024,12:00,61,3.9,16.4,1.0,30.5,,,,,0.002,0.001,0.002,0.001,15.7,6.5,12
02/02/2024,13:00,67,3.5,18.2,0.9,31.2,,,,,0.000,0.001,0.001,0.002,13.4,5.2,11
02/02/2024,14:00,74,3.3,17.8,0.9,31.3,,,,,0.002,0.002,0.003,0.001,14.8,5.6,13
02/02/2024,15:00,81,3.5,16.1,1.0,30.9,,,,,0.000,0.000,0.000,0.001,14.5,5.3,12
02/02/2024,16:00,82,3.2,16.8,0.8,30.4,,,,,0.000,0.000,0.000,0.000,14.9,5.2,12
02/02/2024,17:00,77,2.6,17.9,0.7,29.8,,,,,0.000,0.000,0.000,0.000,14.1,5.1,12
02/02/2024,18:00,39,1.1,18.6,0.4,27.8,,,,,0.000,0.000,0.000,0.000,16.2,5.1,12
02/02/2024,19:00,14,0.4,23.8,0.2,26.2,,,,,0.000,0.001,0.001,0.000,18.9,5.5,13
02/02/2024,20:00,283,0.5,13.6,0.1,24.7,,,,,0.002,0.005,0.008,0.000,19.4,5.7,13
02/02/2024,21:00,298,0.5,20.9,0.1,24.4,,,,,0.003,0.006,0.008,0.000,16.1,5.3,13
02/02/2024,22:00,295,0.7,9.7,0.1,23.5,,,,,0.003,0.005,0.009,0.000,16.3,5.1,12
02/02/2024,23:00,288,1.2,9.7,0.2,23.4,,,,,0.000,0.003,0.003,0.000,15.9,5.1,12
03/02/2024,00:00,278,1.6,12.3,0.3,23.1,,,,,0.001,0.003,0.004,0.000,14.4,5.0,12
03/02/2024,01:00,272,2.0,10.9,0.3,23.0,,,,,0.002,0.004,0.006,0.001,14.1,4.9,9
03/02/2024,02:00,271,1.3,16.0,0.3,22.8,,,,,0.003,0.006,0.009,0.000,13.5,5.0,12
03/02/2024,03:00,271,1.3,14.0,0.3,22.7,,,,,0.004,0.007,0.010,0.000,14.6,5.0,12
03/02/2024,04:00,275,1.2,17.2,0.3,22.3,,,,,0.002,0.005,0.007,0.000,13.5,5.1,12
03/02/2024,05:00,263,1.0,23.1,0.4,22.4,,,,,0.002,0.005,0.007,0.000,13.0,5.1,13
03/02/2024,06:00,287,1.0,13.4,0.2,23.6,,,,,0.013,0.016,0.029,0.001,15.9,5.7,15
03/02/2024,07:00,47,0.5,26.9,0.2,27.3,,,,,0.003,0.003,0.006,0.001,18.0,5.8,16
03/02/2024,08:00,67,0.9,42.5,0.5,30.2,,,,,0.003,0.003,0.006,0.003,18.0,6.0,15
03/02/2024,09:00,66,2.0,23.4,0.6,31.0,,,,,0.040,0.013,0.054,0.019,15.1,5.8,14
03/02/2024,10:00,66,3.3,17.7,0.9,30.9,,,,,0.026,0.011,0.037,0.022,17.6,6.1,16
03/02/2024,11:00,69,3.6,16.8,1.0,31.2,,,,,0.004,0.005,0.009,0.007,14.8,6.1,16
03/02/2024,12:00,78,4.1,17.0,1.1,31.4,,,,,0.013,0.009,0.021,0.009,16.3,6.2,17
03/02/2024,13:00,79,4.3,17.0,1.2,31.2,,,,,0.003,0.004,0.007,0.002,15.5,5.5,16
03/02/2024,14:00,78,4.2,16.4,1.1,31.0,,,,,0.000,0.000,0.000,0.001,13.5,5.1,12
03/02/2024,15:00,80,3.9,18.2,1.2,30.9,,,,,0.003,0.005,0.008,0.001,16.2,5.1,12
03/02/2024,16:00,71,3.7,18.0,1.2,30.3,,,,,0.000,0.000,0.000,0.000,13.2,4.4,10
03/02/2024,17:00,78,3.6,16.4,1.1,29.5,,,,,0.000,0.000,0.000,0.000,12.5,4.2,10
03/02/2024,18:00,77,3.0,17.6,1.0,28.2,,,,,0.000,0.000,0.000,0.000,12.3,4.4,11
03/02/2024,19:00,87,2.6,15.4,0.8,27.8,,,,,0.000,0.001,0.001,0.000,12.4,4.3,10
03/02/2024,20:00,96,2.3,15.5,0.7,27.6,,,,,0.000,0.001,0.001,0.000,12.4,4.4,11
03/02/2024,21:00,99,2.5,14.3,0.7,27.5,,,,,0.000,0.000,0.000,0.000,13.2,4.6,11
03/02/2024,22:00,101,2.3,14.8,0.7,27.3,,,,,0.000,0.001,0.001,0.000,13.4,4.8,12
03/02/2024,23:00,119,1.6,15.4,0.4,27.0,,,,,0.000,0.001,0.001,0.000,13.8,4.9,12
04/02/2024,00:00,130,1.2,12.7,0.3,26.4,,,,,0.000,0.001,0.001,0.000,14.9,5.2,13
04/02/2024,01:00,143,1.1,16.0,0.3,25.6,,,,,0.000,0.003,0.003,0.001,13.5,5.5,15
04/02/2024,02:00,147,1.1,16.8,0.3,25.3,,,,,0.000,0.003,0.003,0.001,15.9,5.4,17
04/02/2024,03:00,156,0.8,29.3,0.4,24.4,,,,,0.000,0.003,0.003,0.001,16.0,5.5,18
04/02/2024,04:00,268,0.8,29.3,0.3,23.1,,,,,0.001,0.003,0.004,0.001,14.9,5.2,14
04/02/2024,05:00,173,0.8,25.5,0.4,24.0,,,,,0.002,0.004,0.006,0.001,14.7,5.2,14
04/02/2024,06:00,175,0.6,37.7,0.4,25.6,,,,,0.016,0.011,0.026,0.001,23.7,6.3,20
04/02/2024,07:00,134,1.9,19.7,0.6,28.1,,,,,0.014,0.010,0.024,0.010,16.1,5.7,22
04/02/2024,08:00,93,2.6,19.4,0.9,29.4,,,,,0.008,0.007,0.015,0.009,15.5,5.7,17
04/02/2024,09:00,83,3.6,18.4,1.0,30.3,,,,,0.000,0.001,0.001,0.001,15.0,5.6,16
04/02/2024,10:00,85,4.0,16.8,1.2,30.5,,,,,0.004,0.005,0.009,0.001,13.2,5.4,16
04/02/2024,11:00,71,4.2,17.5,1.1,31.3,,,,,0.000,0.001,0.001,0.001,14.3,5.2,15
04/02/2024,12:00,66,4.4,16.7,1.2,31.2,,,,,0.000,0.000,0.000,0.000,12.5,4.9,14
04/02/2024,13:00,70,4.2,15.8,1.1,31.2,,,,,0.001,0.002,0.003,0.000,12.8,5.4,15
04/02/2024,14:00,74,4.0,17.0,1.2,30.9,,,,,0.000,0.000,0.000,0.000,12.0,5.1,15
04/02/2024,15:00,74,3.7,17.5,1.0,30.9,,,,,0.007,0.001,0.007,0.000,11.9,4.9,14
04/02/2024,16:00,79,3.4,15.9,0.9,30.5,,,,,0.000,0.000,0.000,0.000,13.1,4.7,13
04/02/2024,17:00,79,3.4,16.1,0.9,29.7,,,,,0.000,0.000,0.000,0.000,11.5,4.6,12
04/02/2024,18:00,68,2.3,18.0,0.8,28.3,,,,,0.000,0.000,0.000,0.000,11.7,4.4,12
04/02/2024,19:00,80,1.8,19.4,0.6,27.8,,,,,0.000,0.000,0.000,0.000,11.2,4.4,12
04/02/2024,20:00,82,1.9,17.1,0.6,27.6,,,,,0.000,0.000,0.000,0.000,12.1,4.5,12
04/02/2024,21:00,83,1.7,17.1,0.6,27.4,,,,,0.000,0.000,0.000,0.000,12.5,4.6,12
04/02/2024,22:00,93,2.0,16.6,0.6,27.5,,,,,0.000,0.000,0.000,0.000,13.8,4.7,12
04/02/2024,23:00,94,1.7,17.0,0.5,27.2,,,,,0.000,0.000,0.000,0.000,13.9,5.3,14
05/02/2024,00:00,90,2.1,16.4,0.7,27.3,,,,,0.000,0.001,0.001,0.000,15.2,5.9,16
05/02/2024,01:00,87,2.8,15.2,0.8,27.3,,,,,0.000,0.000,0.000,0.000,18.3,7.2,16
05/02/2024,02:00,92,2.1,15.0,0.6,27.0,,,,,0.000,0.000,0.000,0.000,18.3,7.0,21
05/02/2024,03:00,138,0.8,14.9,0.4,25.7,,,,,0.000,0.002,0.003,0.000,18.1,7.0,21
05/02/2024,04:00,277,1.3,10.4,0.3,23.3,,,,,0.002,0.004,0.006,0.000,15.4,6.2,20
05/02/2024,05:00,273,1.7,10.1,0.3,23.1,,,,,0.004,0.005,0.008,0.000,15.7,6.6,22
05/02/2024,06:00,240,1.7,19.1,0.5,24.8,,,,,0.005,0.006,0.011,0.000,25.1,7.5,23
05/02/2024,07:00,152,1.4,22.3,0.5,27.7,,,,,0.005,0.006,0.012,0.004,23.4,7.6,24
05/02/2024,08:00,115,1.8,23.0,0.7,29.2,,,,,0.025,0.016,0.041,0.016,21.5,8.2,23
05/02/2024,09:00,103,2.1,20.2,0.8,30.8,,,,,0.021,0.013,0.034,0.016,20.2,7.3,20
05/02/2024,10:00,66,3.2,18.4,0.9,31.1,,,,,0.000,0.001,0.001,0.001,18.5,6.8,17
05/02/2024,11:00,73,3.1,16.9,0.8,31.5,,,,,0.001,0.000,0.001,0.001,16.7,6.7,16
05/02/2024,12:00,74,3.4,18.2,1.0,31.6,,,,,0.000,0.001,0.001,0.001,18.2,6.8,17
05/02/2024,13:00,74,3.7,17.9,1.0,31.7,,,,,0.000,0.000,0.000,0.000,16.8,6.8,16
05/02/2024,14:00,79,3.9,17.5,1.0,31.5,,,,,0.003,0.005,0.008,0.000,18.3,6.8,17
05/02/2024,15:00,74,3.8,16.1,1.0,31.2,,,,,0.002,0.006,0.008,0.000,16.6,6.6,18
05/02/2024,16:00,81,3.7,15.5,1.0,30.8,,,,,0.000,0.000,0.000,0.000,18.2,6.8,18
05/02/2024,17:00,79,3.4,14.6,0.9,29.9,,,,,0.000,0.000,0.000,0.000,17.2,6.7,18
05/02/2024,18:00,79,2.6,14.7,0.8,28.5,,,,,0.000,0.000,0.000,0.000,18.1,6.9,19
05/02/2024,19:00,84,2.3,16.3,0.7,27.9,,,,,0.000,0.000,0.000,0.000,19.1,6.9,19
05/02/2024,20:00,64,1.6,19.2,0.5,27.5,,,,,0.000,0.000,0.000,0.000,19.2,6.8,19
05/02/2024,21:00,75,1.1,25.8,0.5,27.3,,,,,0.000,0.000,0.000,0.000,19.0,7.0,19
05/02/2024,22:00,120,1.0,17.0,0.3,27.2,,,,,0.000,0.001,0.001,0.000,20.4,7.3,20
05/02/2024,23:00,123,0.6,30.8,0.3,25.6,,,,,0.003,0.005,0.008,0.000,21.4,7.1,20
06/02/2024,00:00,150,0.9,21.6,0.4,25.6,,,,,0.000,0.004,0.005,0.000,23.3,7.8,33
06/02/2024,01:00,273,0.7,32.6,0.3,24.0,,,,,0.002,0.005,0.007,0.000,18.4,7.0,15
06/02/2024,02:00,278,1.5,10.1,0.2,23.6,,,,,0.002,0.003,0.005,0.000,16.4,6.8,19
06/02/2024,03:00,270,1.8,9.8,0.3,23.3,,,,,0.001,0.003,0.004,0.000,17.7,6.8,19
06/02/2024,04:00,265,2.1,11.0,0.4,23.3,,,,,0.002,0.003,0.005,0.000,16.8,6.9,19
06/02/2024,05:00,264,2.0,12.5,0.4,23.1,,,,,0.004,0.003,0.008,0.000,16.5,6.9,20
06/02/2024,06:00,259,2.6,12.4,0.6,24.0,,,,,0.009,0.006,0.014,0.000,20.6,7.5,22
06/02/2024,07:00,251,2.1,14.5,0.5,26.7,,,,,0.002,0.002,0.004,0.001,20.7,7.3,21
06/02/2024,08:00,221,0.3,26.7,0.7,29.7,,,,,0.012,0.005,0.017,0.007,23.9,7.8,21
06/02/2024,09:00,70,2.4,22.6,0.9,31.2,,,,,0.006,0.004,0.009,0.007,19.9,7.2,20
06/02/2024,10:00,60,3.5,15.8,0.9,31.5,,,,,0.002,0.002,0.003,0.002,17.4,6.2,16
06/02/2024,11:00,66,3.5,18.5,0.9,31.9,,,,,0.001,0.001,0.001,0.001,14.5,5.6,14
06/02/2024,12:00,66,3.6,18.7,1.0,32.8,,,,,0.002,0.005,0.007,0.000,12.2,4.9,11
06/02/2024,13:00,75,3.2,18.0,0.9,33.4,,,,,0.000,0.000,0.000,0.000,11.9,4.8,11
06/02/2024,14:00,79,4.1,16.0,1.0,32.5,,,,,0.000,0.000,0.000,0.000,13.0,5.3,15
06/02/2024,15:00,79,3.9,16.4,1.1,31.9,,,,,0.006,0.005,0.011,0.000,16.4,6.0,18
06/02/2024,16:00,70,3.2,18.2,1.0,31.5,,,,,0.000,0.000,0.000,0.000,13.7,5.6,17
06/02/2024,17:00,80,3.6,16.9,1.1,31.0,,,,,0.000,0.000,0.001,0.000,13.3,5.3,16
06/02/2024,18:00,91,3.4,14.2,0.9,29.4,,,,,0.000,0.001,0.001,0.000,13.5,5.2,15
06/02/2024,19:00,90,3.3,15.0,1.0,28.9,,,,,0.000,0.001,0.001,0.000,16.7,6.0,17
06/02/2024,20:00,95,3.0,15.3,0.9,28.9,,,,,0.000,0.000,0.000,0.000,19.6,6.8,20
06/02/2024,21:00,94,3.1,15.9,0.9,28.8,,,,,0.000,0.001,0.001,0.000,18.1,6.4,17
06/02/2024,22:00,94,2.9,16.4,0.9,28.7,,,,,0.000,0.001,0.001,0.000,18.9,7.2,19
06/02/2024,23:00,97,2.9,15.0,0.8,28.6,,,,,0.000,0.000,0.000,0.000,21.1,6.9,19
07/02/2024,00:00,106,2.7,14.9,0.8,28.3,,,,,0.000,0.001,0.001,0.000,17.6,6.0,16
07/02/2024,01:00,130,1.8,15.7,0.5,27.5,,,,,0.010,0.006,0.016,0.004,19.0,6.5,14
07/02/2024,02:00,142,1.7,15.3,0.5,26.8,,,,,0.001,0.004,0.005,0.003,20.8,7.1,25
07/02/2024,03:00,163,1.6,17.7,0.5,26.6,,,,,0.003,0.007,0.010,0.001,18.5,6.8,21
07/02/2024,04:00,167,2.3,25.2,0.9,26.9,,,,,0.002,0.003,0.005,0.001,27.0,8.0,20
07/02/2024,05:00,200,1.5,37.0,0.7,26.5,,,,,0.004,0.003,0.007,0.000,28.2,8.1,22
07/02/2024,06:00,216,2.0,27.8,0.8,26.9,,,,,0.007,0.004,0.012,0.002,26.6,7.6,20
07/02/2024,07:00,169,2.6,22.5,1.0,29.0,,,,,0.006,0.002,0.008,0.005,22.6,7.3,19
07/02/2024,08:00,157,2.8,20.4,1.0,29.4,,,,,0.003,0.002,0.005,0.001,26.6,7.3,19
07/02/2024,09:00,141,3.0,20.7,1.0,30.4,,,,,0.007,0.008,0.015,0.001,22.7,6.2,16
07/02/2024,10:00,107,4.4,17.3,1.3,32.0,,,,,0.005,0.002,0.008,0.003,16.6,5.5,14
07/02/2024,11:00,85,3.7,18.1,1.2,27.6,,,,,0.001,0.001,0.001,0.001,15.1,5.5,12
07/02/2024,12:00,84,2.6,21.2,1.0,30.2,,,,,0.001,0.001,0.002,0.000,12.8,4.9,11
07/02/2024,13:00,99,4.3,17.2,1.1,31.3,,,,,0.017,0.004,0.021,0.007,21.0,7.5,20
07/02/2024,14:00,83,4.2,16.8,1.3,31.3,,,,,0.000,0.000,0.001,0.001,22.3,8.1,22
07/02/2024,15:00,84,4.8,16.5,1.3,31.3,,,,,0.001,0.000,0.001,0.001,21.8,8.1,22
07/02/2024,16:00,95,4.6,15.3,1.4,30.6,,,,,0.000,0.000,0.001,0.000,23.6,8.8,24
07/02/2024,17:00,100,4.7,15.6,1.3,29.6,,,,,0.000,0.001,0.001,0.000,28.2,9.3,24
07/02/2024,18:00,105,4.3,16.3,1.4,29.3,,,,,0.001,0.003,0.004,0.001,23.0,7.6,18
07/02/2024,19:00,111,3.6,15.7,1.0,28.6,,,,,0.007,0.007,0.014,0.004,26.6,8.3,19
07/02/2024,20:00,135,2.8,17.3,0.9,28.1,,,,,0.001,0.003,0.003,0.003,25.2,8.5,20
07/02/2024,21:00,144,2.1,17.7,0.6,27.6,,,,,0.001,0.007,0.008,0.001,25.4,8.2,21
07/02/2024,22:00,146,2.6,16.7,0.8,26.5,,,,,0.000,0.002,0.002,0.001,20.0,7.0,16
07/02/2024,23:00,149,2.6,18.9,0.9,26.0,,,,,0.000,0.002,0.003,0.000,15.8,5.6,13
08/02/2024,00:00,158,2.3,17.5,0.8,25.8,,,,,0.001,0.005,0.006,0.000,28.1,6.9,15
08/02/2024,01:00,151,1.9,16.9,0.6,25.5,,,,,0.001,0.004,0.005,0.000,26.7,7.0,12
08/02/2024,02:00,157,3.6,15.9,1.0,25.6,,,,,0.001,0.001,0.002,0.000,30.6,7.6,16
08/02/2024,03:00,154,3.7,14.4,1.0,25.5,,,,,0.001,0.002,0.003,0.000,30.4,7.8,17
08/02/2024,04:00,154,2.8,17.2,0.9,25.3,,,,,0.001,0.001,0.002,0.000,27.4,7.0,16
08/02/2024,05:00,154,2.1,17.7,0.7,25.0,,,,,0.003,0.005,0.008,0.000,20.4,6.4,15
08/02/2024,06:00,155,2.7,17.0,0.9,25.7,,,,,0.002,0.002,0.004,0.000,25.8,6.9,16
08/02/2024,07:00,149,3.7,18.7,1.2,26.7,,,,,0.003,0.004,0.007,0.000,17.8,6.1,14
08/02/2024,08:00,136,3.1,19.9,1.1,28.0,,,,,0.003,0.003,0.006,0.000,11.5,4.0,9
08/02/2024,09:00,130,4.1,18.7,1.3,30.0,,,,,0.005,0.005,0.010,0.000,12.9,4.4,9
08/02/2024,10:00,120,4.3,15.9,1.3,29.4,,,,,0.003,0.002,0.005,0.000,11.0,4.0,8
08/02/2024,11:00,111,4.5,20.2,1.4,29.4,,,,,0.010,0.006,0.016,0.005,12.0,4.2,9
08/02/2024,12:00,103,4.1,15.9,1.3,26.6,,,,,0.008,0.005,0.013,0.004,13.4,5.0,10
08/02/2024,13:00,124,2.9,20.2,1.0,28.8,,,,,0.027,0.010,0.037,0.014,13.7,5.1,12
08/02/2024,14:00,125,4.1,18.2,1.3,30.7,,,,,0.006,0.005,0.011,0.009,16.4,5.6,12
08/02/2024,15:00,99,4.4,15.7,1.3,31.7,,,,,0.002,0.002,0.004,0.004,16.2,5.5,11
08/02/2024,16:00,95,4.7,14.8,1.3,31.4,,,,,0.002,0.003,0.005,0.003,25.2,7.0,16
08/02/2024,17:00,95,4.4,15.6,1.4,30.6,,,,,0.001,0.002,0.003,0.002,23.9,7.4,18
08/02/2024,18:00,107,3.5,16.1,1.2,29.1,,,,,0.001,0.006,0.007,0.003,24.1,7.8,19
08/02/2024,19:00,109,3.8,15.0,1.1,28.4,,,,,0.010,0.007,0.016,0.004,22.4,7.9,18
08/02/2024,20:00,122,3.1,18.0,1.0,27.9,,,,,0.026,0.009,0.034,0.014,27.5,8.5,20
08/02/2024,21:00,128,3.6,16.1,1.2,27.6,,,,,0.000,0.001,0.001,0.001,24.5,8.3,19
08/02/2024,22:00,144,2.2,20.3,0.8,27.0,,,,,0.001,0.008,0.009,0.000,26.1,8.0,19
08/02/2024,23:00,152,2.7,18.3,0.9,26.5,,,,,0.001,0.002,0.003,0.000,30.7,8.3,20
09/02/2024,00:00,151,2.9,16.5,1.2,26.0,,,,,0.000,0.001,0.001,0.000,32.5,8.2,19
09/02/2024,01:00,153,2.7,17.9,0.9,25.7,,,,,0.000,0.001,0.001,0.000,28.0,8.0,13
09/02/2024,02:00,153,3.1,16.9,1.0,25.6,,,,,0.001,0.002,0.002,0.000,29.9,8.6,19
09/02/2024,03:00,152,2.5,16.8,0.8,25.2,,,,,0.000,0.002,0.002,0.000,25.0,8.2,19
09/02/2024,04:00,156,2.5,18.6,0.8,25.2,,,,,0.001,0.002,0.003,0.000,32.1,8.6,20
09/02/2024,05:00,157,2.6,18.7,0.8,25.3,,,,,0.002,0.003,0.005,0.000,34.6,8.7,20
09/02/2024,06:00,153,3.3,18.6,1.2,25.8,,,,,0.002,0.002,0.004,0.000,31.5,8.5,20
09/02/2024,07:00,144,3.3,19.3,1.3,27.1,,,,,0.003,0.004,0.007,0.000,27.6,8.5,21
09/02/2024,08:00,120,4.2,17.3,1.3,29.2,,,,,0.001,0.001,0.002,0.000,26.3,8.2,21
09/02/2024,09:00,121,4.6,17.2,1.4,30.2,,,,,0.001,0.001,0.002,0.001,22.7,7.5,18
09/02/2024,10:00,112,4.3,18.0,1.4,31.1,,,,,0.010,0.007,0.017,0.006,25.2,7.7,19
09/02/2024,11:00,88,4.0,20.5,1.2,32.0,,,,,0.004,0.004,0.008,0.005,24.1,7.6,16
09/02/2024,12:00,79,4.4,16.6,1.3,31.3,,,,,0.001,0.001,0.002,0.001,22.3,6.9,16
09/02/2024,13:00,82,5.2,15.4,1.3,31.8,,,,,0.004,0.005,0.009,0.001,26.3,7.9,18
09/02/2024,14:00,75,5.0,14.8,1.5,31.3,,,,,0.000,0.000,0.000,0.000,22.7,7.2,17
09/02/2024,15:00,81,5.0,16.4,1.4,30.8,,,,,0.000,0.000,0.000,0.000,23.8,7.3,18
09/02/2024,16:00,91,5.0,15.7,1.4,30.0,,,,,0.000,0.000,0.001,0.000,25.4,7.8,19
09/02/2024,17:00,95,4.2,15.1,1.2,29.6,,,,,0.000,0.001,0.001,0.000,25.9,8.0,20
09/02/2024,18:00,98,4.2,14.5,1.2,28.7,,,,,0.000,0.000,0.000,0.000,24.4,7.6,18
09/02/2024,19:00,111,3.5,16.2,1.1,28.2,,,,,0.001,0.003,0.003,0.001,24.2,7.0,16
09/02/2024,20:00,123,3.2,16.5,1.0,27.9,,,,,0.010,0.010,0.020,0.009,22.2,6.9,16
09/02/2024,21:00,127,2.7,16.8,0.8,27.3,,,,,0.001,0.003,0.004,0.006,21.4,7.0,17
09/02/2024,22:00,145,1.8,20.2,0.7,26.5,,,,,0.001,0.006,0.006,0.001,20.0,6.5,17
09/02/2024,23:00,152,2.3,17.8,0.8,26.1,,,,,0.000,0.002,0.003,0.000,18.3,5.8,13
10/02/2024,00:00,150,3.0,17.2,1.0,25.8,,,,,0.001,0.003,0.004,0.000,24.5,6.4,14
10/02/2024,01:00,161,1.3,31.1,0.7,24.9,,,,,0.001,0.004,0.004,0.001,26.0,6.6,13
10/02/2024,02:00,184,2.0,28.6,0.9,25.2,,,,,0.001,0.005,0.006,0.000,29.7,7.5,19
10/02/2024,03:00,170,2.2,23.2,0.9,25.1,,,,,0.001,0.003,0.004,0.000,29.3,7.4,18
10/02/2024,04:00,153,2.2,26.3,0.9,24.7,,,,,0.001,0.003,0.004,0.000,23.0,6.8,16
10/02/2024,05:00,155,2.4,21.9,0.9,24.3,,,,,0.001,0.002,0.002,0.000,21.5,6.3,15
10/02/2024,06:00,151,3.3,18.4,1.1,25.1,,,,,0.002,0.002,0.004,0.000,26.5,7.1,17
10/02/2024,07:00,152,3.0,19.0,1.0,26.8,,,,,0.002,0.002,0.004,0.000,21.9,6.6,16
10/02/2024,08:00,143,4.1,18.8,1.1,28.5,,,,,0.003,0.004,0.007,0.000,20.3,5.9,14
10/02/2024,09:00,127,5.0,16.8,1.4,29.8,,,,,0.002,0.002,0.003,0.000,15.8,5.0,10
10/02/2024,10:00,110,4.8,17.7,1.5,31.0,,,,,0.009,0.006,0.015,0.002,12.5,4.8,9
10/02/2024,11:00,104,4.3,15.1,1.3,31.4,,,,,0.014,0.004,0.019,0.003,14.1,4.7,10
10/02/2024,12:00,75,4.6,16.4,1.4,31.5,,,,,0.003,0.003,0.006,0.001,18.3,5.7,12
10/02/2024,13:00,74,5.0,14.1,1.4,31.4,,,,,0.001,0.001,0.001,0.000,19.1,6.3,13
10/02/2024,14:00,77,5.0,14.9,1.5,31.4,,,,,0.000,0.001,0.001,0.000,19.6,6.4,14
10/02/2024,15:00,82,4.9,16.8,1.4,31.0,,,,,0.000,0.000,0.001,0.000,19.1,6.7,16
10/02/2024,16:00,86,4.7,16.0,1.4,30.4,,,,,0.000,0.001,0.001,0.000,21.2,6.7,16
10/02/2024,17:00,96,4.4,14.7,1.4,29.6,,,,,0.000,0.001,0.002,0.000,19.8,6.7,16
10/02/2024,18:00,100,4.6,15.1,1.5,28.4,,,,,0.000,0.000,0.000,0.000,20.2,6.6,15
10/02/2024,19:00,107,3.5,16.2,1.0,27.9,,,,,0.005,0.006,0.011,0.003,19.2,6.7,16
10/02/2024,20:00,114,3.2,17.5,1.0,27.6,,,,,0.030,0.016,0.046,0.017,18.4,6.5,15
10/02/2024,21:00,123,2.9,17.7,0.8,27.4,,,,,0.031,0.014,0.045,0.019,17.5,6.2,14
10/02/2024,22:00,133,2.1,17.2,0.6,26.8,,,,,0.000,0.004,0.004,0.002,16.5,5.5,15
10/02/2024,23:00,137,1.7,18.0,0.6,26.3,,,,,0.001,0.005,0.006,0.000,15.0,5.4,14
11/02/2024,00:00,141,1.3,19.7,0.4,25.9,,,,,0.000,0.006,0.007,0.000,15.3,6.0,16
11/02/2024,01:00,144,1.6,17.8,0.5,25.8,,,,,0.001,0.006,0.007,0.000,16.1,5.1,10
11/02/2024,02:00,130,2.3,16.5,0.8,25.6,,,,,0.001,0.004,0.005,0.000,12.4,4.5,11
11/02/2024,03:00,145,2.1,16.5,0.8,24.5,,,,,0.001,0.006,0.008,0.000,11.8,4.6,15
11/02/2024,04:00,147,2.9,15.1,0.7,24.7,,,,,0.001,0.003,0.003,0.001,22.5,5.8,14
11/02/2024,05:00,151,2.3,19.0,0.7,24.9,,,,,0.001,0.003,0.004,0.000,17.6,5.1,12
11/02/2024,06:00,150,3.2,16.4,1.0,25.2,,,,,0.002,0.004,0.006,0.000,21.0,5.6,13
11/02/2024,07:00,149,3.2,18.5,1.1,26.7,,,,,0.002,0.003,0.005,0.000,19.2,5.6,13
11/02/2024,08:00,137,3.6,18.7,1.1,28.2,,,,,0.002,0.002,0.004,0.000,15.7,5.3,13
11/02/2024,09:00,119,4.4,18.1,1.1,29.8,,,,,0.001,0.001,0.003,0.001,15.4,5.1,11
11/02/2024,10:00,107,4.2,17.3,1.1,31.1,,,,,0.014,0.006,0.020,0.006,14.9,4.9,10
11/02/2024,11:00,89,4.1,17.5,1.3,31.7,,,,,0.009,0.005,0.014,0.008,17.1,5.0,10
11/02/2024,12:00,75,4.5,16.1,1.3,31.7,,,,,0.001,0.001,0.002,0.001,16.0,5.3,11
11/02/2024,13:00,73,4.3,15.5,1.3,30.5,,,,,0.002,0.001,0.002,0.000,18.5,6.0,14
11/02/2024,14:00,79,4.9,15.2,1.3,30.2,,,,,0.000,0.001,0.001,0.000,20.9,6.7,16
11/02/2024,15:00,94,5.1,15.8,1.5,30.1,,,,,0.002,0.003,0.005,0.002,20.2,5.5,12
11/02/2024,16:00,97,4.8,15.1,1.4,29.5,,,,,0.000,0.000,0.001,0.000,17.8,5.1,10
11/02/2024,17:00,103,4.8,14.7,1.4,29.0,,,,,0.002,0.003,0.005,0.002,16.9,5.0,11
11/02/2024,18:00,100,3.6,15.5,1.0,27.9,,,,,0.001,0.003,0.004,0.002,17.3,5.1,11
11/02/2024,19:00,108,3.2,15.9,1.0,27.5,,,,,0.001,0.003,0.004,0.001,19.4,6.1,13
11/02/2024,20:00,124,2.6,15.8,0.8,27.2,,,,,0.012,0.006,0.018,0.006,20.2,6.8,15
11/02/2024,21:00,134,2.5,17.0,0.8,26.7,,,,,0.001,0.003,0.004,0.002,18.9,6.6,16
11/02/2024,22:00,135,2.6,16.4,0.8,26.4,,,,,0.001,0.006,0.007,0.000,17.3,6.1,15
11/02/2024,23:00,150,2.5,18.2,0.9,26.1,,,,,0.001,0.004,0.004,0.000,19.0,5.7,14
12/02/2024,00:00,155,2.6,18.9,0.8,25.5,,,,,0.001,0.002,0.003,0.000,22.5,5.9,13
12/02/2024,01:00,154,2.8,17.3,0.9,25.0,,,,,0.001,0.002,0.002,0.000,20.1,5.5,9
12/02/2024,02:00,150,2.6,18.9,0.8,25.0,,,,,0.002,0.003,0.004,0.000,23.7,6.2,14
12/02/2024,03:00,147,2.8,17.1,0.8,24.3,,,,,0.001,0.003,0.004,0.000,21.8,6.0,14
12/02/2024,04:00,155,2.6,17.2,0.9,23.8,,,,,0.001,0.002,0.002,0.000,20.3,5.9,13
12/02/2024,05:00,147,2.9,19.5,0.9,24.0,,,,,0.001,0.002,0.004,0.000,15.9,4.1,9
12/02/2024,06:00,103,1.0,29.7,0.6,23.8,,,,,0.008,0.003,0.011,0.000,14.0,4.1,9
12/02/2024,07:00,268,1.0,29.5,0.4,24.4,,,,,0.004,0.004,0.009,0.001,11.5,4.2,10
12/02/2024,08:00,132,2.4,24.2,0.8,27.2,,,,,0.005,0.003,0.008,0.001,20.7,6.9,17
12/02/2024,09:00,116,3.8,20.0,1.2,28.8,,,,,0.001,0.001,0.002,0.000,15.3,5.3,12
12/02/2024,10:00,113,4.4,18.3,1.3,29.5,,,,,0.000,0.001,0.001,0.001,14.5,5.5,13
12/02/2024,11:00,122,3.8,18.7,1.1,30.3,,,,,0.003,0.002,0.006,0.004,14.3,5.5,13
12/02/2024,12:00,84,4.8,16.0,1.3,30.5,,,,,0.005,0.004,0.010,0.003,14.1,4.7,11
12/02/2024,13:00,123,3.8,18.1,1.1,26.7,,,,,0.018,0.007,0.025,0.008,13.7,4.7,11
12/02/2024,14:00,161,3.3,18.2,1.0,27.1,,,,,0.003,0.003,0.006,0.001,21.5,5.7,13
12/02/2024,15:00,141,3.0,20.0,1.1,27.1,,,,,0.004,0.005,0.009,0.000,14.5,4.6,12
12/02/2024,16:00,133,3.4,17.8,1.2,23.8,,,,,0.010,0.007,0.017,0.001,14.9,5.7,15
12/02/2024,17:00,130,2.6,18.1,0.8,24.7,,,,,0.004,0.005,0.009,0.001,11.8,4.3,11
12/02/2024,18:00,127,3.2,16.7,1.0,24.8,,,,,0.013,0.005,0.018,0.006,11.3,4.5,10
12/02/2024,19:00,136,2.0,19.2,0.7,24.8,,,,,0.002,0.007,0.009,0.001,9.5,3.7,10
12/02/2024,20:00,158,2.2,18.2,0.8,24.9,,,,,0.001,0.004,0.005,0.000,17.5,5.1,12
12/02/2024,21:00,143,2.0,20.5,0.7,25.0,,,,,0.002,0.006,0.008,0.000,17.5,6.0,16
12/02/2024,22:00,140,1.8,18.1,0.6,24.9,,,,,0.001,0.006,0.007,0.000,17.9,6.5,17
12/02/2024,23:00,148,1.5,19.9,0.6,24.7,,,,,0.003,0.009,0.012,0.000,17.0,6.3,17
13/02/2024,00:00,148,1.4,21.5,0.5,24.5,,,,,0.002,0.008,0.010,0.000,21.0,7.0,18
13/02/2024,01:00,154,2.5,22.0,0.9,24.8,,,,,0.001,0.002,0.003,0.000,32.2,8.8,15
13/02/2024,02:00,156,2.2,16.7,0.7,23.9,,,,,0.002,0.005,0.007,0.000,27.0,8.2,21
13/02/2024,03:00,148,1.7,19.4,0.6,23.8,,,,,0.002,0.006,0.008,0.000,22.6,7.5,20
13/02/2024,04:00,158,2.0,18.0,0.7,23.5,,,,,0.002,0.004,0.006,0.000,21.7,7.0,18
13/02/2024,05:00,158,2.9,19.0,0.9,24.3,,,,,0.003,0.003,0.007,0.000,32.9,7.9,19
13/02/2024,06:00,158,2.5,17.8,0.9,24.8,,,,,0.002,0.002,0.004,0.000,27.5,7.9,20
13/02/2024,07:00,144,2.5,18.6,0.8,26.8,,,,,0.006,0.003,0.009,0.000,26.2,8.6,22
13/02/2024,08:00,128,3.4,16.8,1.0,27.4,,,,,0.002,0.001,0.003,0.000,23.1,7.8,19
13/02/2024,09:00,124,3.4,17.4,1.1,27.5,,,,,0.007,0.004,0.011,0.001,20.1,7.4,19
13/02/2024,10:00,101,4.0,15.8,1.1,28.8,,,,,0.017,0.007,0.024,0.009,21.7,8.5,20
13/02/2024,11:00,109,4.5,16.5,1.4,29.2,,,,,0.014,0.006,0.021,0.008,16.3,6.2,15
13/02/2024,12:00,106,3.8,18.5,1.1,29.4,,,,,0.009,0.006,0.015,0.008,18.8,7.1,18
13/02/2024,13:00,108,3.7,16.5,1.0,28.8,,,,,0.016,0.008,0.024,0.009,22.1,7.8,19
13/02/2024,14:00,99,4.1,16.3,1.2,28.9,,,,,0.000,0.000,0.001,0.002,21.4,7.4,18
13/02/2024,15:00,113,2.9,16.3,0.9,27.4,,,,,0.021,0.007,0.027,0.005,23.2,8.4,21
13/02/2024,16:00,97,3.8,16.3,1.1,27.6,,,,,0.000,0.001,0.001,0.002,22.2,8.5,21
13/02/2024,17:00,110,4.0,16.5,1.3,26.7,,,,,0.010,0.005,0.015,0.004,15.0,5.7,13
13/02/2024,18:00,136,2.3,17.7,0.7,25.7,,,,,0.009,0.010,0.019,0.008,10.8,4.0,8
13/02/2024,19:00,145,1.9,17.2,0.6,24.9,,,,,0.006,0.010,0.016,0.005,13.7,4.8,13
13/02/2024,20:00,117,2.1,18.6,0.7,25.7,,,,,0.009,0.007,0.016,0.005,17.1,5.8,14
13/02/2024,21:00,121,2.5,17.1,0.8,26.3,,,,,0.002,0.005,0.007,0.002,16.3,5.6,14
13/02/2024,22:00,145,1.7,18.2,0.6,25.6,,,,,0.004,0.009,0.013,0.002,15.4,5.5,16
13/02/2024,23:00,132,1.5,18.0,0.5,25.1,,,,,0.006,0.007,0.013,0.002,15.7,5.4,14
14/02/2024,00:00,153,1.5,18.9,0.5,24.7,,,,,0.006,0.007,0.012,0.002,15.7,5.2,14
14/02/2024,01:00,150,1.5,22.6,0.5,24.7,,,,,0.003,0.007,0.010,0.002,15.3,5.2,12
14/02/2024,02:00,146,1.2,19.8,0.4,24.7,,,,,0.001,0.006,0.007,0.001,15.0,5.3,15
14/02/2024,03:00,160,1.2,21.4,0.5,24.7,,,,,0.002,0.006,0.009,0.001,24.0,7.1,20
14/02/2024,04:00,196,0.8,26.2,0.4,24.5,,,,,0.004,0.006,0.011,0.001,20.6,6.0,16
14/02/2024,05:00,170,1.4,21.1,0.5,24.7,,,,,0.004,0.005,0.010,0.001,21.7,6.1,15
14/02/2024,06:00,147,1.5,17.7,0.5,24.7,,,,,0.009,0.007,0.015,0.002,12.1,4.7,14
14/02/2024,07:00,167,1.7,17.8,0.6,25.8,,,,,0.007,0.005,0.012,0.002,14.0,4.6,12
14/02/2024,08:00,132,2.6,15.2,0.7,26.4,,,,,0.005,0.005,0.010,0.002,11.4,4.7,13
14/02/2024,09:00,141,2.0,15.9,0.6,25.6,,,,,0.013,0.008,0.021,0.003,13.8,5.2,15
14/02/2024,10:00,101,1.7,22.6,0.6,26.8,,,,,0.004,0.004,0.008,0.003,12.8,5.2,14
14/02/2024,11:00,111,1.6,23.2,0.6,26.1,,,,,0.001,0.002,0.002,0.002,17.1,6.3,16
14/02/2024,12:00,111,3.7,16.4,1.0,27.9,,,,,0.028,0.007,0.035,0.007,14.5,5.5,14
14/02/2024,13:00,107,4.5,16.5,1.2,27.6,,,,,0.006,0.003,0.009,0.006,14.1,4.8,10
14/02/2024,14:00,94,4.1,15.4,1.1,28.5,,,,,0.002,0.002,0.004,0.002,9.1,3.5,7
14/02/2024,15:00,91,3.2,17.8,1.0,28.3,,,,,0.002,0.002,0.003,0.001,11.2,4.2,10
14/02/2024,16:00,104,3.3,15.0,0.9,27.9,,,,,0.004,0.005,0.009,0.004,15.3,5.7,14
14/02/2024,17:00,99,3.0,14.7,0.9,28.1,,,,,0.003,0.004,0.007,0.003,14.7,5.3,12
14/02/2024,18:00,97,2.7,16.1,0.8,27.4,,,,,0.000,0.000,0.001,0.001,20.6,6.6,16
14/02/2024,19:00,98,2.5,14.1,0.7,27.0,,,,,0.000,0.001,0.001,0.000,22.5,7.7,19
14/02/2024,20:00,103,2.1,15.0,0.6,27.0,,,,,0.000,0.001,0.001,0.000,19.9,7.3,18
14/02/2024,21:00,127,1.7,13.8,0.5,26.7,,,,,0.000,0.003,0.004,0.001,25.8,7.9,20
14/02/2024,22:00,137,1.7,14.5,0.5,26.3,,,,,0.001,0.004,0.005,0.004,24.8,8.1,21
14/02/2024,23:00,135,2.0,16.1,0.6,26.1,,,,,0.000,0.003,0.003,0.005,23.5,7.6,19
15/02/2024,00:00,136,1.4,27.9,0.6,25.3,,,,,0.004,0.006,0.010,0.004,21.3,7.1,21
15/02/2024,01:00,157,1.4,16.2,0.4,25.2,,,,,0.001,0.003,0.004,0.002,23.3,7.4,14
15/02/2024,02:00,154,1.1,18.9,0.4,25.1,,,,,0.001,0.003,0.004,0.001,21.9,7.2,21
15/02/2024,03:00,146,1.1,18.5,0.3,24.9,,,,,0.002,0.003,0.005,0.000,19.8,6.7,19
15/02/2024,04:00,134,1.4,16.4,0.4,24.9,,,,,0.003,0.003,0.007,0.000,17.8,6.4,17
15/02/2024,05:00,139,1.4,16.7,0.5,24.9,,,,,0.006,0.006,0.012,0.002,19.7,6.7,23
15/02/2024,06:00,134,1.8,17.5,0.6,25.5,,,,,0.004,0.004,0.009,0.001,18.9,6.8,20
15/02/2024,07:00,129,2.1,16.8,0.6,26.9,,,,,0.010,0.005,0.014,0.005,18.5,6.7,18
15/02/2024,08:00,116,2.4,15.4,0.7,28.4,,,,,0.024,0.008,0.031,0.014,18.5,6.8,17
15/02/2024,09:00,101,3.1,15.5,0.9,29.2,,,,,0.008,0.004,0.012,0.007,19.2,7.2,19
15/02/2024,10:00,98,3.3,16.9,1.0,29.8,,,,,0.005,0.003,0.008,0.005,17.9,6.4,16
15/02/2024,11:00,79,3.8,15.4,1.1,30.2,,,,,0.000,0.001,0.001,0.002,20.1,6.6,16
15/02/2024,12:00,86,4.0,15.4,1.2,29.3,,,,,0.000,0.000,0.001,0.001,19.5,6.4,16
15/02/2024,13:00,100,3.3,13.5,0.9,28.7,,,,,0.000,0.000,0.001,0.000,20.3,6.6,16
15/02/2024,14:00,85,2.7,16.3,0.7,28.8,,,,,0.001,0.002,0.004,0.001,19.6,6.4,16
15/02/2024,15:00,90,3.1,15.1,0.9,28.7,,,,,0.000,0.001,0.001,0.000,18.8,6.2,15
15/02/2024,16:00,104,2.9,15.1,0.8,27.5,,,,,0.001,0.001,0.002,0.000,16.8,5.9,14
15/02/2024,17:00,136,2.4,17.4,0.8,26.1,,,,,0.003,0.004,0.007,0.001,12.3,4.8,12
15/02/2024,18:00,135,2.8,15.4,0.8,25.4,,,,,0.002,0.005,0.007,0.001,11.9,4.1,10
15/02/2024,19:00,139,1.8,21.5,0.6,24.7,,,,,0.002,0.006,0.008,0.000,11.0,3.9,12
15/02/2024,20:00,156,2.3,20.9,0.9,24.5,,,,,0.001,0.002,0.002,0.000,17.7,4.8,10
15/02/2024,21:00,154,3.0,16.9,0.9,24.7,,,,,0.001,0.002,0.003,0.000,20.6,5.3,11
15/02/2024,22:00,152,3.4,15.6,0.9,25.0,,,,,0.002,0.002,0.004,0.000,24.2,6.1,12
15/02/2024,23:00,158,2.9,16.8,0.9,24.5,,,,,0.001,0.002,0.003,0.000,23.9,5.6,12
16/02/2024,00:00,144,1.6,17.7,0.5,23.9,,,,,0.000,0.001,0.002,0.000,17.0,4.7,11
16/02/2024,01:00,161,2.9,22.5,0.9,24.3,,,,,0.003,0.003,0.006,0.000,27.7,6.4,12
16/02/2024,02:00,242,1.1,35.0,0.5,23.2,,,,,0.001,0.002,0.003,0.000,17.5,5.0,11
16/02/2024,03:00,255,1.4,26.0,0.4,23.3,,,,,0.001,0.002,0.003,0.001,17.3,4.8,11
16/02/2024,04:00,255,1.4,22.0,0.5,23.2,,,,,0.001,0.001,0.002,0.000,17.8,4.8,11
16/02/2024,05:00,241,1.2,33.5,0.6,23.4,,,,,0.002,0.003,0.004,0.000,17.4,5.1,11
16/02/2024,06:00,239,1.3,25.6,0.6,23.6,,,,,0.003,0.003,0.006,0.000,20.2,5.4,12
16/02/2024,07:00,188,1.2,39.9,0.8,24.9,,,,,0.004,0.003,0.007,0.001,23.3,6.1,14
16/02/2024,08:00,165,1.9,25.7,0.7,26.6,,,,,0.004,0.003,0.007,0.000,26.8,6.2,14
16/02/2024,09:00,132,1.8,25.0,0.6,28.2,,,,,0.005,0.004,0.009,0.000,15.8,5.2,13
16/02/2024,10:00,105,2.7,17.2,0.8,29.9,,,,,0.012,0.006,0.018,0.009,13.2,4.9,12
16/02/2024,11:00,100,3.3,16.6,1.0,31.0,,,,,0.017,0.005,0.022,0.012,14.6,5.0,11
16/02/2024,12:00,98,2.9,19.2,0.8,31.1,,,,,0.009,0.005,0.013,0.007,13.5,4.8,12
16/02/2024,13:00,96,2.4,17.3,0.7,29.9,,,,,0.017,0.007,0.024,0.014,12.9,4.6,11
16/02/2024,14:00,79,2.2,16.1,0.7,28.7,,,,,0.003,0.004,0.007,0.003,15.2,4.9,11
16/02/2024,15:00,110,2.5,17.1,0.7,29.4,,,,,0.007,0.005,0.012,0.008,13.4,4.6,11
16/02/2024,16:00,113,3.5,17.2,1.0,27.8,,,,,0.008,0.005,0.013,0.006,12.5,3.9,8
16/02/2024,17:00,129,3.1,16.4,0.9,26.5,,,,,0.015,0.005,0.021,0.007,8.9,3.1,7
16/02/2024,18:00,129,2.8,17.9,0.9,25.8,,,,,0.016,0.005,0.021,0.011,9.8,3.8,8
16/02/2024,19:00,133,2.8,17.6,0.9,25.0,,,,,0.002,0.004,0.005,0.003,9.6,3.4,7
16/02/2024,20:00,127,3.0,18.2,1.0,24.5,,,,,0.005,0.004,0.010,0.001,12.6,4.7,11
16/02/2024,21:00,125,3.3,17.9,1.1,23.6,,,,,0.009,0.007,0.016,0.004,12.0,4.5,10
16/02/2024,22:00,109,3.1,15.8,1.0,22.8,,,,,0.002,0.005,0.007,0.002,11.7,4.4,9
16/02/2024,23:00,137,2.2,16.4,0.7,22.5,,,,,0.001,0.005,0.006,0.001,10.9,3.7,9
17/02/2024,00:00,160,2.0,21.8,0.7,22.9,,,,,0.001,0.002,0.003,0.000,16.5,4.7,10
17/02/2024,01:00,182,1.0,40.4,0.6,22.9,,,,,0.001,0.004,0.005,0.001,24.4,6.0,11
17/02/2024,02:00,154,2.4,18.6,0.8,23.7,,,,,0.001,0.003,0.004,0.001,27.6,6.8,15
17/02/2024,03:00,162,2.1,21.4,0.8,23.8,,,,,0.001,0.001,0.002,0.000,34.2,7.3,18
17/02/2024,04:00,156,1.8,21.0,0.7,23.9,,,,,0.000,0.001,0.001,0.000,37.6,8.4,20
17/02/2024,05:00,151,1.5,20.9,0.5,23.9,,,,,0.001,0.003,0.004,0.000,39.4,9.0,22
17/02/2024,06:00,159,1.9,22.3,0.7,24.8,,,,,0.001,0.003,0.004,0.000,37.0,9.0,22
17/02/2024,07:00,152,2.1,17.5,0.7,25.8,,,,,0.002,0.003,0.005,0.000,38.0,8.6,22
17/02/2024,08:00,132,3.3,19.0,1.1,27.6,,,,,0.002,0.002,0.004,0.000,33.3,8.7,22
17/02/2024,09:00,119,4.5,16.9,1.3,28.8,,,,,0.008,0.004,0.012,0.005,26.4,8.4,21
17/02/2024,10:00,,,,,,,,,,,,,,,,
17/02/2024,11:00,,,,,,,,,,,,,,,,
17/02/2024,12:00,,,,,,,,,,,,,,,,
17/02/2024,13:00,,,,,,,,,,,,,,,,
17/02/2024,14:00,,,,,,,,,,,,,,,,
17/02/2024,15:00,,,,,,,,,,,,,,,,
17/02/2024,16:00,,,,,,,,,,,,,,,,
17/02/2024,17:00,,,,,,,,,,,,,,,,
17/02/2024,18:00,,,,,,,,,,,,,,,,
17/02/2024,19:00,,,,,,,,,,,,,,,,
17/02/2024,20:00,,,,,,,,,,,,,,,,
17/02/2024,21:00,,,,,,,,,,,,,,,,
17/02/2024,22:00,,,,,,,,,,,,,,,,
17/02/2024,23:00,,,,,,,,,,,,,,,,
18/02/2024,00:00,,,,,,,,,,,,,,,,
18/02/2024,01:00,,,,,,,,,,,,,,,,
18/02/2024,02:00,,,,,,,,,,,,,,,,
18/02/2024,03:00,,,,,,,,,,,,,,,,
18/02/2024,04:00,,,,,,,,,,,,,,,,
18/02/2024,05:00,,,,,,,,,,,,,,,,
18/02/2024,06:00,,,,,,,,,,,,,,,,
18/02/2024,07:00,,,,,,,,,,,,,,,,
18/02/2024,08:00,,,,,,,,,,,,,,,,
18/02/2024,09:00,,,,,,,,,,,,,,,,
18/02/2024,10:00,,,,,,,,,,,,,,,,
18/02/2024,11:00,,,,,,,,,,,,,,,,
18/02/2024,12:00,,,,,,,,,,,,,,,,
18/02/2024,13:00,,,,,,,,,,,,,,,,
18/02/2024,14:00,,,,,,,,,,,,,,,,
18/02/2024,15:00,,,,,,,,,,,,,,,,
18/02/2024,16:00,,,,,,,,,,,,,,,,
18/02/2024,17:00,,,,,,,,,,,,,,,,
18/02/2024,18:00,,,,,,,,,,,,,,,,
18/02/2024,19:00,,,,,,,,,,,,,,,,
18/02/2024,20:00,,,,,,,,,,,,,,,,
18/02/2024,21:00,,,,,,,,,,,,,,,,
18/02/2024,22:00,,,,,,,,,,,,,,,,
18/02/2024,23:00,,,,,,,,,,,,,,,,
19/02/2024,00:00,,,,,,,,,,,,,,,,
19/02/2024,01:00,,,,,,,,,,,,,,,,
19/02/2024,02:00,,,,,,,,,,,,,,,,
19/02/2024,03:00,,,,,,,,,,,,,,,,
19/02/2024,04:00,,,,,,,,,,,,,,,,
19/02/2024,05:00,,,,,,,,,,,,,,,,
19/02/2024,06:00,,,,,,,,,,,,,,,,
19/02/2024,07:00,,,,,,,,,,,,,,,,
19/02/2024,08:00,,,,,,,,,,,,,,,,
19/02/2024,09:00,,,,,,,,,,,,,,,,
19/02/2024,10:00,,,,,,,,,,,,,,,,
19/02/2024,11:00,,,,,,,,,,,,,,,,
19/02/2024,12:00,,,,,,,,,,,,,,,,
19/02/2024,13:00,,,,,,,,,,,,,,,,
19/02/2024,14:00,,,,,,,,,,,,,,,,
19/02/2024,15:00,,,,,,,,,,,,,,,,
19/02/2024,16:00,,,,,,,,,,,,,,,,
19/02/2024,17:00,,,,,,,,,,,,,,,,
19/02/2024,18:00,,,,,,,,,,,,,,,,
19/02/2024,19:00,,,,,,,,,,,,,,,,
19/02/2024,20:00,,,,,,,,,,,,,,,,
19/02/2024,21:00,,,,,,,,,,,,,,,,
19/02/2024,22:00,,,,,,,,,,,,,,,,
19/02/2024,23:00,,,,,,,,,,,,,,,,
20/02/2024,00:00,,,,,,,,,,,,,,,,
20/02/2024,01:00,,,,,,,,,,,,,,,,
20/02/2024,02:00,,,,,,,,,,,,,,,,
20/02/2024,03:00,,,,,,,,,,,,,,,,
20/02/2024,04:00,,,,,,,,,,,,,,,,
20/02/2024,05:00,,,,,,,,,,,,,,,,
20/02/2024,06:00,,,,,,,,,,,,,,,,
20/02/2024,07:00,,,,,,,,,,,,,,,,
20/02/2024,08:00,,,,,,,,,,,,,,,,
20/02/2024,09:00,,,,,,,,,,,,,,,,
20/02/2024,10:00,,,,,,,,,,,,,,,,
20/02/2024,11:00,,,,,,,,,,,,,,,,
20/02/2024,12:00,,,,,,,,,,,,,,,,
20/02/2024,13:00,,,,,,,,,,,,,,,,
20/02/2024,14:00,,,,,,,,,,,,,,,,
20/02/2024,15:00,,,,,,,,,,,,,,,,
20/02/2024,16:00,,,,,,,,,,,,,,,,
20/02/2024,17:00,,,,,,,,,,,,,,,,
20/02/2024,18:00,,,,,,,,,,,,,,,,
20/02/2024,19:00,,,,,,,,,,,,,,,,
20/02/2024,20:00,,,,,,,,,,,,,,,,
20/02/2024,21:00,,,,,,,,,,,,,,,,
20/02/2024,22:00,,,,,,,,,,,,,,,,
20/02/2024,23:00,,,,,,,,,,,,,,,,
21/02/2024,00:00,,,,,,,,,,,,,,,,
21/02/2024,01:00,,,,,,,,,,,,,,,,
21/02/2024,02:00,,,,,,,,,,,,,,,,
21/02/2024,03:00,,,,,,,,,,,,,,,,
21/02/2024,04:00,,,,,,,,,,,,,,,,
21/02/2024,05:00,,,,,,,,,,,,,,,,
21/02/2024,06:00,,,,,,,,,,,,,,,,
21/02/2024,07:00,,,,,,,,,,,,,,,,
21/02/2024,08:00,,,,,,,,,,,,,,,,
21/02/2024,09:00,,,,,,,,,,,,,,,,
21/02/2024,10:00,,,,,,,,,,,,,,,,
21/02/2024,11:00,,,,,,,,,,,,,,,,
21/02/2024,12:00,,,,,,,,,,,,,,,,
21/02/2024,13:00,,,,,,,,,,,,,,,,
21/02/2024,14:00,,,,,,,,,,,,,,,,
21/02/2024,15:00,80,4.3,15.3,1.0,30.3,,,,,0.001,0.001,0.002,0.000,12.0,4.4,10
21/02/2024,16:00,73,3.5,16.2,1.1,29.7,,,,,0.000,0.000,0.001,0.000,11.8,4.4,11
21/02/2024,17:00,64,3.2,15.5,1.0,28.6,,,,,0.000,0.000,0.000,0.000,12.2,4.5,10
21/02/2024,18:00,66,2.7,15.8,0.9,27.7,,,,,0.000,0.000,0.000,0.000,12.0,4.4,10
21/02/2024,19:00,71,2.3,15.9,0.7,27.5,,,,,0.000,0.000,0.000,0.000,14.8,4.7,11
21/02/2024,20:00,63,1.5,18.1,0.5,27.3,,,,,0.000,0.000,0.001,0.000,13.3,4.8,11
21/02/2024,21:00,67,1.2,17.5,0.4,27.1,,,,,0.000,0.000,0.000,0.000,13.7,4.6,11
21/02/2024,22:00,64,1.2,16.9,0.4,26.9,,,,,0.000,0.000,0.000,0.000,13.3,4.6,11
21/02/2024,23:00,68,0.8,33.9,0.3,26.5,,,,,0.000,0.000,0.000,0.000,12.9,4.6,11
22/02/2024,00:00,133,0.4,42.2,0.2,25.2,,,,,0.001,0.004,0.006,0.000,12.6,4.6,10
22/02/2024,01:00,230,0.3,46.8,0.3,24.6,,,,,0.001,0.006,0.007,0.000,13.4,4.8,9
22/02/2024,02:00,276,1.4,10.3,0.3,24.1,,,,,0.001,0.005,0.006,0.000,12.4,4.8,11
22/02/2024,03:00,268,2.1,10.5,0.4,23.9,,,,,0.001,0.003,0.004,0.000,11.5,4.6,10
22/02/2024,04:00,269,1.9,12.6,0.4,23.4,,,,,0.002,0.003,0.005,0.000,12.0,4.6,10
22/02/2024,05:00,259,2.4,13.0,0.5,23.3,,,,,0.003,0.003,0.006,0.000,11.6,4.6,11
22/02/2024,06:00,256,2.7,10.9,0.6,24.0,,,,,0.010,0.007,0.017,0.000,18.0,5.3,13
22/02/2024,07:00,269,1.2,27.5,0.4,26.6,,,,,0.003,0.003,0.005,0.000,16.5,5.6,15
22/02/2024,08:00,129,1.3,26.7,0.5,29.4,,,,,0.026,0.010,0.036,0.011,12.4,5.1,15
22/02/2024,09:00,82,1.7,26.0,0.7,30.8,,,,,0.003,0.003,0.007,0.006,13.2,5.2,13
22/02/2024,10:00,59,2.8,16.4,0.7,30.9,,,,,0.001,0.001,0.001,0.001,12.0,4.4,9
22/02/2024,11:00,71,3.9,16.1,1.0,31.0,,,,,0.004,0.001,0.005,0.001,11.0,4.1,9
22/02/2024,12:00,79,3.9,16.5,1.0,31.3,,,,,0.000,0.000,0.000,0.000,11.1,4.1,9
22/02/2024,13:00,74,3.8,17.6,1.0,31.7,,,,,0.000,0.000,0.000,0.000,10.3,4.0,9
22/02/2024,14:00,73,3.8,16.3,1.0,31.4,,,,,0.002,0.002,0.003,0.000,9.8,3.9,8
22/02/2024,15:00,77,3.0,17.9,0.8,30.0,,,,,0.000,0.000,0.000,0.000,10.5,4.0,9
22/02/2024,16:00,59,2.6,14.6,0.8,29.0,,,,,0.000,0.000,0.000,0.000,10.7,4.1,9
22/02/2024,17:00,51,1.7,17.2,0.6,28.4,,,,,0.000,0.002,0.003,0.000,10.4,4.1,9
22/02/2024,18:00,52,1.3,19.8,0.4,27.7,,,,,0.000,0.001,0.002,0.000,11.5,4.1,9
22/02/2024,19:00,56,1.1,17.2,0.4,27.4,,,,,0.000,0.000,0.000,0.000,10.2,3.9,9
22/02/2024,20:00,32,0.6,26.6,0.2,26.7,,,,,0.000,0.001,0.001,0.000,10.6,3.9,8
22/02/2024,21:00,307,0.4,27.2,0.1,26.0,,,,,0.002,0.005,0.006,0.000,13.3,4.3,9
22/02/2024,22:00,297,0.7,9.5,0.1,24.9,,,,,0.005,0.007,0.012,0.000,14.8,4.6,10
22/02/2024,23:00,300,0.9,9.0,0.1,24.5,,,,,0.001,0.005,0.006,0.000,12.5,4.3,9
23/02/2024,00:00,292,1.1,10.9,0.2,24.4,,,,,0.002,0.005,0.007,0.000,11.5,4.1,9
23/02/2024,01:00,276,1.7,8.1,0.2,24.2,,,,,0.002,0.004,0.006,0.000,10.8,4.2,7
23/02/2024,02:00,268,1.7,11.2,0.3,23.7,,,,,0.001,0.004,0.005,0.000,11.5,4.1,9
23/02/2024,03:00,273,1.7,10.0,0.3,23.6,,,,,0.001,0.004,0.006,0.000,10.6,4.2,9
23/02/2024,04:00,267,1.1,21.5,0.3,23.3,,,,,0.003,0.005,0.008,0.000,11.1,4.1,9
23/02/2024,05:00,261,2.3,10.1,0.4,23.2,,,,,0.005,0.006,0.011,0.000,10.7,4.3,10
23/02/2024,06:00,266,2.0,10.1,0.4,24.2,,,,,0.051,0.012,0.063,0.002,17.6,5.4,13
23/02/2024,07:00,269,2.1,13.7,0.4,26.8,,,,,0.004,0.003,0.007,0.000,16.9,5.0,12
23/02/2024,08:00,272,2.4,12.3,0.4,28.4,,,,,0.001,0.001,0.002,0.000,12.1,4.3,10
23/02/2024,09:00,277,1.4,32.7,0.5,30.2,,,,,0.001,0.002,0.004,0.001,11.5,4.7,12
23/02/2024,10:00,59,2.1,31.0,0.7,32.3,,,,,0.012,0.008,0.020,0.007,11.0,4.6,10
23/02/2024,11:00,66,3.1,18.3,0.8,32.3,,,,,0.019,0.010,0.028,0.014,12.3,5.9,16
23/02/2024,12:00,65,3.7,14.6,0.9,32.3,,,,,0.001,0.002,0.002,0.003,10.2,4.6,15
23/02/2024,13:00,74,4.0,14.9,1.0,31.7,,,,,0.002,0.001,0.004,0.001,11.6,4.9,13
23/02/2024,14:00,78,3.7,17.0,0.9,31.6,,,,,0.000,0.000,0.000,0.000,12.3,5.9,14
23/02/2024,15:00,77,3.1,16.1,0.9,31.2,,,,,0.000,0.000,0.000,0.000,10.3,3.7,8
23/02/2024,16:00,62,2.6,17.4,0.8,30.2,,,,,0.000,0.000,0.000,0.000,9.2,3.4,7
23/02/2024,17:00,41,2.0,19.0,0.7,30.0,,,,,0.000,0.000,0.001,0.000,11.2,3.5,7
23/02/2024,18:00,29,1.2,24.2,0.4,28.2,,,,,0.000,0.000,0.000,0.000,11.6,3.6,7
23/02/2024,19:00,18,1.0,18.6,0.4,27.6,,,,,0.000,0.001,0.001,0.000,11.6,3.5,7
23/02/2024,20:00,15,0.7,19.6,0.3,27.1,,,,,0.000,0.000,0.000,0.000,13.4,3.4,7
23/02/2024,21:00,311,0.3,18.7,0.1,26.2,,,,,0.003,0.004,0.006,0.000,12.4,3.9,8
23/02/2024,22:00,288,0.5,16.3,0.1,24.9,,,,,0.005,0.008,0.013,0.000,11.8,4.0,9
23/02/2024,23:00,298,0.8,9.9,0.1,24.3,,,,,0.002,0.006,0.007,0.000,13.5,4.3,10
24/02/2024,00:00,303,0.9,8.8,0.2,23.7,,,,,0.002,0.006,0.007,0.000,13.0,4.2,10
24/02/2024,01:00,301,0.9,9.5,0.2,23.1,,,,,0.003,0.004,0.007,0.000,10.2,3.8,7
24/02/2024,02:00,293,1.2,7.9,0.2,22.9,,,,,0.005,0.005,0.010,0.000,10.2,3.7,8
24/02/2024,03:00,280,1.6,9.6,0.2,23.0,,,,,0.004,0.004,0.008,0.000,10.0,3.7,8
24/02/2024,04:00,267,1.4,11.3,0.3,23.2,,,,,0.001,0.004,0.005,0.000,10.2,3.9,9
24/02/2024,05:00,267,1.3,13.6,0.3,23.4,,,,,0.005,0.006,0.012,0.000,11.5,4.1,10
24/02/2024,06:00,268,1.2,19.2,0.4,24.2,,,,,0.013,0.010,0.023,0.000,13.0,4.4,10
24/02/2024,07:00,273,1.7,13.2,0.4,25.4,,,,,0.003,0.003,0.006,0.000,9.8,4.0,9
24/02/2024,08:00,272,1.7,14.8,0.3,27.1,,,,,0.030,0.012,0.042,0.001,12.6,4.1,10
24/02/2024,09:00,276,1.2,28.5,0.4,28.8,,,,,0.001,0.002,0.003,0.001,9.8,3.6,8
24/02/2024,10:00,68,1.4,30.8,0.6,31.0,,,,,0.020,0.011,0.031,0.009,10.6,5.0,10
24/02/2024,11:00,60,2.0,16.4,0.5,30.3,,,,,0.026,0.017,0.043,0.017,13.2,5.4,15
24/02/2024,12:00,59,2.2,17.4,0.6,30.7,,,,,0.010,0.012,0.022,0.013,15.2,5.8,18
24/02/2024,13:00,60,2.7,15.3,0.7,30.8,,,,,0.002,0.006,0.008,0.008,10.9,4.6,14
24/02/2024,14:00,70,2.6,17.2,0.7,31.0,,,,,0.002,0.005,0.006,0.009,10.7,4.3,13
24/02/2024,15:00,74,3.0,14.1,0.8,30.6,,,,,0.000,0.001,0.001,0.002,9.0,3.6,9
24/02/2024,16:00,76,2.8,14.6,0.7,29.2,,,,,0.000,0.000,0.000,0.001,9.0,3.2,6
24/02/2024,17:00,74,1.9,15.4,0.5,28.4,,,,,0.000,0.000,0.000,0.000,8.2,2.9,6
24/02/2024,18:00,96,0.9,24.3,0.3,27.2,,,,,0.000,0.001,0.001,0.000,10.1,3.1,6
24/02/2024,19:00,176,0.3,31.9,0.2,26.2,,,,,0.003,0.005,0.008,0.000,12.6,3.7,7
24/02/2024,20:00,154,1.5,21.7,0.6,26.8,,,,,0.001,0.004,0.005,0.000,10.7,3.4,8
24/02/2024,21:00,178,2.2,25.7,0.9,26.4,,,,,0.001,0.003,0.005,0.001,14.1,4.4,11
24/02/2024,22:00,237,1.5,23.0,0.6,25.3,,,,,0.000,0.001,0.002,0.001,9.9,3.8,10
24/02/2024,23:00,220,1.5,28.6,0.7,24.6,,,,,0.001,0.004,0.004,0.001,12.6,4.1,11
25/02/2024,00:00,203,0.9,31.7,0.5,24.2,,,,,0.000,0.003,0.003,0.001,16.6,4.6,13
25/02/2024,01:00,162,3.4,17.6,1.1,24.3,,,,,0.001,0.003,0.004,0.000,16.9,4.8,10
25/02/2024,02:00,155,2.9,17.6,1.0,23.7,,,,,0.000,0.002,0.002,0.000,13.2,4.0,9
25/02/2024,03:00,151,2.3,19.2,0.8,22.9,,,,,0.000,0.003,0.003,0.000,13.4,3.9,9
25/02/2024,04:00,160,2.8,19.3,1.0,22.7,,,,,0.001,0.003,0.004,0.000,22.7,5.1,11
25/02/2024,05:00,182,2.2,18.4,0.8,22.9,,,,,0.001,0.007,0.008,0.001,12.5,4.3,11
25/02/2024,06:00,227,1.9,28.2,0.8,23.0,,,,,0.002,0.007,0.009,0.003,11.6,4.1,10
25/02/2024,07:00,233,2.3,17.1,0.7,23.6,,,,,0.001,0.003,0.004,0.001,13.2,3.9,9
25/02/2024,08:00,161,1.9,22.5,0.7,25.6,,,,,0.002,0.004,0.006,0.001,15.1,3.9,8
25/02/2024,09:00,148,2.4,18.6,0.8,27.2,,,,,0.001,0.002,0.002,0.000,10.5,3.3,6
25/02/2024,10:00,140,1.9,22.3,0.6,28.7,,,,,0.002,0.005,0.008,0.000,13.0,3.4,7
25/02/2024,11:00,121,3.3,17.2,0.9,30.0,,,,,0.006,0.006,0.012,0.005,9.8,3.5,7
25/02/2024,12:00,108,2.6,19.6,0.7,30.1,,,,,0.013,0.011,0.025,0.012,9.5,4.0,10
25/02/2024,13:00,121,2.9,23.0,0.8,30.9,,,,,0.012,0.009,0.021,0.012,11.3,4.3,11
25/02/2024,14:00,112,3.3,19.6,1.0,31.1,,,,,0.004,0.004,0.008,0.007,11.3,5.0,14
25/02/2024,15:00,109,2.7,16.9,0.8,30.6,,,,,0.014,0.009,0.022,0.012,9.8,4.8,13
25/02/2024,16:00,85,2.6,16.7,0.8,30.5,,,,,0.011,0.007,0.018,0.009,10.8,4.3,10
25/02/2024,17:00,89,2.1,16.2,0.6,29.7,,,,,0.001,0.004,0.005,0.004,10.4,4.1,10
25/02/2024,18:00,88,2.3,14.5,0.7,28.8,,,,,0.000,0.004,0.004,0.001,12.6,4.5,10
25/02/2024,19:00,108,1.7,15.2,0.5,28.4,,,,,0.000,0.004,0.004,0.001,12.7,4.3,10
25/02/2024,20:00,113,2.8,16.2,0.9,28.0,,,,,0.032,0.012,0.045,0.011,10.2,4.1,9
25/02/2024,21:00,115,1.8,17.0,0.5,27.2,,,,,0.008,0.010,0.018,0.012,11.3,4.5,11
25/02/2024,22:00,119,1.9,18.0,0.6,26.7,,,,,0.007,0.011,0.018,0.010,9.9,4.3,11
25/02/2024,23:00,133,1.9,18.3,0.6,26.5,,,,,0.000,0.004,0.005,0.006,10.1,4.3,12
26/02/2024,00:00,148,2.0,18.8,0.7,26.3,,,,,0.000,0.009,0.009,0.001,9.3,4.5,16
26/02/2024,01:00,153,2.2,17.7,0.8,26.2,,,,,0.000,0.001,0.001,0.001,11.2,4.6,11
26/02/2024,02:00,150,1.9,16.1,0.6,26.2,,,,,0.000,0.002,0.002,0.000,11.8,4.9,13
26/02/2024,03:00,163,2.4,16.2,0.7,25.8,,,,,0.000,0.001,0.002,0.000,12.1,4.8,13
26/02/2024,04:00,159,2.2,17.0,0.8,25.6,,,,,0.000,0.002,0.002,0.000,10.9,4.5,12
26/02/2024,05:00,155,2.6,16.9,0.9,25.7,,,,,0.001,0.004,0.005,0.000,13.5,4.6,11
26/02/2024,06:00,151,2.7,20.1,1.0,26.4,,,,,0.002,0.004,0.007,0.000,15.1,4.7,11
26/02/2024,07:00,148,2.7,19.5,0.8,27.7,,,,,0.003,0.004,0.008,0.000,11.1,4.2,11
26/02/2024,08:00,123,3.0,19.8,0.9,29.5,,,,,0.002,0.002,0.004,0.000,9.1,3.8,9
26/02/2024,09:00,104,3.0,19.6,0.9,30.6,,,,,0.023,0.011,0.033,0.012,8.8,3.7,8
26/02/2024,10:00,81,3.3,22.6,1.0,32.0,,,,,0.016,0.011,0.027,0.015,11.0,4.3,10
26/02/2024,11:00,59,4.5,15.4,1.2,31.4,,,,,0.001,0.001,0.002,0.003,11.4,3.9,8
26/02/2024,12:00,69,4.6,15.3,1.3,32.0,,,,,0.001,0.002,0.002,0.001,9.8,3.7,9
26/02/2024,13:00,77,4.9,15.4,1.4,31.5,,,,,0.000,0.000,0.000,0.000,9.8,3.7,8
26/02/2024,14:00,76,5.2,14.4,1.4,31.5,,,,,0.000,0.000,0.000,0.000,11.3,3.8,7
26/02/2024,15:00,82,4.9,17.3,1.4,31.1,,,,,0.000,0.000,0.000,0.000,10.0,3.7,7
26/02/2024,16:00,86,4.3,17.0,1.2,30.6,,,,,0.000,0.000,0.000,0.000,9.8,4.0,8
26/02/2024,17:00,82,3.6,16.9,1.1,29.4,,,,,0.000,0.000,0.001,0.000,11.7,4.3,9
26/02/2024,18:00,95,3.1,17.0,0.9,28.3,,,,,0.000,0.001,0.001,0.000,11.6,4.5,10
26/02/2024,19:00,102,3.3,15.3,1.1,28.1,,,,,0.000,0.000,0.000,0.000,12.8,4.4,9
26/02/2024,20:00,96,3.0,16.0,0.9,28.1,,,,,0.000,0.001,0.001,0.000,14.5,4.3,9
26/02/2024,21:00,102,2.7,14.4,0.7,27.9,,,,,0.000,0.003,0.003,0.000,12.3,4.4,9
26/02/2024,22:00,123,2.0,15.7,0.5,27.6,,,,,0.009,0.011,0.020,0.005,12.9,4.6,9
26/02/2024,23:00,139,1.6,17.4,0.6,27.0,,,,,0.001,0.007,0.007,0.003,20.2,4.8,13
27/02/2024,00:00,137,1.6,17.4,0.5,26.5,,,,,0.001,0.010,0.012,0.002,25.8,5.2,21
27/02/2024,01:00,145,1.3,15.7,0.4,26.1,,,,,0.001,0.009,0.010,0.002,21.0,5.0,19
27/02/2024,02:00,152,1.5,18.2,0.5,26.1,,,,,0.001,0.007,0.008,0.001,31.8,5.2,12
27/02/2024,03:00,147,1.7,15.5,0.5,25.9,,,,,0.002,0.007,0.009,0.001,20.5,4.6,10
27/02/2024,04:00,149,1.9,17.1,0.6,25.5,,,,,0.001,0.003,0.005,0.000,39.0,5.4,11
27/02/2024,05:00,151,1.9,16.6,0.6,25.4,,,,,0.001,0.003,0.005,0.000,15.9,4.3,9
27/02/2024,06:00,155,2.0,20.1,0.7,26.2,,,,,0.002,0.004,0.006,0.000,16.9,4.2,9
27/02/2024,07:00,135,3.1,18.0,0.9,27.8,,,,,0.004,0.006,0.009,0.000,13.8,3.7,10
27/02/2024,08:00,120,3.9,17.4,1.2,29.2,,,,,0.004,0.005,0.008,0.000,10.0,3.5,7
27/02/2024,09:00,110,4.4,17.7,1.2,30.3,,,,,0.010,0.007,0.016,0.006,12.8,3.7,7
27/02/2024,10:00,99,4.7,17.4,1.4,31.3,,,,,0.006,0.006,0.012,0.006,13.0,3.9,8
27/02/2024,11:00,96,5.1,16.1,1.5,31.5,,,,,0.005,0.006,0.011,0.006,13.5,4.1,8
27/02/2024,12:00,90,5.2,15.9,1.4,32.1,,,,,0.003,0.003,0.006,0.002,16.8,4.2,9
27/02/2024,13:00,72,5.3,14.8,1.5,31.8,,,,,0.001,0.000,0.001,0.001,12.4,4.4,9
27/02/2024,14:00,76,4.9,16.0,1.4,31.6,,,,,0.000,0.000,0.001,0.000,12.6,4.5,10
27/02/2024,15:00,79,5.0,14.0,1.3,31.0,,,,,0.000,0.000,0.000,0.000,12.8,4.6,10
27/02/2024,16:00,82,4.5,16.0,1.2,30.3,,,,,0.000,0.000,0.000,0.000,16.1,5.6,14
27/02/2024,17:00,89,4.7,14.7,1.3,29.2,,,,,0.000,0.000,0.001,0.000,15.9,5.8,14
27/02/2024,18:00,97,4.1,15.8,1.3,28.2,,,,,0.000,0.001,0.001,0.000,15.4,5.8,15
27/02/2024,19:00,104,3.9,14.7,1.1,28.0,,,,,0.000,0.002,0.002,0.000,17.3,6.2,15
27/02/2024,20:00,105,3.5,14.8,1.0,27.7,,,,,0.000,0.006,0.006,0.002,19.2,6.1,15
27/02/2024,21:00,121,2.5,15.6,0.7,27.2,,,,,0.001,0.009,0.010,0.007,18.6,6.1,15
27/02/2024,22:00,128,2.6,14.5,0.8,26.7,,,,,0.002,0.009,0.012,0.012,16.9,6.0,14
27/02/2024,23:00,134,2.4,16.8,0.8,26.3,,,,,0.000,0.004,0.005,0.007,16.1,6.1,18
28/02/2024,00:00,140,1.8,19.3,0.6,25.8,,,,,0.000,0.008,0.008,0.004,17.0,6.7,23
28/02/2024,01:00,151,1.5,17.0,0.5,25.1,,,,,0.001,0.009,0.009,0.002,18.2,6.1,13
28/02/2024,02:00,151,1.6,16.4,0.5,24.7,,,,,0.001,0.010,0.010,0.001,15.3,5.8,15
28/02/2024,03:00,151,1.6,16.2,0.5,24.5,,,,,0.001,0.007,0.008,0.000,16.4,5.6,14
28/02/2024,04:00,152,1.8,19.0,0.6,24.6,,,,,0.001,0.004,0.005,0.000,17.8,5.8,14
28/02/2024,05:00,155,1.7,17.4,0.6,24.4,,,,,0.002,0.007,0.009,0.000,15.8,5.8,14
28/02/2024,06:00,157,1.7,18.2,0.5,25.4,,,,,0.003,0.006,0.009,0.000,16.3,5.8,14
28/02/2024,07:00,136,2.1,18.9,0.8,27.4,,,,,0.006,0.009,0.014,0.001,16.9,6.1,22
28/02/2024,08:00,125,3.2,17.9,0.9,28.7,,,,,0.011,0.010,0.021,0.007,16.5,5.7,15
28/02/2024,09:00,95,4.0,16.8,1.1,29.9,,,,,0.010,0.007,0.017,0.007,17.0,5.7,13
28/02/2024,10:00,85,4.5,17.4,1.4,30.8,,,,,0.001,0.002,0.003,0.002,14.9,5.0,10
28/02/2024,11:00,67,4.4,17.4,1.2,30.9,,,,,0.001,0.001,0.002,0.001,13.4,5.3,11
28/02/2024,12:00,67,4.4,17.1,1.3,31.0,,,,,0.002,0.001,0.003,0.000,13.3,5.3,11
28/02/2024,13:00,68,4.6,15.8,1.3,31.3,,,,,0.000,0.000,0.000,0.000,13.8,5.4,11
28/02/2024,14:00,75,4.7,15.4,1.3,31.0,,,,,0.000,0.000,0.000,0.000,13.4,5.5,12
28/02/2024,15:00,79,4.6,17.1,1.3,30.7,,,,,0.000,0.000,0.000,0.000,13.9,5.4,12
28/02/2024,16:00,83,4.6,16.3,1.3,30.1,,,,,0.000,0.000,0.001,0.000,14.7,5.3,12
28/02/2024,17:00,87,4.6,14.4,1.3,28.9,,,,,0.000,0.001,0.001,0.000,14.8,5.2,11
28/02/2024,18:00,92,3.9,15.6,1.2,27.7,,,,,0.000,0.001,0.001,0.000,14.9,5.2,11
28/02/2024,19:00,98,3.1,15.0,0.9,27.6,,,,,0.000,0.000,0.000,0.000,14.0,5.1,11
28/02/2024,20:00,111,2.1,16.4,0.6,27.2,,,,,0.000,0.004,0.004,0.001,17.7,5.6,12
28/02/2024,21:00,129,1.8,16.7,0.5,26.8,,,,,0.002,0.010,0.012,0.003,14.7,5.4,15
28/02/2024,22:00,138,1.8,15.5,0.6,26.2,,,,,0.000,0.004,0.005,0.001,13.2,5.4,14
28/02/2024,23:00,130,1.7,20.9,0.5,26.0,,,,,0.000,0.007,0.007,0.002,12.5,5.2,15
29/02/2024,00:00,145,1.2,19.1,0.5,25.4,,,,,0.001,0.009,0.010,0.000,13.5,5.1,14
29/02/2024,01:00,155,1.9,16.8,0.6,25.3,,,,,0.000,0.002,0.002,0.000,24.7,5.9,12
29/02/2024,02:00,155,2.3,18.9,0.8,25.3,,,,,0.001,0.002,0.003,0.000,21.3,6.1,14
29/02/2024,03:00,150,1.8,19.6,0.7,25.0,,,,,0.001,0.003,0.003,0.000,14.7,5.5,14
29/02/2024,04:00,157,2.0,17.2,0.7,24.9,,,,,0.001,0.003,0.004,0.000,18.8,6.0,14
29/02/2024,05:00,159,2.1,19.8,0.7,24.6,,,,,0.002,0.004,0.006,0.000,24.0,6.3,15
29/02/2024,06:00,160,2.2,18.8,0.7,25.4,,,,,0.002,0.004,0.006,0.000,17.9,6.2,16
29/02/2024,07:00,146,2.5,18.3,0.9,27.2,,,,,0.007,0.005,0.012,0.000,15.3,6.2,17
29/02/2024,08:00,120,2.6,22.0,0.9,28.9,,,,,0.010,0.008,0.018,0.004,17.3,6.5,18
29/02/2024,09:00,102,3.5,17.7,1.1,29.3,,,,,0.016,0.009,0.025,0.012,17.6,6.7,17
29/02/2024,10:00,83,4.2,18.6,1.1,30.3,,,,,0.004,0.004,0.008,0.004,17.1,6.1,14
29/02/2024,11:00,68,4.5,15.3,1.3,30.5,,,,,0.001,0.001,0.002,0.001,13.9,5.8,13
29/02/2024,12:00,66,4.4,16.7,1.3,30.7,,,,,0.001,0.000,0.001,0.000,16.5,6.6,15
29/02/2024,13:00,73,4.8,16.2,1.4,30.8,,,,,0.000,0.000,0.000,0.000,16.6,6.4,14
29/02/2024,14:00,73,4.5,17.4,1.2,30.8,,,,,0.000,0.000,0.001,0.000,14.7,6.2,14
29/02/2024,15:00,71,4.0,16.9,1.2,30.6,,,,,0.000,0.000,0.000,0.000,15.8,6.3,15
29/02/2024,16:00,77,4.0,16.0,1.1,29.8,,,,,0.000,0.000,0.000,0.000,15.8,6.4,15
29/02/2024,17:00,80,3.4,16.5,1.0,28.9,,,,,0.000,0.001,0.001,0.000,18.4,6.9,17
29/02/2024,18:00,78,2.5,15.5,0.8,27.5,,,,,0.000,0.001,0.001,0.000,18.7,7.3,18
29/02/2024,19:00,94,2.3,14.1,0.6,27.2,,,,,0.000,0.002,0.002,0.000,18.9,7.3,19
29/02/2024,20:00,93,2.7,15.1,0.8,27.2,,,,,0.000,0.001,0.001,0.000,19.7,7.6,20
29/02/2024,21:00,97,2.6,16.8,0.7,27.1,,,,,0.000,0.002,0.002,0.000,20.6,7.5,20
29/02/2024,22:00,101,2.4,14.9,0.7,26.9,,,,,0.000,0.001,0.001,0.000,19.7,7.1,19
29/02/2024,23:00,112,1.8,16.9,0.5,26.3,,,,,0.000,0.003,0.003,0.000,19.7,7.0,18
01/03/2024,00:00,155,1.5,15.1,0.5,25.3,,,,,0.000,0.006,0.007,0.001,30.6,7.9,21
01/03/2024,01:00,155,1.3,18.2,0.4,24.9,,,,,0.000,0.005,0.005,0.000,23.9,7.2,16
01/03/2024,02:00,151,1.5,17.2,0.5,24.5,,,,,0.000,0.002,0.003,0.000,19.2,6.7,17
01/03/2024,03:00,207,0.9,19.6,0.5,23.6,,,,,0.000,0.003,0.003,0.000,21.9,6.8,17
01/03/2024,04:00,267,1.9,13.1,0.4,21.6,,,,,0.001,0.005,0.006,0.000,16.4,6.7,18
01/03/2024,05:00,262,2.5,12.2,0.6,21.0,,,,,0.002,0.005,0.007,0.000,15.1,6.8,19
01/03/2024,06:00,256,2.8,10.3,0.6,21.7,,,,,0.020,0.004,0.024,0.000,18.7,7.1,20
01/03/2024,07:00,258,2.9,9.8,0.5,24.6,,,,,0.017,0.004,0.021,0.000,25.9,7.5,20
01/03/2024,08:00,138,1.5,25.6,0.7,28.3,,,,,0.011,0.008,0.019,0.005,19.7,6.4,16
01/03/2024,09:00,98,1.8,26.2,0.8,29.4,,,,,0.025,0.014,0.039,0.019,16.5,6.1,16
01/03/2024,10:00,64,3.8,16.5,1.0,30.1,,,,,0.002,0.002,0.004,0.003,15.7,5.4,12
01/03/2024,11:00,64,4.4,14.9,1.1,30.5,,,,,0.001,0.001,0.002,0.001,15.8,5.6,12
01/03/2024,12:00,72,4.5,16.9,1.2,30.7,,,,,0.001,0.001,0.002,0.000,16.1,5.7,12
01/03/2024,13:00,67,4.2,17.9,1.2,31.0,,,,,0.000,0.000,0.000,0.000,15.0,5.2,12
01/03/2024,14:00,71,4.4,16.6,1.2,30.6,,,,,0.002,0.003,0.005,0.000,14.6,5.3,11
01/03/2024,15:00,77,4.3,15.2,1.1,30.2,,,,,0.000,0.000,0.000,0.000,13.3,4.9,10
01/03/2024,16:00,78,4.3,15.7,1.1,29.6,,,,,0.000,0.000,0.000,0.000,15.3,4.9,10
01/03/2024,17:00,85,3.6,14.9,1.0,28.8,,,,,0.000,0.000,0.000,0.000,14.2,4.6,10
01/03/2024,18:00,89,3.1,13.9,0.8,27.4,,,,,0.000,0.001,0.001,0.000,14.6,4.7,9
01/03/2024,19:00,91,3.0,13.6,0.8,27.1,,,,,0.000,0.001,0.001,0.000,15.1,4.8,10
01/03/2024,20:00,94,2.6,13.3,0.6,26.8,,,,,0.000,0.003,0.003,0.000,15.4,4.8,10
01/03/2024,21:00,102,2.4,15.8,0.7,26.7,,,,,0.000,0.002,0.002,0.000,16.5,4.8,10
01/03/2024,22:00,102,2.3,16.0,0.7,26.5,,,,,0.000,0.001,0.001,0.000,13.9,4.5,9
01/03/2024,23:00,137,1.4,15.6,0.5,25.6,,,,,0.000,0.008,0.009,0.001,22.9,5.0,15
02/03/2024,00:00,251,0.4,21.3,0.3,23.5,,,,,0.000,0.006,0.006,0.001,17.4,5.1,13
02/03/2024,01:00,278,1.5,14.5,0.3,22.5,,,,,0.000,0.002,0.002,0.001,12.9,4.7,7
02/03/2024,02:00,278,1.8,10.7,0.3,21.6,,,,,0.000,0.003,0.003,0.000,12.2,4.7,10
02/03/2024,03:00,281,1.7,8.9,0.3,20.6,,,,,0.001,0.003,0.004,0.000,11.8,4.6,10
02/03/2024,04:00,266,2.3,11.4,0.5,21.1,,,,,0.001,0.003,0.004,0.000,12.1,4.7,10
02/03/2024,05:00,260,2.4,12.6,0.6,21.6,,,,,0.002,0.003,0.004,0.000,11.3,4.4,9
02/03/2024,06:00,263,2.4,11.5,0.5,22.0,,,,,0.028,0.006,0.034,0.001,15.2,4.7,10
02/03/2024,07:00,260,2.4,12.6,0.5,23.7,,,,,0.023,0.015,0.037,0.001,26.6,5.1,10
02/03/2024,08:00,189,1.4,24.4,0.7,27.8,,,,,0.001,0.002,0.003,0.001,14.4,4.3,9
02/03/2024,09:00,93,1.8,32.6,0.8,30.3,,,,,0.014,0.008,0.022,0.011,10.8,3.8,8
02/03/2024,10:00,83,3.3,20.0,0.9,30.2,,,,,0.005,0.007,0.012,0.003,9.0,3.0,6
02/03/2024,11:00,82,3.7,18.2,0.9,30.8,,,,,0.000,0.000,0.001,0.001,8.6,2.3,4
02/03/2024,12:00,77,4.3,16.4,1.1,30.9,,,,,0.000,0.000,0.001,0.000,8.9,2.7,4
02/03/2024,13:00,83,4.2,17.6,1.1,31.2,,,,,0.002,0.004,0.006,0.000,8.8,3.5,5
02/03/2024,14:00,76,3.7,17.3,1.1,31.6,,,,,0.000,0.000,0.000,0.000,9.0,3.1,5
02/03/2024,15:00,58,3.0,22.3,1.0,31.3,,,,,0.000,0.000,0.000,0.000,10.0,3.5,6
02/03/2024,16:00,40,2.7,20.3,0.9,30.7,,,,,0.000,0.000,0.001,0.000,12.5,4.0,8
02/03/2024,17:00,32,2.0,20.5,0.8,29.6,,,,,0.000,0.001,0.001,0.000,11.7,4.0,8
02/03/2024,18:00,16,1.7,20.6,0.7,27.8,,,,,0.000,0.001,0.001,0.000,12.8,4.2,8
02/03/2024,19:00,3,0.9,24.9,0.4,27.0,,,,,0.000,0.001,0.001,0.000,14.3,4.2,9
02/03/2024,20:00,20,0.3,34.8,0.2,26.1,,,,,0.000,0.001,0.001,0.000,15.3,4.5,9
02/03/2024,21:00,196,0.1,24.9,0.1,25.2,,,,,0.001,0.004,0.005,0.000,16.7,4.8,10
02/03/2024,22:00,272,0.5,14.2,0.1,24.3,,,,,0.003,0.007,0.010,0.000,14.8,4.4,9
02/03/2024,23:00,290,0.6,14.6,0.1,24.3,,,,,0.001,0.005,0.006,0.000,13.0,4.4,9
03/03/2024,00:00,296,0.4,19.3,0.1,23.5,,,,,0.004,0.006,0.011,0.000,12.7,4.3,9
03/03/2024,01:00,298,0.6,15.9,0.2,22.8,,,,,0.007,0.005,0.012,0.001,13.1,4.5,8
03/03/2024,02:00,291,0.6,12.6,0.2,22.5,,,,,0.005,0.005,0.010,0.000,12.7,4.3,9
03/03/2024,03:00,300,0.8,24.0,0.2,22.3,,,,,0.006,0.006,0.011,0.000,11.7,4.2,9
03/03/2024,04:00,272,2.0,10.2,0.3,22.6,,,,,0.001,0.004,0.005,0.000,11.7,4.6,10
03/03/2024,05:00,282,1.3,11.2,0.3,22.4,,,,,0.002,0.004,0.006,0.000,10.7,4.4,10
03/03/2024,06:00,285,1.1,15.6,0.3,23.0,,,,,0.011,0.011,0.023,0.000,11.7,4.5,10
03/03/2024,07:00,299,0.9,15.9,0.2,26.5,,,,,0.008,0.004,0.012,0.000,15.4,4.7,12
03/03/2024,08:00,271,1.1,38.6,0.5,29.3,,,,,0.000,0.001,0.001,0.000,12.8,4.4,10
03/03/2024,09:00,276,1.2,35.7,0.5,30.7,,,,,0.000,0.000,0.000,0.000,11.7,4.3,9
03/03/2024,10:00,318,0.4,31.3,0.4,32.0,,,,,0.000,0.000,0.001,0.000,12.1,4.6,10
03/03/2024,11:00,68,3.1,17.9,0.8,32.7,,,,,0.003,0.001,0.004,0.000,11.6,4.7,10
03/03/2024,12:00,59,2.8,21.6,0.9,33.7,,,,,0.003,0.004,0.008,0.000,12.3,5.0,11
03/03/2024,13:00,68,3.9,15.7,1.0,33.5,,,,,0.000,0.001,0.001,0.000,10.7,4.6,10
03/03/2024,14:00,53,2.8,17.1,0.9,32.8,,,,,0.000,0.001,0.001,0.000,11.7,4.4,9
03/03/2024,15:00,47,3.3,18.4,1.0,32.6,,,,,0.000,0.000,0.001,0.000,13.0,4.5,9
03/03/2024,16:00,36,2.5,22.5,0.8,31.5,,,,,0.000,0.000,0.000,0.000,13.8,4.3,9
03/03/2024,17:00,18,1.6,20.5,0.6,30.2,,,,,0.000,0.000,0.000,0.000,13.8,4.4,9
03/03/2024,18:00,8,1.1,21.3,0.4,28.8,,,,,0.000,0.000,0.000,0.000,15.5,4.5,9
03/03/2024,19:00,12,1.1,19.7,0.4,28.0,,,,,0.000,0.001,0.001,0.000,13.1,4.2,8
03/03/2024,20:00,356,0.7,25.3,0.2,27.4,,,,,0.000,0.001,0.001,0.000,11.4,4.1,8
03/03/2024,21:00,303,0.6,15.3,0.2,27.0,,,,,0.000,0.001,0.001,0.000,10.2,4.0,8
03/03/2024,22:00,278,0.1,38.4,0.1,26.0,,,,,0.000,0.002,0.002,0.000,14.1,4.3,9
03/03/2024,23:00,292,0.4,30.5,0.2,25.2,,,,,0.000,0.004,0.004,0.000,11.5,4.2,9
04/03/2024,00:00,285,0.7,22.6,0.2,24.8,,,,,0.000,0.005,0.005,0.000,11.2,4.6,10
04/03/2024,01:00,294,0.9,15.6,0.2,24.4,,,,,0.001,0.007,0.008,0.000,10.6,4.5,8
04/03/2024,02:00,281,1.1,10.7,0.2,24.0,,,,,0.005,0.007,0.012,0.000,11.9,4.5,10
04/03/2024,03:00,264,2.1,9.3,0.3,24.0,,,,,0.001,0.003,0.004,0.000,11.0,4.4,9
04/03/2024,04:00,257,2.2,7.6,0.3,24.2,,,,,0.001,0.004,0.005,0.000,12.4,4.7,10
04/03/2024,05:00,255,2.5,8.7,0.3,24.5,,,,,0.006,0.006,0.012,0.000,14.9,4.9,11
04/03/2024,06:00,248,1.6,13.6,0.3,25.9,,,,,0.011,0.005,0.017,0.000,22.3,5.4,12
04/03/2024,07:00,257,1.1,17.9,0.3,27.5,,,,,0.003,0.005,0.008,0.000,24.6,5.5,12
04/03/2024,08:00,276,0.8,30.1,0.3,29.2,,,,,0.031,0.009,0.040,0.001,38.4,6.4,14
04/03/2024,09:00,325,0.6,48.7,0.5,31.3,,,,,0.001,0.002,0.002,0.000,23.9,5.8,12
04/03/2024,10:00,38,1.3,25.7,0.5,31.9,,,,,0.002,0.005,0.007,0.001,27.3,6.0,13
04/03/2024,11:00,16,0.7,38.7,0.6,32.3,,,,,0.001,0.004,0.005,0.001,15.8,5.6,13
04/03/2024,12:00,64,3.0,16.4,0.9,32.0,,,,,0.016,0.018,0.034,0.013,17.0,5.9,16
04/03/2024,13:00,65,2.6,17.7,0.7,30.6,,,,,0.001,0.006,0.007,0.007,16.0,5.6,15
04/03/2024,14:00,260,2.0,24.8,1.0,26.9,,,,,0.000,0.004,0.005,0.003,20.7,6.0,16
04/03/2024,15:00,269,1.8,26.8,0.8,22.4,,,,,0.000,0.002,0.002,0.000,16.4,6.0,17
04/03/2024,16:00,239,0.3,27.3,0.3,23.2,,,,,0.009,0.016,0.024,0.000,16.2,7.1,25
04/03/2024,17:00,284,0.7,31.6,0.2,24.0,,,,,0.005,0.016,0.021,0.001,16.7,7.1,26
04/03/2024,18:00,267,1.5,23.3,0.5,23.9,,,,,0.001,0.009,0.010,0.001,17.8,6.7,24
04/03/2024,19:00,281,1.1,17.8,0.3,23.9,,,,,0.001,0.006,0.007,0.000,17.7,6.8,24
04/03/2024,20:00,166,0.6,26.2,0.3,24.4,,,,,0.002,0.009,0.011,0.000,19.8,8.1,30
04/03/2024,21:00,159,1.5,19.1,0.5,25.7,,,,,0.000,0.004,0.004,0.000,17.5,7.2,23
04/03/2024,22:00,157,1.6,22.3,0.6,25.8,,,,,0.000,0.005,0.006,0.000,19.5,7.2,22
04/03/2024,23:00,145,2.1,18.2,0.7,25.7,,,,,0.000,0.005,0.005,0.000,17.1,6.9,24
05/03/2024,00:00,132,2.0,20.6,0.6,24.9,,,,,0.000,0.006,0.006,0.000,10.6,4.8,15
05/03/2024,01:00,152,1.2,24.7,0.5,24.4,,,,,0.000,0.006,0.006,0.001,11.3,4.4,10
05/03/2024,02:00,135,2.1,16.1,0.7,24.1,,,,,0.000,0.006,0.006,0.000,18.1,5.4,16
05/03/2024,03:00,147,2.7,17.5,0.9,24.0,,,,,0.000,0.007,0.007,0.000,17.7,4.9,15
05/03/2024,04:00,155,2.0,19.3,0.7,23.8,,,,,0.001,0.005,0.006,0.000,15.2,4.1,10
05/03/2024,05:00,122,2.2,15.7,0.8,23.5,,,,,0.001,0.008,0.008,0.000,14.8,4.0,12
05/03/2024,06:00,130,2.0,15.1,0.6,23.1,,,,,0.005,0.011,0.016,0.001,14.5,5.8,15
05/03/2024,07:00,139,1.5,19.8,0.5,24.0,,,,,0.005,0.014,0.018,0.002,14.3,5.6,21
05/03/2024,08:00,128,1.5,24.2,0.6,23.4,,,,,0.008,0.015,0.023,0.002,9.8,3.8,10
05/03/2024,09:00,108,2.3,15.9,0.6,26.0,,,,,0.002,0.005,0.007,0.002,9.0,3.4,8
05/03/2024,10:00,115,3.5,16.9,1.0,28.1,,,,,0.002,0.003,0.006,0.003,9.6,3.9,8
05/03/2024,11:00,109,4.3,18.0,1.4,29.0,,,,,0.008,0.008,0.016,0.008,7.5,2.5,4
05/03/2024,12:00,99,5.0,16.1,1.4,28.6,,,,,0.004,0.005,0.008,0.006,11.2,3.4,7
05/03/2024,13:00,106,4.2,20.6,1.4,28.8,,,,,0.009,0.009,0.018,0.007,12.5,4.8,11
05/03/2024,14:00,109,4.8,16.3,1.3,29.7,,,,,0.009,0.009,0.018,0.010,13.3,5.0,12
05/03/2024,15:00,122,4.2,17.1,1.4,28.3,,,,,0.004,0.004,0.008,0.004,12.7,4.9,12
05/03/2024,16:00,109,4.1,15.8,1.2,27.4,,,,,0.015,0.014,0.029,0.012,17.9,6.0,15
05/03/2024,17:00,142,2.8,19.8,0.9,25.1,,,,,0.002,0.009,0.011,0.006,17.5,6.9,28
05/03/2024,18:00,140,3.1,17.3,1.0,24.7,,,,,0.005,0.007,0.012,0.002,16.6,6.8,21
05/03/2024,19:00,143,2.6,19.9,0.9,24.3,,,,,0.000,0.005,0.005,0.001,14.6,6.2,25
05/03/2024,20:00,139,3.4,17.9,1.0,24.4,,,,,0.000,0.005,0.006,0.000,17.8,7.5,30
05/03/2024,21:00,137,2.8,18.6,1.0,24.2,,,,,0.000,0.004,0.004,0.000,20.5,7.9,30
05/03/2024,22:00,155,2.4,20.5,0.9,24.0,,,,,0.000,0.004,0.005,0.000,20.1,7.7,23
05/03/2024,23:00,149,2.2,19.3,0.9,24.1,,,,,0.000,0.007,0.008,0.000,22.4,7.9,28
06/03/2024,00:00,156,1.9,19.3,0.7,23.9,,,,,0.000,0.005,0.006,0.000,22.7,8.0,22
06/03/2024,01:00,157,2.0,20.5,0.7,23.8,,,,,0.000,0.002,0.002,0.000,26.2,8.5,16
06/03/2024,02:00,153,2.0,21.0,0.8,23.6,,,,,0.001,0.004,0.005,0.000,24.7,8.2,20
06/03/2024,03:00,157,2.2,18.3,0.7,23.6,,,,,0.001,0.002,0.003,0.000,27.0,8.2,20
06/03/2024,04:00,155,1.8,20.7,0.7,23.3,,,,,0.001,0.004,0.005,0.000,25.9,7.9,21
06/03/2024,05:00,153,1.8,18.2,0.6,23.3,,,,,0.002,0.007,0.009,0.000,24.6,7.6,19
06/03/2024,06:00,156,2.5,19.9,0.9,24.1,,,,,0.002,0.004,0.006,0.000,25.8,7.7,19
06/03/2024,07:00,138,2.8,20.4,0.9,25.9,,,,,0.003,0.005,0.007,0.000,23.1,7.8,23
06/03/2024,08:00,132,4.1,20.5,1.3,27.1,,,,,0.001,0.001,0.002,0.000,26.7,7.5,18
06/03/2024,09:00,128,4.4,18.1,1.5,28.3,,,,,0.001,0.001,0.002,0.000,25.0,7.7,18
06/03/2024,10:00,117,4.3,18.7,1.3,29.0,,,,,0.001,0.002,0.003,0.001,25.2,7.7,18
06/03/2024,11:00,122,4.2,18.6,1.3,28.5,,,,,0.001,0.002,0.004,0.003,24.4,8.0,20
06/03/2024,12:00,117,4.4,17.9,1.3,29.1,,,,,0.002,0.003,0.005,0.004,22.6,7.5,19
06/03/2024,13:00,118,4.1,16.2,1.3,28.8,,,,,0.006,0.006,0.012,0.006,25.6,7.8,19
06/03/2024,14:00,102,4.9,17.0,1.4,30.0,,,,,0.007,0.006,0.012,0.007,26.0,7.5,18
06/03/2024,15:00,100,5.2,15.2,1.4,29.8,,,,,0.002,0.003,0.005,0.003,26.8,7.6,17
06/03/2024,16:00,102,5.3,14.6,1.5,29.4,,,,,0.001,0.003,0.004,0.002,26.0,7.7,18
06/03/2024,17:00,102,4.3,15.0,1.4,28.5,,,,,0.001,0.004,0.005,0.002,23.7,7.6,18
06/03/2024,18:00,109,3.7,16.1,1.1,27.3,,,,,0.011,0.008,0.018,0.007,24.9,7.9,18
06/03/2024,19:00,122,3.2,17.7,1.0,26.7,,,,,0.009,0.010,0.019,0.010,22.9,7.6,18
06/03/2024,20:00,116,3.8,16.2,1.2,26.3,,,,,0.017,0.011,0.028,0.015,24.2,7.7,17
06/03/2024,21:00,119,3.2,15.8,1.0,26.1,,,,,0.040,0.016,0.056,0.023,19.4,6.5,15
06/03/2024,22:00,130,2.5,17.0,0.8,25.7,,,,,0.000,0.002,0.002,0.007,19.1,6.6,15
06/03/2024,23:00,141,2.2,17.0,0.7,25.0,,,,,0.001,0.004,0.005,0.001,18.3,6.3,15
07/03/2024,00:00,154,2.6,18.0,0.9,24.3,,,,,0.000,0.002,0.002,0.001,17.6,5.8,13
07/03/2024,01:00,159,2.2,20.2,0.8,23.6,,,,,0.001,0.002,0.002,0.001,14.7,5.0,7
07/03/2024,02:00,151,1.7,20.3,0.6,23.3,,,,,0.000,0.002,0.003,0.000,14.1,4.8,9
07/03/2024,03:00,154,2.5,19.7,0.9,23.3,,,,,0.001,0.003,0.004,0.000,14.3,4.7,9
07/03/2024,04:00,151,2.3,20.1,0.8,23.4,,,,,0.001,0.003,0.004,0.000,14.9,4.4,9
07/03/2024,05:00,160,2.2,20.0,0.8,23.7,,,,,0.002,0.004,0.006,0.000,14.0,4.4,8
07/03/2024,06:00,162,2.2,22.3,0.9,24.3,,,,,0.003,0.004,0.007,0.000,16.7,4.9,10
07/03/2024,07:00,153,2.9,19.6,0.9,25.5,,,,,0.003,0.003,0.006,0.000,16.5,4.7,9
07/03/2024,08:00,135,2.9,18.6,1.0,27.5,,,,,0.007,0.004,0.011,0.000,13.5,4.5,10
07/03/2024,09:00,113,4.1,18.7,1.3,29.2,,,,,0.008,0.006,0.014,0.006,15.0,4.9,10
07/03/2024,10:00,98,5.6,14.0,1.6,29.7,,,,,0.004,0.003,0.007,0.006,15.3,4.9,10
07/03/2024,11:00,99,5.3,15.5,1.4,30.3,,,,,0.002,0.002,0.004,0.003,16.7,4.8,9
07/03/2024,12:00,95,5.7,15.8,1.5,30.7,,,,,0.006,0.004,0.010,0.001,16.3,4.9,9
07/03/2024,13:00,93,5.4,18.1,1.5,30.9,,,,,0.001,0.001,0.002,0.001,15.1,4.3,7
07/03/2024,14:00,89,5.3,16.3,1.5,30.5,,,,,0.001,0.001,0.001,0.001,16.1,4.6,8
07/03/2024,15:00,88,5.6,15.1,1.5,29.9,,,,,0.000,0.001,0.001,0.000,16.9,4.8,9
07/03/2024,16:00,97,5.4,16.4,1.8,29.1,,,,,0.000,0.000,0.001,0.000,17.2,5.2,11
07/03/2024,17:00,109,5.4,15.6,1.7,28.0,,,,,0.002,0.003,0.005,0.002,17.5,5.1,9
07/03/2024,18:00,110,5.2,14.5,1.6,27.0,,,,,0.021,0.012,0.033,0.013,14.1,4.9,9
07/03/2024,19:00,117,4.1,16.0,1.3,26.2,,,,,0.036,0.014,0.050,0.022,14.3,4.9,10
07/03/2024,20:00,122,4.3,17.7,1.5,25.4,,,,,0.014,0.007,0.021,0.014,10.3,3.2,5
07/03/2024,21:00,135,3.6,18.0,1.2,25.3,,,,,0.000,0.002,0.002,0.002,9.1,3.1,5
07/03/2024,22:00,138,2.8,17.6,1.0,25.3,,,,,0.000,0.007,0.007,0.001,10.2,3.6,7
07/03/2024,23:00,152,2.7,20.0,0.9,25.0,,,,,0.001,0.003,0.003,0.000,13.8,4.5,9
08/03/2024,00:00,140,2.7,16.7,1.0,24.8,,,,,0.000,0.003,0.003,0.000,15.5,5.6,15
08/03/2024,01:00,146,2.4,20.7,0.9,24.4,,,,,0.000,0.004,0.005,0.000,16.0,5.8,12
08/03/2024,02:00,156,2.5,19.2,0.8,24.4,,,,,0.000,0.001,0.002,0.000,17.9,5.7,11
08/03/2024,03:00,157,2.3,19.3,0.9,24.1,,,,,0.000,0.001,0.001,0.000,16.7,5.5,11
08/03/2024,04:00,154,2.1,18.8,0.7,23.9,,,,,0.000,0.002,0.002,0.000,15.4,5.1,11
08/03/2024,05:00,155,2.2,17.3,0.7,23.7,,,,,0.002,0.005,0.006,0.000,15.0,5.0,10
08/03/2024,06:00,153,2.5,20.5,0.9,24.4,,,,,0.003,0.003,0.006,0.000,15.8,4.8,10
08/03/2024,07:00,140,3.2,19.2,1.0,26.2,,,,,0.003,0.004,0.007,0.000,16.7,4.7,12
08/03/2024,08:00,125,4.3,20.8,1.3,27.5,,,,,0.000,0.001,0.001,0.000,16.9,5.2,11
08/03/2024,09:00,126,5.0,17.8,1.5,28.0,,,,,0.001,0.001,0.002,0.001,22.0,5.9,12
08/03/2024,10:00,113,5.6,14.8,1.5,29.0,,,,,0.014,0.007,0.022,0.007,20.0,6.0,13
08/03/2024,11:00,106,6.4,15.2,1.8,29.9,,,,,0.003,0.003,0.007,0.004,23.0,6.2,12
08/03/2024,12:00,104,6.3,14.2,1.6,29.9,,,,,0.002,0.002,0.004,0.003,24.4,6.5,12
08/03/2024,13:00,105,5.4,16.3,1.4,30.8,,,,,0.002,0.003,0.005,0.003,24.6,6.0,10
08/03/2024,14:00,109,5.3,15.1,1.5,31.4,,,,,0.007,0.009,0.015,0.005,19.1,5.1,7
08/03/2024,15:00,97,4.9,14.7,1.3,30.8,,,,,0.004,0.005,0.009,0.006,19.9,5.5,8
08/03/2024,16:00,98,5.0,13.6,1.3,29.8,,,,,0.004,0.006,0.010,0.007,19.4,5.6,9
08/03/2024,17:00,111,4.0,15.4,1.3,28.6,,,,,0.008,0.008,0.016,0.008,17.0,5.3,10
08/03/2024,18:00,115,3.5,15.7,1.1,27.8,,,,,0.054,0.012,0.066,0.029,19.3,6.0,12
08/03/2024,19:00,116,3.7,16.6,1.1,27.0,,,,,0.017,0.009,0.026,0.017,20.6,5.9,12
08/03/2024,20:00,128,3.0,18.3,1.0,26.5,,,,,0.000,0.002,0.002,0.002,16.1,4.6,10
08/03/2024,21:00,136,3.2,17.6,1.2,25.6,,,,,0.000,0.004,0.004,0.001,13.7,4.2,12
08/03/2024,22:00,142,2.8,18.2,1.0,24.7,,,,,0.000,0.005,0.005,0.000,12.5,4.5,14
08/03/2024,23:00,155,2.5,17.6,0.8,24.3,,,,,0.000,0.005,0.005,0.000,18.2,4.6,10
09/03/2024,00:00,152,2.5,19.2,0.9,24.1,,,,,0.000,0.005,0.005,0.000,14.2,4.5,10
09/03/2024,01:00,151,2.7,17.7,1.0,23.9,,,,,0.001,0.003,0.004,0.000,11.5,4.2,6
09/03/2024,02:00,156,2.6,20.3,1.0,23.4,,,,,0.000,0.003,0.003,0.000,10.7,3.8,8
09/03/2024,03:00,151,2.9,21.3,1.1,23.5,,,,,0.001,0.003,0.003,0.000,8.9,3.4,8
09/03/2024,04:00,155,3.2,20.1,1.2,23.4,,,,,0.000,0.002,0.002,0.000,8.6,3.2,6
09/03/2024,05:00,151,2.7,21.6,1.0,23.3,,,,,0.001,0.004,0.005,0.000,14.9,5.3,14
09/03/2024,06:00,157,2.9,19.6,1.1,23.4,,,,,0.001,0.002,0.003,0.000,20.6,6.6,15
09/03/2024,07:00,147,2.9,21.7,1.1,25.7,,,,,0.002,0.003,0.005,0.000,23.4,6.7,17
09/03/2024,08:00,138,4.5,18.6,1.6,26.9,,,,,0.004,0.005,0.009,0.000,18.8,6.1,15
09/03/2024,09:00,124,4.9,18.0,1.6,27.9,,,,,0.001,0.001,0.001,0.000,21.3,6.1,14
09/03/2024,10:00,119,4.9,16.7,1.4,28.7,,,,,0.001,0.003,0.004,0.000,17.8,5.6,12
09/03/2024,11:00,115,5.3,17.8,1.6,29.7,,,,,0.001,0.001,0.003,0.002,18.1,5.6,11
09/03/2024,12:00,106,5.4,17.3,1.5,30.2,,,,,0.004,0.004,0.008,0.005,22.1,6.3,13
09/03/2024,13:00,103,5.5,17.1,1.6,29.7,,,,,0.003,0.004,0.007,0.004,27.9,7.4,16
09/03/2024,14:00,95,5.4,14.0,1.5,30.4,,,,,0.008,0.008,0.016,0.003,26.2,7.3,16
09/03/2024,15:00,95,5.2,14.5,1.4,30.1,,,,,0.001,0.002,0.004,0.003,25.3,6.8,13
09/03/2024,16:00,96,5.5,13.9,1.4,29.4,,,,,0.001,0.003,0.004,0.002,24.2,6.8,15
09/03/2024,17:00,112,4.0,16.2,1.2,27.9,,,,,0.005,0.007,0.012,0.006,20.8,6.0,12
09/03/2024,18:00,132,3.8,16.1,1.3,27.0,,,,,0.003,0.007,0.010,0.003,15.0,4.5,10
09/03/2024,19:00,139,3.5,19.1,1.1,25.8,,,,,0.001,0.008,0.009,0.000,12.7,4.2,11
09/03/2024,20:00,142,3.9,20.3,1.3,25.0,,,,,0.001,0.006,0.007,0.000,11.0,3.9,10
09/03/2024,21:00,150,3.3,21.0,1.3,24.3,,,,,0.001,0.004,0.005,0.000,11.2,3.2,7
09/03/2024,22:00,155,4.1,19.0,1.3,23.7,,,,,0.001,0.002,0.003,0.000,11.1,3.1,5
09/03/2024,23:00,155,3.4,18.3,1.3,24.0,,,,,0.001,0.003,0.003,0.000,15.1,5.1,11
10/03/2024,00:00,155,3.5,19.0,1.3,24.1,,,,,0.000,0.001,0.002,0.000,21.7,6.9,15
10/03/2024,01:00,159,3.9,16.2,1.3,24.0,,,,,0.001,0.002,0.003,0.000,29.6,8.6,13
10/03/2024,02:00,159,3.7,18.1,1.2,23.7,,,,,0.001,0.003,0.004,0.000,28.6,9.0,19
10/03/2024,03:00,155,3.3,18.1,1.1,23.6,,,,,0.000,0.001,0.002,0.000,29.2,8.5,19
10/03/2024,04:00,157,3.3,18.5,1.1,23.7,,,,,0.000,0.002,0.002,0.000,31.8,9.0,20
10/03/2024,05:00,156,3.3,19.5,1.1,23.9,,,,,0.001,0.002,0.003,0.000,31.8,9.2,21
10/03/2024,06:00,155,3.3,20.1,1.2,24.6,,,,,0.002,0.004,0.005,0.000,34.8,9.5,23
10/03/2024,07:00,152,4.6,19.5,1.6,25.9,,,,,0.002,0.003,0.005,0.000,30.3,8.6,21
10/03/2024,08:00,142,4.5,19.2,1.6,26.6,,,,,0.002,0.004,0.006,0.000,24.3,7.4,19
10/03/2024,09:00,136,5.0,20.0,1.6,27.5,,,,,0.002,0.003,0.004,0.000,20.2,6.1,15
10/03/2024,10:00,126,5.2,16.6,1.6,28.4,,,,,0.003,0.003,0.006,0.000,14.9,5.4,13
10/03/2024,11:00,115,4.0,18.4,1.3,27.2,,,,,0.010,0.006,0.016,0.005,16.6,6.3,15
10/03/2024,12:00,114,4.8,17.9,1.5,29.4,,,,,0.021,0.008,0.029,0.009,18.6,6.6,17
10/03/2024,13:00,107,6.9,15.1,2.0,28.2,,,,,0.005,0.005,0.010,0.005,36.8,8.3,18
10/03/2024,14:00,109,5.9,15.5,1.7,27.2,,,,,0.014,0.010,0.024,0.008,24.5,6.9,17
10/03/2024,15:00,133,3.9,17.8,1.3,26.4,,,,,0.002,0.004,0.005,0.004,16.7,6.7,17
10/03/2024,16:00,128,4.0,19.0,1.3,25.9,,,,,0.001,0.003,0.004,0.002,16.9,6.7,17
10/03/2024,17:00,131,3.6,16.3,1.1,25.5,,,,,0.001,0.003,0.004,0.004,16.4,6.5,16
10/03/2024,18:00,144,3.7,18.0,1.2,24.9,,,,,0.001,0.004,0.005,0.001,15.2,5.5,14
10/03/2024,19:00,126,2.9,15.4,0.9,23.7,,,,,0.000,0.001,0.002,0.001,10.1,4.2,9
10/03/2024,20:00,142,2.2,18.6,0.8,24.0,,,,,0.000,0.004,0.004,0.000,11.9,4.7,12
10/03/2024,21:00,149,3.5,18.7,1.2,24.2,,,,,0.001,0.006,0.007,0.000,14.4,5.7,16
10/03/2024,22:00,151,3.2,18.1,1.2,24.1,,,,,0.001,0.005,0.006,0.000,15.4,5.9,16
10/03/2024,23:00,154,3.2,19.4,1.0,23.9,,,,,0.000,0.001,0.001,0.000,19.2,6.6,15
11/03/2024,00:00,155,3.1,17.7,1.1,23.7,,,,,0.000,0.001,0.001,0.000,21.0,7.1,16
11/03/2024,01:00,155,3.2,16.7,1.1,23.5,,,,,0.000,0.001,0.001,0.000,22.2,7.6,12
11/03/2024,02:00,155,3.3,19.2,1.2,23.8,,,,,0.000,0.001,0.002,0.000,24.7,8.0,17
11/03/2024,03:00,153,3.0,21.0,1.1,23.9,,,,,0.001,0.003,0.003,0.000,22.2,7.5,18
11/03/2024,04:00,154,3.2,20.5,1.1,23.8,,,,,0.001,0.004,0.005,0.000,22.0,7.6,19
11/03/2024,05:00,153,3.0,17.8,1.0,23.7,,,,,0.002,0.005,0.006,0.000,17.1,6.0,15
11/03/2024,06:00,155,3.0,19.1,1.0,23.4,,,,,0.003,0.006,0.009,0.000,15.8,6.0,15
11/03/2024,07:00,154,3.2,20.6,1.1,25.0,,,,,0.003,0.007,0.010,0.000,18.4,6.7,17
11/03/2024,08:00,131,4.1,18.0,1.5,26.9,,,,,0.005,0.006,0.011,0.000,20.5,7.1,19
11/03/2024,09:00,118,5.1,18.1,1.6,28.1,,,,,0.003,0.003,0.006,0.001,21.2,7.5,19
11/03/2024,10:00,119,4.7,17.5,1.4,28.8,,,,,0.005,0.004,0.009,0.003,24.6,7.5,19
11/03/2024,11:00,120,5.4,16.7,1.6,29.4,,,,,0.007,0.002,0.010,0.004,20.8,6.9,17
11/03/2024,12:00,123,4.8,17.5,1.5,28.6,,,,,0.006,0.006,0.012,0.003,19.3,6.4,14
11/03/2024,13:00,100,5.1,16.1,1.4,29.6,,,,,0.005,0.004,0.009,0.004,22.2,7.0,17
11/03/2024,14:00,97,5.1,15.3,1.4,29.4,,,,,0.003,0.004,0.008,0.002,25.6,8.5,21
11/03/2024,15:00,102,4.8,15.5,1.4,29.3,,,,,0.013,0.010,0.024,0.008,26.7,8.5,21
11/03/2024,16:00,105,5.2,14.7,1.3,29.2,,,,,0.002,0.003,0.005,0.004,25.5,8.6,20
11/03/2024,17:00,106,4.8,16.1,1.4,27.3,,,,,0.027,0.014,0.041,0.019,27.0,9.2,21
11/03/2024,18:00,116,3.1,18.3,1.0,26.7,,,,,0.055,0.020,0.074,0.033,29.8,9.8,23
11/03/2024,19:00,126,2.4,17.9,0.8,26.3,,,,,0.001,0.003,0.004,0.007,30.8,9.6,23
11/03/2024,20:00,141,2.0,18.4,0.7,25.9,,,,,0.001,0.006,0.007,0.002,30.9,9.6,24
11/03/2024,21:00,153,2.8,18.2,1.0,25.6,,,,,0.000,0.003,0.003,0.001,27.4,8.6,21
11/03/2024,22:00,152,3.1,17.6,1.1,25.2,,,,,0.001,0.002,0.003,0.000,25.9,8.3,20
11/03/2024,23:00,154,3.1,18.2,1.0,24.8,,,,,0.001,0.002,0.003,0.000,32.9,9.0,21
12/03/2024,00:00,156,2.7,19.6,0.8,24.5,,,,,0.000,0.001,0.002,0.000,30.0,8.6,20
12/03/2024,01:00,153,2.2,18.2,0.7,24.1,,,,,0.000,0.002,0.002,0.001,23.6,8.4,14
12/03/2024,02:00,155,2.6,19.2,0.9,24.0,,,,,0.001,0.003,0.004,0.000,23.8,8.4,20
12/03/2024,03:00,154,2.6,20.4,0.9,23.8,,,,,0.000,0.001,0.002,0.000,22.0,7.6,19
12/03/2024,04:00,154,2.1,19.4,0.8,24.0,,,,,0.001,0.005,0.006,0.000,21.7,7.8,21
12/03/2024,05:00,152,2.1,21.3,0.8,23.8,,,,,0.003,0.008,0.011,0.000,21.0,7.5,21
12/03/2024,06:00,156,2.7,20.0,0.9,23.5,,,,,0.002,0.004,0.007,0.000,29.2,9.1,23
12/03/2024,07:00,140,1.0,39.7,0.6,23.2,,,,,0.003,0.005,0.007,0.001,25.0,8.8,24
12/03/2024,08:00,141,0.8,33.9,0.5,23.3,,,,,0.003,0.006,0.009,0.000,22.5,9.2,27
12/03/2024,09:00,151,2.9,18.9,1.0,24.0,,,,,0.003,0.004,0.006,0.000,24.9,9.3,27
12/03/2024,10:00,130,3.1,23.3,1.1,26.1,,,,,0.003,0.004,0.007,0.000,17.8,7.1,22
12/03/2024,11:00,107,3.0,16.0,0.8,25.9,,,,,0.027,0.015,0.042,0.013,21.1,8.4,22
12/03/2024,12:00,98,2.0,24.4,0.8,27.4,,,,,0.011,0.013,0.024,0.010,24.7,9.2,25
12/03/2024,13:00,113,3.5,18.5,1.1,30.0,,,,,0.011,0.007,0.019,0.010,27.5,9.4,23
12/03/2024,14:00,90,4.5,16.1,1.3,30.2,,,,,0.002,0.005,0.007,0.003,24.5,8.7,21
12/03/2024,15:00,99,5.4,14.6,1.5,28.1,,,,,0.008,0.004,0.012,0.003,27.9,9.5,25
12/03/2024,16:00,104,4.5,16.2,1.3,27.2,,,,,0.013,0.011,0.023,0.010,25.2,8.7,22
12/03/2024,17:00,121,3.8,16.7,1.2,27.0,,,,,0.023,0.010,0.034,0.022,29.1,10.4,27
12/03/2024,18:00,141,3.0,20.6,1.1,26.1,,,,,0.001,0.004,0.004,0.002,26.5,9.3,24
12/03/2024,19:00,154,3.6,16.6,1.1,25.2,,,,,0.001,0.002,0.003,0.001,24.2,8.2,21
12/03/2024,20:00,171,2.2,22.2,0.9,24.7,,,,,0.004,0.007,0.011,0.002,28.4,9.3,24
12/03/2024,21:00,159,3.0,20.6,1.1,24.6,,,,,0.002,0.004,0.006,0.001,30.5,9.2,23
12/03/2024,22:00,155,3.1,20.8,1.1,24.5,,,,,0.001,0.003,0.003,0.000,30.5,9.6,24
12/03/2024,23:00,150,3.2,18.1,1.1,24.7,,,,,0.000,0.003,0.003,0.000,25.2,8.5,22
13/03/2024,00:00,144,3.4,17.3,1.1,24.5,,,,,0.001,0.005,0.006,0.000,19.7,7.4,19
13/03/2024,01:00,152,3.6,17.6,1.2,24.3,,,,,0.001,0.003,0.004,0.001,26.6,8.2,14
13/03/2024,02:00,154,3.0,19.9,1.4,24.1,,,,,0.001,0.004,0.005,0.000,31.2,9.5,22
13/03/2024,03:00,155,3.0,18.8,1.1,23.7,,,,,0.001,0.002,0.003,0.000,31.4,10.1,24
13/03/2024,04:00,154,3.1,16.7,1.0,23.6,,,,,0.001,0.003,0.003,0.000,26.3,9.2,23
13/03/2024,05:00,155,3.5,17.7,1.2,23.8,,,,,0.002,0.005,0.007,0.000,30.9,9.3,23
13/03/2024,06:00,156,2.9,20.8,1.0,23.9,,,,,0.004,0.006,0.010,0.000,32.0,9.3,23
13/03/2024,07:00,153,3.2,20.0,1.1,25.0,,,,,0.003,0.004,0.007,0.000,26.4,8.7,22
13/03/2024,08:00,146,3.8,20.0,1.4,26.8,,,,,0.003,0.004,0.007,0.000,28.5,9.9,26
13/03/2024,09:00,125,5.2,19.0,1.7,28.2,,,,,0.002,0.002,0.004,0.000,23.4,7.9,20
13/03/2024,10:00,125,5.3,17.2,1.7,28.7,,,,,0.002,0.002,0.004,0.000,21.1,7.2,17
13/03/2024,11:00,126,4.9,18.6,1.5,29.8,,,,,0.003,0.001,0.004,0.000,19.9,7.2,17
13/03/2024,12:00,116,5.4,15.8,1.5,30.0,,,,,0.007,0.005,0.013,0.004,21.4,7.3,18
13/03/2024,13:00,105,5.3,15.5,1.5,29.2,,,,,0.003,0.004,0.007,0.004,23.1,7.0,16
13/03/2024,14:00,113,4.9,15.9,1.5,28.4,,,,,0.015,0.007,0.022,0.008,19.9,6.5,14
13/03/2024,15:00,124,4.3,16.9,1.3,28.4,,,,,0.002,0.003,0.005,0.003,18.3,6.3,15
13/03/2024,16:00,137,4.1,18.3,1.4,27.7,,,,,0.002,0.005,0.006,0.001,19.9,5.8,13
13/03/2024,17:00,135,3.8,19.6,1.3,27.4,,,,,0.001,0.006,0.007,0.000,19.8,6.7,16
13/03/2024,18:00,130,4.5,16.8,1.4,26.9,,,,,0.001,0.003,0.004,0.000,20.7,7.0,16
13/03/2024,19:00,138,4.2,18.7,1.5,26.5,,,,,0.001,0.006,0.006,0.000,19.5,6.7,15
13/03/2024,20:00,149,3.1,18.5,1.0,26.2,,,,,0.001,0.005,0.006,0.000,21.9,7.3,17
13/03/2024,21:00,135,3.6,16.3,1.1,26.0,,,,,0.001,0.006,0.006,0.000,23.6,8.4,20
13/03/2024,22:00,144,3.3,17.6,1.3,25.7,,,,,0.001,0.005,0.006,0.000,24.6,8.4,20
13/03/2024,23:00,153,3.5,20.0,1.3,25.5,,,,,0.000,0.002,0.002,0.000,26.2,8.8,21
14/03/2024,00:00,142,3.5,18.2,1.2,25.2,,,,,0.001,0.005,0.005,0.000,24.6,8.9,22
14/03/2024,01:00,138,3.0,19.1,1.2,25.2,,,,,0.001,0.007,0.008,0.000,27.0,9.7,17
14/03/2024,02:00,147,3.0,19.0,1.1,25.1,,,,,0.001,0.007,0.007,0.000,28.3,9.8,24
14/03/2024,03:00,148,3.6,18.3,1.1,24.8,,,,,0.001,0.005,0.005,0.000,26.7,9.8,24
14/03/2024,04:00,157,3.7,17.9,1.2,24.5,,,,,0.001,0.002,0.002,0.000,27.1,9.8,24
14/03/2024,05:00,136,2.6,20.1,1.0,24.5,,,,,0.002,0.008,0.010,0.000,24.1,8.8,22
14/03/2024,06:00,141,2.7,18.5,1.0,24.6,,,,,0.002,0.008,0.010,0.000,23.5,8.3,22
14/03/2024,07:00,142,3.5,19.2,1.1,24.3,,,,,0.003,0.005,0.008,0.000,22.4,8.1,20
14/03/2024,08:00,150,3.5,20.4,1.2,25.8,,,,,0.003,0.004,0.007,0.000,17.6,6.3,15
14/03/2024,09:00,135,3.7,20.6,1.3,27.5,,,,,0.003,0.004,0.007,0.000,17.2,6.2,15
14/03/2024,10:00,115,4.5,18.3,1.3,29.2,,,,,0.003,0.003,0.006,0.002,12.9,5.0,11
14/03/2024,11:00,108,4.5,16.5,1.2,29.3,,,,,0.022,0.020,0.042,0.009,14.7,5.4,15
14/03/2024,12:00,95,4.4,14.5,1.3,28.5,,,,,0.014,0.008,0.022,0.007,13.1,4.8,11
14/03/2024,13:00,105,3.8,16.1,1.1,27.8,,,,,0.014,0.016,0.030,0.007,13.3,5.1,12
14/03/2024,14:00,91,4.1,16.7,1.1,29.7,,,,,0.002,0.005,0.007,0.005,16.5,5.6,11
14/03/2024,15:00,97,3.6,15.8,1.0,30.1,,,,,0.021,0.017,0.038,0.012,18.5,7.0,10
14/03/2024,16:00,91,3.4,16.0,1.0,28.9,,,,,0.005,0.006,0.011,0.005,14.0,4.0,7
14/03/2024,17:00,102,2.3,16.6,0.7,28.4,,,,,0.004,0.010,0.014,0.005,15.1,4.0,8
14/03/2024,18:00,105,2.3,15.3,0.6,27.8,,,,,0.001,0.012,0.014,0.006,13.9,4.1,8
14/03/2024,19:00,112,1.9,16.8,0.5,27.5,,,,,0.000,0.002,0.002,0.002,10.7,3.8,7
14/03/2024,20:00,114,2.0,16.9,0.5,27.2,,,,,0.000,0.001,0.001,0.001,11.5,4.0,7
14/03/2024,21:00,123,2.0,19.7,0.6,26.9,,,,,0.000,0.002,0.002,0.001,12.5,4.2,9
14/03/2024,22:00,129,2.9,17.4,0.9,26.6,,,,,0.000,0.002,0.002,0.000,10.7,4.0,8
14/03/2024,23:00,136,2.5,18.5,0.9,26.4,,,,,0.001,0.006,0.007,0.000,9.3,3.6,8
15/03/2024,00:00,141,2.5,18.4,0.9,26.2,,,,,0.001,0.008,0.010,0.000,7.5,2.8,7
15/03/2024,01:00,153,2.8,17.4,0.9,25.8,,,,,0.000,0.001,0.002,0.001,8.0,2.6,3
15/03/2024,02:00,149,3.0,19.3,1.2,25.4,,,,,0.000,0.001,0.002,0.000,7.2,2.4,4
15/03/2024,03:00,152,2.9,17.5,0.9,25.3,,,,,0.001,0.002,0.003,0.000,10.0,3.3,6
15/03/2024,04:00,154,2.8,18.6,0.9,25.3,,,,,0.001,0.002,0.003,0.000,14.4,4.5,9
15/03/2024,05:00,153,2.5,18.6,0.7,25.3,,,,,0.002,0.003,0.005,0.000,15.5,4.7,10
15/03/2024,06:00,162,2.1,19.2,0.8,25.8,,,,,0.002,0.003,0.005,0.000,15.1,4.7,10
15/03/2024,07:00,155,2.6,18.9,0.8,27.3,,,,,0.002,0.002,0.005,0.000,13.2,4.4,10
15/03/2024,08:00,120,3.3,18.8,1.0,28.4,,,,,0.002,0.002,0.004,0.000,9.1,3.3,6
15/03/2024,09:00,111,3.8,16.1,1.1,28.7,,,,,0.005,0.005,0.010,0.001,9.5,3.3,6
15/03/2024,10:00,109,3.7,17.5,1.1,30.0,,,,,0.002,0.002,0.005,0.001,10.5,4.1,10
15/03/2024,11:00,90,3.7,17.1,1.1,29.6,,,,,0.013,0.005,0.018,0.005,14.1,4.7,10
15/03/2024,12:00,100,0.5,47.2,0.7,28.2,,,,,0.016,0.008,0.025,0.003,14.6,5.7,14
15/03/2024,13:00,72,4.5,15.7,1.3,30.2,,,,,0.001,0.001,0.003,0.002,17.1,5.9,15
15/03/2024,14:00,77,4.6,15.3,1.3,30.3,,,,,0.004,0.001,0.005,0.001,23.9,7.8,21
15/03/2024,15:00,82,5.0,15.0,1.4,29.7,,,,,0.002,0.003,0.004,0.001,26.8,8.8,23
15/03/2024,16:00,91,4.7,16.7,1.5,29.2,,,,,0.000,0.001,0.002,0.000,32.5,9.4,24
15/03/2024,17:00,98,5.3,15.6,1.7,28.3,,,,,0.000,0.001,0.001,0.000,28.2,8.8,21
15/03/2024,18:00,104,4.9,15.3,1.5,27.2,,,,,0.000,0.004,0.004,0.002,24.8,8.4,21
15/03/2024,19:00,118,3.2,16.5,1.1,26.8,,,,,0.025,0.013,0.038,0.016,22.8,7.8,20
15/03/2024,20:00,129,2.5,18.1,0.8,26.3,,,,,0.000,0.001,0.001,0.002,19.8,7.1,18
15/03/2024,21:00,130,2.0,16.3,0.6,25.6,,,,,0.000,0.001,0.001,0.001,19.8,6.9,17
15/03/2024,22:00,143,1.2,21.6,0.5,25.1,,,,,0.000,0.006,0.006,0.001,20.3,7.1,21
15/03/2024,23:00,147,1.6,19.0,0.5,24.7,,,,,0.000,0.010,0.011,0.000,22.0,7.8,30
16/03/2024,00:00,138,2.2,19.5,0.7,25.1,,,,,0.000,0.010,0.011,0.000,20.7,8.8,35
16/03/2024,01:00,135,2.5,17.8,0.9,25.1,,,,,0.000,0.009,0.010,0.000,20.4,8.4,25
16/03/2024,02:00,148,1.9,19.1,0.6,24.9,,,,,0.000,0.005,0.005,0.000,19.8,8.1,25
16/03/2024,03:00,155,2.6,17.1,0.8,24.7,,,,,0.000,0.002,0.002,0.000,18.8,7.3,20
16/03/2024,04:00,153,3.2,17.6,1.1,24.1,,,,,0.000,0.002,0.002,0.000,11.2,4.2,9
16/03/2024,05:00,160,3.6,18.0,1.2,23.2,,,,,0.001,0.003,0.004,0.000,10.7,3.2,6
16/03/2024,06:00,149,2.6,21.3,0.9,23.7,,,,,0.004,0.009,0.013,0.000,13.9,5.4,19
16/03/2024,07:00,132,3.1,20.8,1.1,25.5,,,,,0.005,0.006,0.011,0.000,24.3,8.9,28
16/03/2024,08:00,127,4.7,17.3,1.6,27.2,,,,,0.003,0.003,0.006,0.000,27.8,10.5,25
16/03/2024,09:00,120,4.9,18.7,1.6,28.4,,,,,0.003,0.005,0.009,0.000,27.6,9.0,24
16/03/2024,10:00,118,4.9,18.4,1.6,29.3,,,,,0.000,0.001,0.001,0.001,25.5,8.8,22
16/03/2024,11:00,124,4.1,18.3,1.3,29.4,,,,,0.006,0.006,0.012,0.004,24.7,9.1,22
16/03/2024,12:00,107,4.4,18.0,1.3,29.9,,,,,0.007,0.008,0.015,0.008,25.7,9.1,22
16/03/2024,13:00,101,4.9,14.6,1.4,30.0,,,,,0.010,0.004,0.014,0.005,27.2,8.7,21
16/03/2024,14:00,98,5.6,13.9,1.6,29.7,,,,,0.006,0.003,0.009,0.002,30.3,9.0,22
16/03/2024,15:00,89,5.3,15.1,1.4,29.0,,,,,0.000,0.001,0.001,0.001,29.3,9.9,24
16/03/2024,16:00,96,5.1,14.5,1.5,28.1,,,,,0.010,0.004,0.014,0.001,29.7,9.4,23
16/03/2024,17:00,102,4.5,15.1,1.2,27.5,,,,,0.001,0.004,0.004,0.002,31.5,10.1,23
16/03/2024,18:00,110,3.8,16.2,1.3,26.6,,,,,0.060,0.017,0.076,0.030,29.0,9.9,23
16/03/2024,19:00,120,2.9,17.4,0.9,26.0,,,,,0.004,0.007,0.011,0.010,26.5,8.9,20
16/03/2024,20:00,134,2.1,18.2,0.7,25.4,,,,,0.000,0.003,0.003,0.001,22.6,7.6,18
16/03/2024,21:00,147,1.5,17.9,0.5,24.6,,,,,0.000,0.010,0.010,0.001,22.5,7.7,21
16/03/2024,22:00,134,2.6,16.6,0.8,24.4,,,,,0.001,0.008,0.009,0.000,19.9,7.2,19
16/03/2024,23:00,139,2.0,20.0,0.7,24.0,,,,,0.001,0.008,0.009,0.000,18.8,6.6,17
17/03/2024,00:00,140,2.0,18.5,0.7,23.5,,,,,0.001,0.007,0.008,0.000,18.3,6.4,17
17/03/2024,01:00,156,2.5,18.6,0.8,23.2,,,,,0.001,0.003,0.003,0.001,17.7,6.0,8
17/03/2024,02:00,154,2.5,19.1,0.8,22.9,,,,,0.000,0.002,0.002,0.000,14.3,5.4,10
17/03/2024,03:00,148,2.5,16.4,0.9,22.7,,,,,0.001,0.002,0.003,0.000,13.4,4.9,10
17/03/2024,04:00,154,2.4,19.3,0.8,22.5,,,,,0.001,0.002,0.003,0.000,14.1,4.8,9
17/03/2024,05:00,159,2.8,17.8,0.9,22.6,,,,,0.001,0.003,0.004,0.000,16.2,5.0,10
17/03/2024,06:00,157,2.5,19.4,0.9,23.3,,,,,0.002,0.004,0.006,0.000,17.2,5.1,10
17/03/2024,07:00,139,2.5,20.2,0.8,25.0,,,,,0.003,0.003,0.007,0.000,13.6,4.5,9
17/03/2024,08:00,111,3.0,20.4,1.0,26.7,,,,,0.021,0.009,0.030,0.007,12.1,4.3,9
17/03/2024,09:00,104,4.1,15.9,1.1,27.1,,,,,0.010,0.006,0.016,0.007,13.6,4.8,10
17/03/2024,10:00,87,3.8,17.0,1.1,28.9,,,,,0.007,0.005,0.013,0.005,13.8,4.4,10
17/03/2024,11:00,78,4.5,17.2,1.4,29.5,,,,,0.003,0.001,0.005,0.002,14.6,4.8,10
17/03/2024,12:00,72,4.7,15.2,1.3,29.4,,,,,0.009,0.004,0.013,0.001,15.3,4.9,11
17/03/2024,13:00,71,4.6,15.2,1.2,29.6,,,,,0.004,0.002,0.006,0.001,15.0,5.0,11
17/03/2024,14:00,73,4.6,14.4,1.3,28.8,,,,,0.002,0.001,0.003,0.001,13.4,4.9,10
17/03/2024,15:00,77,4.4,14.3,1.2,28.3,,,,,0.006,0.003,0.009,0.000,13.9,5.1,12
17/03/2024,16:00,81,4.1,15.5,1.1,28.3,,,,,0.006,0.003,0.009,0.000,13.8,4.9,11
17/03/2024,17:00,86,3.7,15.0,1.0,27.1,,,,,0.000,0.000,0.001,0.000,14.5,5.1,11
17/03/2024,18:00,95,2.7,17.0,0.7,25.9,,,,,0.000,0.001,0.001,0.000,15.1,5.5,12
17/03/2024,19:00,97,2.3,14.2,0.7,25.7,,,,,0.000,0.001,0.001,0.000,17.3,6.0,12
17/03/2024,20:00,117,1.9,15.9,0.6,25.6,,,,,0.000,0.005,0.005,0.001,17.4,5.7,12
17/03/2024,21:00,130,1.2,16.2,0.4,25.1,,,,,0.001,0.009,0.010,0.004,19.1,5.9,12
17/03/2024,22:00,130,1.3,14.5,0.4,24.8,,,,,0.000,0.005,0.005,0.007,17.2,5.8,13
17/03/2024,23:00,141,0.9,20.0,0.3,24.4,,,,,0.000,0.006,0.006,0.004,15.9,5.7,18
18/03/2024,00:00,141,1.3,16.8,0.4,24.1,,,,,0.001,0.005,0.006,0.003,17.0,5.9,20
18/03/2024,01:00,150,1.3,16.6,0.4,24.0,,,,,0.001,0.005,0.006,0.001,14.5,5.3,10
18/03/2024,02:00,157,1.4,19.8,0.5,23.9,,,,,0.001,0.005,0.006,0.001,16.6,5.4,14
18/03/2024,03:00,157,1.6,17.8,0.6,23.7,,,,,0.001,0.002,0.003,0.001,16.1,5.1,11
18/03/2024,04:00,190,1.3,28.5,0.6,23.4,,,,,0.002,0.004,0.006,0.000,16.5,5.3,11
18/03/2024,05:00,195,0.7,36.4,0.4,22.7,,,,,0.005,0.009,0.014,0.000,21.1,5.5,12
18/03/2024,06:00,233,1.0,28.9,0.4,23.5,,,,,0.049,0.018,0.067,0.001,18.4,5.4,12
18/03/2024,07:00,164,2.1,20.5,0.8,25.8,,,,,0.003,0.004,0.007,0.001,14.3,4.5,9
18/03/2024,08:00,107,2.5,21.2,0.8,27.8,,,,,0.023,0.013,0.037,0.009,13.5,5.0,12
18/03/2024,09:00,83,3.4,18.9,1.0,28.9,,,,,0.005,0.002,0.008,0.004,18.0,6.1,15
18/03/2024,10:00,86,3.9,17.6,1.2,28.8,,,,,0.006,0.006,0.013,0.001,20.5,7.0,17
18/03/2024,11:00,78,4.5,17.6,1.2,29.9,,,,,0.004,0.003,0.007,0.001,19.5,7.3,17
18/03/2024,12:00,75,4.9,14.8,1.4,29.8,,,,,0.002,0.001,0.003,0.001,16.9,6.2,13
18/03/2024,13:00,73,5.0,15.3,1.3,29.7,,,,,0.001,0.001,0.002,0.001,16.4,6.5,15
18/03/2024,14:00,78,4.5,16.9,1.2,29.6,,,,,0.001,0.002,0.002,0.000,19.9,6.8,16
18/03/2024,15:00,82,4.3,15.1,1.2,29.3,,,,,0.001,0.002,0.003,0.000,17.6,6.3,15
18/03/2024,16:00,83,4.2,16.1,1.2,28.4,,,,,0.000,0.001,0.001,0.000,20.6,7.2,17
18/03/2024,17:00,91,4.2,15.6,1.2,27.3,,,,,0.000,0.001,0.001,0.000,20.8,7.5,17
18/03/2024,18:00,96,3.7,13.8,1.1,26.5,,,,,0.000,0.000,0.000,0.000,19.6,7.2,16
18/03/2024,19:00,98,3.0,14.9,0.8,26.1,,,,,0.000,0.001,0.001,0.000,20.9,7.3,16
18/03/2024,20:00,115,1.8,18.1,0.5,25.8,,,,,0.000,0.003,0.003,0.001,21.5,7.4,17
18/03/2024,21:00,128,1.4,15.3,0.4,25.3,,,,,0.001,0.008,0.009,0.003,22.5,7.3,17
18/03/2024,22:00,150,1.1,18.5,0.3,24.7,,,,,0.000,0.007,0.007,0.003,25.4,7.8,20
18/03/2024,23:00,151,1.2,17.2,0.4,24.4,,,,,0.001,0.009,0.010,0.004,24.7,7.6,19
19/03/2024,00:00,155,1.5,16.8,0.5,24.5,,,,,0.001,0.006,0.007,0.002,23.5,7.4,18
19/03/2024,01:00,153,1.6,17.6,0.5,24.4,,,,,0.001,0.004,0.005,0.001,23.4,7.3,11
19/03/2024,02:00,160,1.4,22.3,0.5,24.2,,,,,0.000,0.002,0.002,0.000,24.3,7.5,24
19/03/2024,03:00,158,1.3,22.5,0.5,24.1,,,,,0.001,0.004,0.004,0.000,22.5,7.3,16
19/03/2024,04:00,162,1.2,21.0,0.5,24.0,,,,,0.001,0.003,0.004,0.000,21.4,6.9,16
19/03/2024,05:00,211,0.7,30.5,0.4,23.1,,,,,0.004,0.007,0.011,0.000,27.1,7.1,17
19/03/2024,06:00,191,0.9,32.5,0.5,24.0,,,,,0.005,0.007,0.011,0.000,28.8,7.3,16
19/03/2024,07:00,147,1.7,27.9,0.6,26.5,,,,,0.008,0.008,0.016,0.000,21.8,6.7,16
19/03/2024,08:00,112,2.7,17.1,0.9,27.8,,,,,0.020,0.013,0.033,0.010,19.2,6.3,16
19/03/2024,09:00,111,3.4,17.1,1.0,28.3,,,,,0.011,0.010,0.021,0.011,19.2,6.4,15
19/03/2024,10:00,88,4.2,15.7,1.2,29.6,,,,,0.006,0.005,0.011,0.004,19.2,6.3,15
19/03/2024,11:00,80,4.4,17.1,1.2,30.1,,,,,0.004,0.002,0.006,0.002,22.0,6.3,14
19/03/2024,12:00,68,4.5,16.2,1.2,30.0,,,,,0.002,0.004,0.006,0.001,104.7,13.2,25
19/03/2024,13:00,74,4.8,14.7,1.3,29.5,,,,,0.001,0.001,0.002,0.001,16.1,5.5,12
19/03/2024,14:00,76,4.7,15.4,1.3,29.6,,,,,0.000,0.001,0.001,0.000,15.5,5.7,12
19/03/2024,15:00,74,4.7,15.0,1.3,28.9,,,,,0.003,0.000,0.004,0.000,16.3,6.1,14
19/03/2024,16:00,85,4.9,14.5,1.3,28.5,,,,,0.000,0.001,0.001,0.000,20.3,7.1,16
19/03/2024,17:00,94,4.3,15.0,1.2,27.5,,,,,0.000,0.001,0.001,0.000,22.8,7.7,17
19/03/2024,18:00,99,3.8,14.5,1.1,26.8,,,,,0.000,0.001,0.001,0.000,24.1,8.0,18
19/03/2024,19:00,106,3.0,14.3,0.9,26.5,,,,,0.000,0.005,0.005,0.002,21.3,7.4,17
19/03/2024,20:00,108,3.1,15.5,0.9,26.3,,,,,0.024,0.015,0.039,0.013,21.9,7.6,16
19/03/2024,21:00,117,2.1,17.1,0.6,26.0,,,,,0.035,0.018,0.052,0.019,25.5,8.3,18
19/03/2024,22:00,128,1.6,14.7,0.5,25.4,,,,,0.006,0.011,0.017,0.011,25.9,8.4,21
19/03/2024,23:00,135,1.5,21.8,0.5,25.0,,,,,0.001,0.007,0.008,0.005,24.9,8.5,31
20/03/2024,00:00,137,1.6,16.3,0.5,24.6,,,,,0.000,0.004,0.004,0.002,24.8,8.2,26
20/03/2024,01:00,152,1.7,15.4,0.5,24.3,,,,,0.000,0.003,0.004,0.001,22.6,7.4,11
20/03/2024,02:00,154,1.8,19.2,0.7,24.1,,,,,0.000,0.002,0.002,0.001,21.5,7.3,16
20/03/2024,03:00,158,2.0,21.6,0.8,24.0,,,,,0.001,0.002,0.002,0.000,23.0,7.1,16
20/03/2024,04:00,152,2.2,20.6,0.7,23.8,,,,,0.001,0.002,0.002,0.000,19.4,6.8,15
20/03/2024,05:00,153,2.3,20.4,0.9,23.8,,,,,0.002,0.004,0.005,0.000,21.6,6.8,15
20/03/2024,06:00,153,2.4,18.2,0.8,24.2,,,,,0.002,0.005,0.008,0.000,21.6,6.5,14
20/03/2024,07:00,155,2.3,20.7,0.8,25.3,,,,,0.002,0.003,0.004,0.000,19.9,6.4,14
20/03/2024,08:00,98,1.7,24.8,0.6,27.2,,,,,0.020,0.016,0.037,0.005,20.0,6.8,20
20/03/2024,09:00,99,3.5,21.7,1.1,29.8,,,,,0.015,0.009,0.025,0.013,20.0,6.6,15
20/03/2024,10:00,81,3.9,16.3,1.1,29.6,,,,,0.004,0.004,0.008,0.004,16.8,6.1,13
20/03/2024,11:00,67,4.0,15.5,1.2,29.4,,,,,0.000,0.001,0.001,0.001,16.9,5.8,13
20/03/2024,12:00,71,5.4,14.6,1.5,30.0,,,,,0.000,0.000,0.001,0.001,17.6,6.4,14
20/03/2024,13:00,75,4.9,14.3,1.4,30.1,,,,,0.001,0.000,0.001,0.001,17.6,6.2,13
20/03/2024,14:00,72,4.9,15.7,1.5,30.1,,,,,0.002,0.003,0.005,0.001,18.7,6.5,14
20/03/2024,15:00,79,5.0,15.8,1.5,29.7,,,,,0.002,0.002,0.004,0.001,20.1,6.6,15
20/03/2024,16:00,87,4.5,17.3,1.4,29.0,,,,,0.002,0.003,0.005,0.001,22.1,7.2,17
20/03/2024,17:00,93,4.9,13.9,1.5,27.8,,,,,0.000,0.002,0.003,0.000,22.1,7.7,16
20/03/2024,18:00,100,3.7,14.9,1.1,27.1,,,,,0.000,0.003,0.003,0.001,20.7,7.2,15
20/03/2024,19:00,108,3.3,14.6,1.0,26.9,,,,,0.004,0.006,0.011,0.003,17.6,6.5,14
20/03/2024,20:00,120,2.7,17.5,0.8,26.5,,,,,0.038,0.015,0.053,0.019,23.1,9.7,27
20/03/2024,21:00,136,2.1,20.8,0.7,25.9,,,,,0.001,0.008,0.009,0.006,20.1,7.8,21
20/03/2024,22:00,130,2.1,18.6,0.6,25.5,,,,,0.000,0.003,0.003,0.001,17.2,6.3,15
20/03/2024,23:00,141,1.5,17.7,0.5,24.9,,,,,0.001,0.010,0.011,0.001,17.0,6.1,17
21/03/2024,00:00,144,1.2,23.0,0.4,24.5,,,,,0.001,0.011,0.012,0.001,17.3,6.3,16
21/03/2024,01:00,153,1.6,20.3,0.6,24.5,,,,,0.001,0.009,0.010,0.001,17.7,6.4,12
21/03/2024,02:00,157,2.3,18.8,0.8,24.7,,,,,0.000,0.001,0.001,0.000,18.6,6.4,13
21/03/2024,03:00,152,3.0,16.5,1.0,24.6,,,,,0.001,0.001,0.002,0.000,17.1,5.9,12
21/03/2024,04:00,154,2.5,18.6,0.8,23.9,,,,,0.001,0.002,0.003,0.000,13.6,5.3,11
21/03/2024,05:00,156,2.4,19.0,0.9,24.3,,,,,0.002,0.004,0.006,0.000,12.2,4.6,10
21/03/2024,06:00,157,2.2,19.4,0.8,24.7,,,,,0.002,0.003,0.005,0.000,11.6,4.4,9
21/03/2024,07:00,145,2.0,20.7,0.7,26.0,,,,,0.004,0.007,0.011,0.000,13.6,4.6,12
21/03/2024,08:00,130,3.7,18.3,1.1,27.4,,,,,0.004,0.005,0.009,0.000,14.4,5.2,13
21/03/2024,09:00,126,4.5,18.2,1.4,28.3,,,,,0.001,0.002,0.003,0.000,16.1,5.4,12
21/03/2024,10:00,110,5.2,16.7,1.4,29.2,,,,,0.006,0.005,0.011,0.003,13.8,4.9,11
21/03/2024,11:00,100,5.3,15.6,1.5,28.1,,,,,0.011,0.005,0.016,0.006,15.0,5.8,13
21/03/2024,12:00,98,5.3,16.3,1.6,29.5,,,,,0.010,0.005,0.015,0.007,17.1,6.3,13
21/03/2024,13:00,98,6.1,14.7,1.7,29.8,,,,,0.004,0.003,0.007,0.004,19.0,6.2,14
21/03/2024,14:00,96,5.4,14.6,1.5,29.2,,,,,0.005,0.003,0.008,0.003,21.4,6.8,15
21/03/2024,15:00,98,5.4,15.0,1.6,29.1,,,,,0.005,0.003,0.008,0.002,22.0,7.3,17
21/03/2024,16:00,102,5.5,15.3,1.5,28.3,,,,,0.002,0.004,0.006,0.003,20.8,7.1,15
21/03/2024,17:00,107,4.6,15.0,1.3,27.6,,,,,0.007,0.007,0.014,0.004,18.8,6.2,13
21/03/2024,18:00,130,4.1,16.7,1.2,26.3,,,,,0.001,0.004,0.005,0.002,10.0,4.1,9
21/03/2024,19:00,131,3.8,19.2,1.3,25.5,,,,,0.001,0.006,0.007,0.001,7.7,3.1,7
21/03/2024,20:00,142,2.6,20.9,0.9,25.2,,,,,0.001,0.008,0.008,0.000,8.3,3.1,8
21/03/2024,21:00,136,2.7,21.0,1.0,24.8,,,,,0.001,0.008,0.009,0.000,7.9,2.7,6
21/03/2024,22:00,146,2.6,20.4,1.0,24.6,,,,,0.001,0.007,0.007,0.000,8.0,3.2,8
21/03/2024,23:00,140,3.5,19.1,1.2,24.2,,,,,0.001,0.007,0.008,0.000,11.0,3.9,10
22/03/2024,00:00,140,3.1,19.8,1.1,24.0,,,,,0.001,0.008,0.009,0.000,11.1,4.1,12
22/03/2024,01:00,134,2.5,23.6,0.9,23.9,,,,,0.001,0.008,0.010,0.000,14.6,4.8,9
22/03/2024,02:00,137,2.9,19.0,1.0,23.6,,,,,0.001,0.006,0.006,0.000,11.5,4.3,9
22/03/2024,03:00,154,2.5,22.0,0.9,23.3,,,,,0.000,0.004,0.004,0.000,11.4,4.1,9
22/03/2024,04:00,138,2.4,19.8,0.8,23.3,,,,,0.000,0.005,0.006,0.000,11.6,4.4,11
22/03/2024,05:00,153,2.8,18.6,0.9,23.4,,,,,0.001,0.004,0.005,0.000,15.8,5.4,13
22/03/2024,06:00,156,2.7,19.1,0.8,23.0,,,,,0.002,0.004,0.006,0.000,16.1,5.4,13
22/03/2024,07:00,144,3.0,20.5,1.0,23.8,,,,,0.005,0.009,0.014,0.000,12.7,4.7,13
22/03/2024,08:00,138,3.3,19.6,1.1,25.6,,,,,0.006,0.006,0.012,0.000,12.4,4.6,12
22/03/2024,09:00,130,3.5,18.1,1.1,25.7,,,,,0.002,0.004,0.006,0.000,12.5,4.5,10
22/03/2024,10:00,130,3.1,19.1,0.9,25.8,,,,,0.002,0.004,0.006,0.000,11.5,4.0,9
22/03/2024,11:00,115,3.5,19.8,1.0,27.5,,,,,0.010,0.007,0.017,0.006,12.3,3.9,8
22/03/2024,12:00,123,3.9,17.8,1.3,27.8,,,,,0.005,0.005,0.010,0.006,10.6,4.0,8
22/03/2024,13:00,112,3.7,17.9,1.0,28.1,,,,,0.018,0.011,0.029,0.011,16.9,6.4,13
22/03/2024,14:00,120,3.6,18.6,1.2,27.6,,,,,0.017,0.012,0.029,0.010,12.9,5.0,10
22/03/2024,15:00,130,2.7,22.7,1.0,27.2,,,,,0.005,0.008,0.013,0.007,16.0,4.9,12
22/03/2024,16:00,126,3.4,16.9,1.2,26.2,,,,,0.003,0.006,0.008,0.005,14.6,5.0,12
22/03/2024,17:00,150,2.0,18.3,0.7,25.1,,,,,0.002,0.007,0.009,0.001,12.1,4.2,12
22/03/2024,18:00,158,2.3,17.4,0.7,24.8,,,,,0.000,0.002,0.002,0.001,11.6,4.1,8
22/03/2024,19:00,160,1.9,19.7,0.7,24.5,,,,,0.000,0.001,0.001,0.000,17.5,5.0,10
22/03/2024,20:00,153,2.1,19.4,0.7,24.2,,,,,0.000,0.002,0.003,0.000,13.5,4.3,9
22/03/2024,21:00,144,1.6,21.5,0.6,23.7,,,,,0.001,0.007,0.007,0.000,12.1,4.3,13
22/03/2024,22:00,152,2.0,18.4,0.7,23.6,,,,,0.000,0.002,0.003,0.000,11.3,4.0,8
22/03/2024,23:00,147,2.2,20.5,0.8,23.4,,,,,0.000,0.003,0.003,0.000,11.2,3.9,8
23/03/2024,00:00,156,2.6,18.7,0.9,23.2,,,,,0.000,0.001,0.001,0.000,11.3,3.9,7
23/03/2024,01:00,154,2.7,19.2,0.9,23.1,,,,,0.000,0.001,0.001,0.000,17.0,4.3,5
23/03/2024,02:00,156,2.4,19.4,0.7,22.7,,,,,0.000,0.002,0.002,0.000,17.3,4.0,7
23/03/2024,03:00,149,2.8,16.8,0.9,22.6,,,,,0.001,0.001,0.002,0.000,16.8,3.7,6
23/03/2024,04:00,149,2.4,20.1,0.8,22.3,,,,,0.000,0.002,0.002,0.000,15.4,3.5,6
23/03/2024,05:00,149,2.5,18.6,0.8,22.1,,,,,0.001,0.003,0.003,0.000,15.4,3.7,7
23/03/2024,06:00,151,2.2,17.5,0.7,22.3,,,,,0.001,0.003,0.004,0.000,15.6,3.7,7
23/03/2024,07:00,161,2.3,18.1,0.7,23.8,,,,,0.001,0.003,0.004,0.000,13.8,3.4,7
23/03/2024,08:00,129,2.6,18.7,0.8,24.7,,,,,0.002,0.003,0.004,0.000,7.9,2.4,5
23/03/2024,09:00,127,3.4,19.4,1.1,25.5,,,,,0.002,0.003,0.006,0.001,6.2,1.9,4
23/03/2024,10:00,131,3.2,18.4,0.9,25.0,,,,,0.010,0.008,0.018,0.005,7.0,2.8,6
23/03/2024,11:00,130,3.0,17.6,0.9,24.4,,,,,0.004,0.005,0.009,0.003,5.5,2.4,6
23/03/2024,12:00,115,3.2,15.1,0.9,24.8,,,,,0.012,0.010,0.022,0.007,9.4,4.1,9
23/03/2024,13:00,101,3.1,17.0,1.0,24.1,,,,,0.004,0.006,0.010,0.003,12.9,5.2,11
23/03/2024,14:00,73,2.6,18.6,0.9,24.1,,,,,0.002,0.005,0.007,0.002,14.7,5.9,13
23/03/2024,15:00,73,2.5,20.5,0.9,23.4,,,,,0.000,0.000,0.000,0.001,14.9,6.0,13
23/03/2024,16:00,48,1.5,32.2,0.7,23.4,,,,,0.000,0.001,0.001,0.001,13.2,5.5,13
23/03/2024,17:00,124,1.3,30.5,0.6,24.3,,,,,0.027,0.011,0.038,0.008,18.0,6.4,14
23/03/2024,18:00,117,2.2,16.8,0.7,25.2,,,,,0.037,0.020,0.057,0.023,22.3,7.0,15
23/03/2024,19:00,124,2.2,16.5,0.7,25.3,,,,,0.022,0.014,0.036,0.017,25.1,7.2,16
23/03/2024,20:00,121,2.3,16.7,0.7,25.3,,,,,0.001,0.006,0.006,0.009,22.6,7.3,17
23/03/2024,21:00,133,1.9,16.2,0.6,25.0,,,,,0.000,0.002,0.002,0.006,22.7,7.1,16
23/03/2024,22:00,135,1.8,18.4,0.6,24.7,,,,,0.000,0.002,0.003,0.002,21.3,6.8,16
23/03/2024,23:00,159,1.6,22.6,0.6,24.3,,,,,0.000,0.003,0.003,0.001,26.4,7.6,17
24/03/2024,00:00,149,1.2,22.6,0.4,23.7,,,,,0.000,0.007,0.007,0.001,23.1,7.0,18
24/03/2024,01:00,137,1.5,25.8,0.7,23.4,,,,,0.001,0.013,0.014,0.001,22.0,7.1,23
24/03/2024,02:00,148,1.2,19.0,0.4,23.2,,,,,0.000,0.007,0.007,0.000,22.4,6.3,15
24/03/2024,03:00,159,1.6,18.6,0.5,23.2,,,,,0.000,0.006,0.006,0.000,26.8,6.6,16
24/03/2024,04:00,159,1.6,19.2,0.5,23.1,,,,,0.000,0.003,0.003,0.000,29.1,6.7,15
24/03/2024,05:00,168,1.6,19.6,0.5,23.2,,,,,0.001,0.004,0.004,0.000,24.9,6.6,15
24/03/2024,06:00,168,1.7,23.0,0.6,23.6,,,,,0.001,0.005,0.006,0.000,23.6,6.4,16
24/03/2024,07:00,138,2.0,17.6,0.7,24.4,,,,,0.003,0.005,0.007,0.000,20.1,6.2,16
24/03/2024,08:00,126,2.6,18.3,0.7,25.7,,,,,0.006,0.006,0.012,0.002,15.9,5.5,13
24/03/2024,09:00,109,3.2,17.5,1.0,27.3,,,,,0.024,0.014,0.037,0.020,13.6,4.7,9
24/03/2024,10:00,103,3.2,18.1,0.8,28.3,,,,,0.020,0.014,0.034,0.018,13.6,4.6,10
24/03/2024,11:00,91,3.5,16.4,1.0,29.1,,,,,0.005,0.005,0.010,0.007,13.3,4.5,10
24/03/2024,12:00,73,4.0,15.9,1.1,29.1,,,,,0.002,0.002,0.004,0.003,14.4,5.0,11
24/03/2024,13:00,82,3.5,16.0,0.9,27.7,,,,,0.005,0.002,0.006,0.001,12.8,4.5,9
24/03/2024,14:00,82,3.2,19.3,0.9,28.5,,,,,0.003,0.003,0.006,0.001,10.8,3.9,7
24/03/2024,15:00,85,3.3,15.9,0.9,27.6,,,,,0.004,0.005,0.009,0.004,13.1,4.6,9
24/03/2024,16:00,91,3.2,15.8,0.8,27.3,,,,,0.003,0.005,0.008,0.003,13.7,5.0,10
24/03/2024,17:00,101,3.1,14.8,0.9,26.1,,,,,0.003,0.008,0.012,0.006,10.7,4.1,8
24/03/2024,18:00,105,3.2,14.7,0.8,25.5,,,,,0.019,0.010,0.029,0.008,9.6,3.6,6
24/03/2024,19:00,118,2.5,17.2,0.8,25.2,,,,,0.010,0.006,0.016,0.011,11.1,4.2,8
24/03/2024,20:00,121,3.2,16.6,0.9,24.0,,,,,0.001,0.002,0.002,0.002,9.4,3.8,7
24/03/2024,21:00,126,2.2,18.2,0.7,22.9,,,,,0.000,0.004,0.005,0.001,9.2,3.6,10
24/03/2024,22:00,141,1.8,20.4,0.6,22.7,,,,,0.001,0.008,0.008,0.001,8.5,3.3,11
24/03/2024,23:00,146,2.1,18.2,0.8,22.7,,,,,0.001,0.006,0.007,0.000,7.7,2.1,7
25/03/2024,00:00,157,2.6,20.0,0.8,22.7,,,,,0.000,0.001,0.001,0.000,11.3,3.0,4
25/03/2024,01:00,157,2.5,15.9,0.8,22.4,,,,,0.000,0.001,0.001,0.001,10.5,3.1,4
25/03/2024,02:00,150,3.0,17.0,0.8,22.6,,,,,0.000,0.002,0.002,0.000,11.7,3.2,5
25/03/2024,03:00,152,2.7,17.1,0.8,22.8,,,,,0.000,0.002,0.002,0.000,8.7,2.9,4
25/03/2024,04:00,154,1.7,19.8,0.6,22.8,,,,,0.001,0.005,0.006,0.000,8.6,2.9,6
25/03/2024,05:00,152,1.4,18.6,0.4,22.8,,,,,0.004,0.011,0.015,0.000,9.3,3.3,8
25/03/2024,06:00,149,1.5,22.4,0.5,23.0,,,,,0.002,0.009,0.011,0.000,14.5,4.0,10
25/03/2024,07:00,141,1.8,19.7,0.7,23.4,,,,,0.005,0.008,0.013,0.000,12.5,3.6,9
25/03/2024,08:00,126,3.1,18.1,1.0,24.1,,,,,0.004,0.004,0.008,0.002,10.0,4.3,6
25/03/2024,09:00,126,2.9,18.8,0.9,24.3,,,,,0.001,0.003,0.004,0.001,9.1,3.4,6
25/03/2024,10:00,107,2.2,16.3,0.7,23.4,,,,,0.003,0.003,0.007,0.001,8.1,3.2,6
25/03/2024,11:00,113,2.5,16.2,0.7,24.5,,,,,0.046,0.016,0.062,0.017,8.6,3.8,7
25/03/2024,12:00,132,2.4,18.4,0.7,24.8,,,,,0.004,0.007,0.011,0.007,7.1,3.2,9
25/03/2024,13:00,122,2.4,19.4,0.8,25.0,,,,,0.004,0.004,0.008,0.003,4.4,2.9,7
25/03/2024,14:00,125,2.5,18.9,0.8,25.4,,,,,0.002,0.003,0.005,0.006,6.6,3.6,9
25/03/2024,15:00,120,2.3,16.6,0.6,25.7,,,,,0.001,0.002,0.002,0.003,5.0,1.9,4
25/03/2024,16:00,112,2.1,16.6,0.5,25.4,,,,,0.001,0.002,0.003,0.003,4.6,1.6,3
25/03/2024,17:00,125,2.0,16.6,0.6,23.7,,,,,0.001,0.007,0.009,0.004,5.1,1.9,8
25/03/2024,18:00,135,1.4,25.7,0.5,23.5,,,,,0.001,0.006,0.007,0.001,7.7,1.3,4
25/03/2024,19:00,122,1.7,19.8,0.5,23.6,,,,,0.000,0.005,0.005,0.001,5.1,1.3,3
25/03/2024,20:00,131,2.0,21.2,0.7,23.6,,,,,0.000,0.005,0.005,0.000,4.7,1.2,2
25/03/2024,21:00,150,1.4,24.5,0.6,23.6,,,,,0.001,0.005,0.006,0.000,8.4,1.4,2
25/03/2024,22:00,145,1.1,23.3,0.4,23.4,,,,,0.000,0.005,0.005,0.000,8.3,1.2,2
25/03/2024,23:00,163,2.2,20.5,0.7,23.4,,,,,0.001,0.003,0.004,0.000,13.8,2.4,3
26/03/2024,00:00,162,1.6,17.5,0.5,23.3,,,,,0.001,0.002,0.002,0.000,7.8,1.4,1
26/03/2024,01:00,164,1.7,16.5,0.5,23.0,,,,,0.000,0.001,0.002,0.001,5.8,1.2,1
26/03/2024,02:00,165,2.1,18.3,0.6,22.8,,,,,0.001,0.001,0.002,0.000,10.0,1.6,1
26/03/2024,03:00,165,1.2,17.5,0.4,22.8,,,,,0.001,0.003,0.004,0.000,12.7,2.4,3
26/03/2024,04:00,135,0.9,32.2,0.3,22.9,,,,,0.001,0.008,0.009,0.001,5.7,1.9,5
26/03/2024,05:00,138,1.2,13.5,0.3,23.0,,,,,0.003,0.007,0.010,0.002,6.4,2.1,5
26/03/2024,06:00,141,0.9,18.2,0.3,23.4,,,,,0.005,0.009,0.014,0.001,7.1,3.0,7
26/03/2024,07:00,122,0.9,15.8,0.3,23.9,,,,,0.002,0.005,0.007,0.001,7.6,2.9,6
26/03/2024,08:00,87,1.1,20.1,0.3,24.6,,,,,0.004,0.006,0.009,0.001,8.0,3.2,6
26/03/2024,09:00,69,2.4,17.2,0.6,25.9,,,,,0.001,0.001,0.002,0.001,8.7,3.3,6
26/03/2024,10:00,71,1.1,22.9,0.3,26.3,,,,,0.002,0.002,0.004,0.001,10.5,3.5,6
26/03/2024,11:00,89,0.9,24.3,0.3,25.8,,,,,0.001,0.002,0.003,0.001,9.3,3.5,7
26/03/2024,12:00,61,1.4,32.5,0.6,28.3,,,,,0.001,0.001,0.002,0.001,8.1,2.8,5
26/03/2024,13:00,69,1.2,27.3,0.5,28.5,,,,,0.001,0.002,0.003,0.001,11.3,3.5,6
26/03/2024,14:00,106,1.8,15.8,0.5,28.2,,,,,0.001,0.001,0.002,0.000,11.3,3.9,7
26/03/2024,15:00,85,2.2,15.7,0.6,27.9,,,,,0.000,0.001,0.001,0.000,14.0,4.6,9
26/03/2024,16:00,5,1.3,20.6,0.5,26.7,,,,,0.000,0.001,0.001,0.001,13.1,4.2,8
26/03/2024,17:00,330,0.3,30.9,0.2,25.0,,,,,0.001,0.003,0.005,0.001,16.9,4.0,8
26/03/2024,18:00,286,0.7,14.7,0.1,24.8,,,,,0.002,0.006,0.009,0.001,27.4,5.2,10
26/03/2024,19:00,285,0.6,11.2,0.1,24.5,,,,,0.005,0.007,0.012,0.001,23.3,4.6,9
26/03/2024,20:00,272,0.9,20.1,0.2,24.3,,,,,0.005,0.007,0.012,0.001,22.2,4.9,10
26/03/2024,21:00,297,0.8,18.2,0.3,24.4,,,,,0.003,0.007,0.010,0.001,17.8,4.4,9
26/03/2024,22:00,106,0.8,20.4,0.2,24.1,,,,,0.000,0.002,0.002,0.001,11.8,3.8,8
26/03/2024,23:00,115,0.4,25.3,0.2,23.9,,,,,0.000,0.003,0.003,0.000,12.5,3.4,7
27/03/2024,00:00,287,0.7,10.2,0.1,23.7,,,,,0.001,0.003,0.004,0.000,21.2,4.1,9
27/03/2024,01:00,286,0.4,19.4,0.1,23.6,,,,,0.002,0.003,0.006,0.001,22.3,4.4,9
27/03/2024,02:00,272,0.6,28.0,0.2,23.7,,,,,0.003,0.005,0.007,0.000,23.3,4.5,10
27/03/2024,03:00,283,0.6,18.0,0.2,23.5,,,,,0.003,0.006,0.009,0.001,18.8,4.5,10
27/03/2024,04:00,259,1.4,12.6,0.3,23.3,,,,,0.003,0.006,0.009,0.001,16.8,4.3,9
27/03/2024,05:00,259,2.0,11.6,0.4,23.3,,,,,0.003,0.005,0.008,0.001,16.0,4.2,9
27/03/2024,06:00,255,1.9,13.0,0.4,23.5,,,,,0.004,0.004,0.009,0.001,16.2,4.1,8
27/03/2024,07:00,274,0.8,36.4,0.4,26.3,,,,,0.004,0.003,0.007,0.001,16.7,4.1,8
27/03/2024,08:00,83,1.7,25.2,0.5,26.3,,,,,0.003,0.005,0.008,0.002,12.1,4.0,9
27/03/2024,09:00,105,1.8,19.6,0.5,26.2,,,,,0.009,0.009,0.018,0.004,12.8,5.4,10
27/03/2024,10:00,59,1.7,19.6,0.5,27.1,,,,,0.001,0.002,0.002,0.001,6.3,2.6,4
27/03/2024,11:00,70,2.8,17.9,0.8,27.7,,,,,0.001,0.002,0.003,0.001,11.8,3.4,6
27/03/2024,12:00,75,3.2,16.8,0.8,28.8,,,,,0.000,0.001,0.001,0.001,9.4,3.4,6
27/03/2024,13:00,70,3.5,15.9,0.9,29.5,,,,,0.001,0.001,0.002,0.001,10.3,3.0,5
27/03/2024,14:00,75,3.8,15.7,0.9,29.7,,,,,0.001,0.001,0.002,0.001,9.9,3.1,5
27/03/2024,15:00,84,4.4,14.8,1.1,28.5,,,,,0.001,0.001,0.002,0.001,12.9,4.1,8
27/03/2024,16:00,88,4.0,15.0,1.0,27.0,,,,,0.000,0.001,0.001,0.000,12.2,4.0,8
27/03/2024,17:00,97,3.2,14.2,0.9,26.3,,,,,0.000,0.001,0.001,0.000,14.5,4.8,10
27/03/2024,18:00,97,2.6,17.0,0.8,26.0,,,,,0.001,0.005,0.006,0.001,13.6,4.9,10
27/03/2024,19:00,76,2.0,23.6,0.7,24.9,,,,,0.007,0.005,0.011,0.005,13.7,4.5,9
27/03/2024,20:00,100,2.5,16.9,0.8,25.6,,,,,0.005,0.006,0.010,0.003,12.8,4.9,11
27/03/2024,21:00,100,3.1,15.1,0.9,25.2,,,,,0.000,0.003,0.003,0.001,11.7,4.5,9
27/03/2024,22:00,110,3.4,14.6,1.0,24.5,,,,,0.000,0.001,0.001,0.001,12.7,4.8,9
27/03/2024,23:00,94,2.8,17.3,0.9,24.3,,,,,0.000,0.001,0.001,0.000,15.8,5.8,12
28/03/2024,00:00,108,2.7,17.6,0.8,23.6,,,,,0.001,0.004,0.005,0.001,13.8,4.7,10
28/03/2024,01:00,84,0.9,41.7,0.4,22.9,,,,,0.001,0.006,0.007,0.001,14.8,4.7,8
28/03/2024,02:00,195,0.8,38.3,0.5,23.2,,,,,0.010,0.011,0.021,0.004,18.9,5.4,16
28/03/2024,03:00,120,1.3,16.9,0.4,22.8,,,,,0.008,0.006,0.014,0.004,10.1,3.8,8
28/03/2024,04:00,153,1.7,17.7,0.6,22.9,,,,,0.005,0.009,0.013,0.004,11.9,4.0,13
28/03/2024,05:00,150,1.8,16.7,0.6,23.0,,,,,0.005,0.008,0.013,0.002,9.4,3.0,9
28/03/2024,06:00,165,1.6,23.8,0.6,23.3,,,,,0.002,0.004,0.006,0.001,21.2,4.9,9
28/03/2024,07:00,139,1.8,20.8,0.7,24.0,,,,,0.007,0.008,0.015,0.001,11.0,3.6,15
28/03/2024,08:00,124,2.0,18.9,0.7,24.4,,,,,0.007,0.007,0.014,0.003,11.3,3.9,10
28/03/2024,09:00,119,2.4,17.9,0.9,25.4,,,,,0.023,0.010,0.033,0.009,9.7,3.9,8
28/03/2024,10:00,105,2.7,18.5,0.9,25.8,,,,,0.028,0.008,0.036,0.013,9.8,3.8,7
28/03/2024,11:00,110,2.7,20.5,0.9,28.5,,,,,0.024,0.009,0.033,0.014,13.7,5.0,11
28/03/2024,12:00,95,4.4,16.3,1.4,28.9,,,,,0.000,0.000,0.001,0.002,17.3,6.5,13
28/03/2024,13:00,96,4.7,15.6,1.4,28.6,,,,,0.004,0.005,0.009,0.001,14.8,5.1,11
28/03/2024,14:00,90,4.2,14.1,1.1,27.6,,,,,0.000,0.000,0.001,0.001,15.9,5.8,12
28/03/2024,15:00,89,4.9,14.3,1.3,28.5,,,,,0.000,0.000,0.000,0.001,18.9,6.3,14
28/03/2024,16:00,93,4.5,15.6,1.2,27.8,,,,,0.003,0.002,0.006,0.001,21.4,7.2,16
28/03/2024,17:00,102,4.1,14.3,1.1,26.6,,,,,0.001,0.003,0.003,0.001,19.1,6.3,13
28/03/2024,18:00,96,3.5,16.2,1.1,25.8,,,,,0.000,0.002,0.002,0.001,16.7,5.9,12
28/03/2024,19:00,116,1.9,18.6,0.7,25.3,,,,,0.010,0.011,0.021,0.006,20.0,6.7,15
28/03/2024,20:00,132,2.2,18.7,0.8,24.7,,,,,0.001,0.005,0.006,0.006,20.2,6.7,17
28/03/2024,21:00,121,2.2,17.5,0.7,23.9,,,,,0.017,0.009,0.026,0.007,15.5,5.5,12
28/03/2024,22:00,133,2.0,18.0,0.6,24.2,,,,,0.004,0.008,0.012,0.005,15.8,5.1,13
28/03/2024,23:00,138,2.0,18.1,0.7,24.3,,,,,0.001,0.011,0.012,0.001,18.9,6.0,23
29/03/2024,00:00,132,2.2,17.9,0.8,24.1,,,,,0.001,0.009,0.010,0.001,21.0,6.6,21
29/03/2024,01:00,146,1.9,18.0,0.6,23.7,,,,,0.001,0.009,0.010,0.001,25.2,6.7,19
29/03/2024,02:00,150,1.8,17.4,0.6,23.3,,,,,0.000,0.003,0.003,0.000,27.8,6.6,14
29/03/2024,03:00,154,1.5,19.3,0.5,23.1,,,,,0.002,0.006,0.007,0.000,25.8,6.2,15
29/03/2024,04:00,153,1.6,19.1,0.5,23.2,,,,,0.001,0.003,0.004,0.000,27.9,6.1,13
29/03/2024,05:00,155,2.1,19.0,0.8,23.2,,,,,0.001,0.002,0.003,0.000,27.4,5.9,12
29/03/2024,06:00,146,1.7,20.1,0.6,23.5,,,,,0.004,0.009,0.013,0.000,20.8,5.5,19
29/03/2024,07:00,132,2.6,20.3,0.9,25.2,,,,,0.002,0.003,0.006,0.001,17.6,5.6,14
29/03/2024,08:00,117,3.9,15.7,1.0,26.7,,,,,0.011,0.007,0.018,0.008,21.0,6.3,13
29/03/2024,09:00,103,4.6,16.7,1.2,28.0,,,,,0.026,0.010,0.036,0.013,20.3,6.4,14
29/03/2024,10:00,95,4.9,14.0,1.3,28.5,,,,,0.000,0.000,0.001,0.002,19.2,5.9,13
29/03/2024,11:00,89,4.8,15.4,1.4,29.0,,,,,0.000,0.000,0.000,0.001,17.7,5.4,12
29/03/2024,12:00,101,3.4,18.5,1.2,27.4,,,,,0.002,0.004,0.006,0.001,20.3,5.6,12
29/03/2024,13:00,89,4.7,15.5,1.2,28.0,,,,,0.000,0.001,0.001,0.001,17.4,5.6,12
29/03/2024,14:00,97,3.8,16.6,1.2,26.3,,,,,0.000,0.001,0.002,0.001,19.1,6.0,13
29/03/2024,15:00,108,3.4,19.0,1.1,26.3,,,,,0.005,0.007,0.012,0.003,20.6,6.2,15
29/03/2024,16:00,99,4.7,14.6,1.2,27.0,,,,,0.000,0.000,0.001,0.001,20.5,5.8,12
29/03/2024,17:00,108,3.6,15.2,1.1,26.2,,,,,0.020,0.011,0.030,0.009,19.3,5.7,11
29/03/2024,18:00,114,2.9,16.1,0.8,25.5,,,,,0.034,0.021,0.055,0.024,17.7,5.7,11
29/03/2024,19:00,130,2.1,15.3,0.6,25.0,,,,,0.003,0.007,0.010,0.009,19.9,6.0,13
29/03/2024,20:00,145,1.8,17.2,0.6,24.5,,,,,0.001,0.013,0.014,0.002,26.5,7.0,26
29/03/2024,21:00,150,1.5,19.2,0.5,23.8,,,,,0.001,0.009,0.010,0.001,35.1,6.6,19
29/03/2024,22:00,148,1.4,21.8,0.5,23.5,,,,,0.000,0.005,0.006,0.001,34.5,6.1,14
29/03/2024,23:00,154,1.4,19.9,0.5,23.0,,,,,0.001,0.010,0.010,0.000,38.2,7.1,19
30/03/2024,00:00,156,1.9,18.8,0.7,22.9,,,,,0.000,0.002,0.003,0.000,25.6,5.9,14
30/03/2024,01:00,150,1.9,18.9,0.7,22.8,,,,,0.000,0.001,0.002,0.001,24.7,5.7,9
30/03/2024,02:00,161,2.0,23.0,0.7,22.6,,,,,0.001,0.003,0.004,0.000,28.6,6.1,12
30/03/2024,03:00,164,2.4,22.5,0.9,22.8,,,,,0.002,0.005,0.006,0.000,31.0,7.0,13
30/03/2024,04:00,181,1.8,34.7,0.8,22.3,,,,,0.001,0.004,0.005,0.000,29.3,6.1,12
30/03/2024,05:00,160,2.6,21.9,1.0,22.9,,,,,0.001,0.003,0.004,0.000,27.8,6.0,12
30/03/2024,06:00,163,2.6,20.8,0.9,23.2,,,,,0.002,0.005,0.007,0.000,37.3,7.1,15
30/03/2024,07:00,159,2.5,20.2,0.8,24.5,,,,,0.003,0.002,0.005,0.000,23.9,5.9,12
30/03/2024,08:00,135,2.7,18.2,0.8,26.2,,,,,0.004,0.006,0.010,0.000,16.8,5.6,16
30/03/2024,09:00,122,3.6,17.9,1.1,27.5,,,,,0.007,0.008,0.015,0.005,15.8,5.8,13
30/03/2024,10:00,110,4.0,17.4,1.1,28.5,,,,,0.008,0.006,0.014,0.007,14.9,5.5,12
30/03/2024,11:00,103,4.7,16.5,1.3,28.4,,,,,0.009,0.009,0.018,0.008,13.9,5.3,12
30/03/2024,12:00,115,4.0,18.5,1.3,28.5,,,,,0.011,0.012,0.023,0.005,13.9,4.6,9
30/03/2024,13:00,98,4.6,18.3,1.3,29.8,,,,,0.002,0.003,0.004,0.004,15.9,4.5,7
30/03/2024,14:00,85,4.7,15.0,1.3,29.5,,,,,0.003,0.008,0.012,0.002,17.9,5.1,9
30/03/2024,15:00,77,4.1,15.4,1.2,28.8,,,,,0.001,0.003,0.004,0.001,15.4,5.3,11
30/03/2024,16:00,80,3.9,15.4,1.1,28.0,,,,,0.000,0.001,0.001,0.001,16.1,5.0,10
30/03/2024,17:00,96,3.0,15.1,0.9,26.8,,,,,0.000,0.001,0.001,0.000,16.4,5.0,10
30/03/2024,18:00,104,2.8,16.1,0.8,25.6,,,,,0.000,0.001,0.001,0.000,21.3,5.5,10
30/03/2024,19:00,111,3.1,16.9,1.0,25.3,,,,,0.002,0.007,0.010,0.003,17.6,5.6,10
30/03/2024,20:00,131,2.3,18.1,0.7,24.7,,,,,0.011,0.009,0.019,0.010,17.8,5.9,12
30/03/2024,21:00,132,2.3,15.5,0.7,24.2,,,,,0.000,0.003,0.003,0.002,15.9,5.3,11
30/03/2024,22:00,143,1.4,19.4,0.5,23.6,,,,,0.000,0.007,0.007,0.001,14.4,5.0,12
30/03/2024,23:00,141,1.2,17.9,0.4,23.0,,,,,0.001,0.008,0.008,0.000,11.7,4.6,12
31/03/2024,00:00,165,1.6,20.5,0.5,22.8,,,,,0.001,0.008,0.008,0.000,26.1,5.2,13
31/03/2024,01:00,160,2.3,21.9,0.8,22.8,,,,,0.001,0.002,0.003,0.001,24.0,4.9,6
31/03/2024,02:00,178,1.0,45.0,0.7,21.9,,,,,0.001,0.003,0.004,0.001,18.4,4.5,8
31/03/2024,03:00,159,1.8,31.3,0.8,22.2,,,,,0.001,0.004,0.005,0.001,25.2,5.2,9
31/03/2024,04:00,158,2.7,19.5,1.0,22.6,,,,,0.002,0.004,0.005,0.000,29.3,5.7,10
31/03/2024,05:00,163,2.1,29.0,0.9,22.4,,,,,0.002,0.005,0.007,0.000,30.5,5.8,10
31/03/2024,06:00,162,2.0,34.5,0.9,22.5,,,,,0.005,0.009,0.014,0.001,30.0,5.8,11
31/03/2024,07:00,158,3.0,18.6,1.0,23.5,,,,,0.002,0.002,0.004,0.000,27.2,5.0,8
31/03/2024,08:00,144,2.9,19.8,1.0,25.6,,,,,0.002,0.003,0.005,0.000,21.1,4.1,8
31/03/2024,09:00,122,3.8,18.1,1.2,27.6,,,,,0.010,0.006,0.016,0.000,12.3,3.3,5
31/03/2024,10:00,111,4.2,18.0,1.2,28.6,,,,,0.003,0.003,0.006,0.003,7.6,2.1,2
31/03/2024,11:00,103,3.7,17.5,1.1,28.8,,,,,0.012,0.005,0.017,0.008,11.9,3.4,5
31/03/2024,12:00,76,4.4,14.9,1.3,29.3,,,,,0.004,0.008,0.012,0.002,13.2,4.9,6
31/03/2024,13:00,70,4.5,15.9,1.3,28.7,,,,,0.000,0.000,0.001,0.001,12.9,4.0,6
31/03/2024,14:00,76,4.7,14.4,1.3,28.5,,,,,0.002,0.001,0.004,0.000,14.8,4.3,8
31/03/2024,15:00,79,4.3,15.7,1.3,27.7,,,,,0.003,0.003,0.006,0.000,12.4,3.9,7
31/03/2024,16:00,87,4.0,15.5,1.1,27.5,,,,,0.000,0.001,0.002,0.000,11.2,3.6,6
31/03/2024,17:00,91,3.5,15.3,1.0,26.3,,,,,0.000,0.001,0.001,0.000,14.3,4.1,7
31/03/2024,18:00,97,2.6,14.5,0.7,25.3,,,,,0.000,0.002,0.002,0.000,15.6,4.2,7
31/03/2024,19:00,114,2.3,14.3,0.6,25.0,,,,,0.006,0.009,0.015,0.005,12.3,4.2,7
31/03/2024,20:00,125,2.1,14.2,0.6,24.6,,,,,0.002,0.006,0.008,0.006,14.2,4.3,7
31/03/2024,21:00,135,1.6,17.5,0.6,24.1,,,,,0.000,0.004,0.004,0.001,16.4,4.5,9
31/03/2024,22:00,149,1.9,16.6,0.7,23.9,,,,,0.000,0.003,0.003,0.000,23.8,4.9,9
31/03/2024,23:00,148,1.9,17.9,0.6,23.7,,,,,0.000,0.002,0.003,0.000,18.9,4.7,8
01/04/2024,00:00,153,2.0,19.7,0.7,23.4,,,,,0.000,0.002,0.002,0.000,24.6,4.9,8
01/04/2024,01:00,136,2.2,16.8,0.7,23.2,,,,,0.001,0.005,0.006,0.002,13.9,4.0,7
01/04/2024,02:00,146,1.8,19.0,0.6,22.8,,,,,0.000,0.005,0.005,0.001,23.0,4.4,9
01/04/2024,03:00,148,1.9,17.7,0.7,22.7,,,,,0.001,0.007,0.007,0.001,12.7,4.1,12
01/04/2024,04:00,143,1.7,19.2,0.6,22.5,,,,,0.001,0.008,0.009,0.000,15.3,4.2,13
01/04/2024,05:00,154,1.7,21.1,0.6,22.7,,,,,0.001,0.006,0.007,0.000,25.6,4.6,9
01/04/2024,06:00,144,1.9,20.5,0.6,23.0,,,,,0.014,0.009,0.023,0.000,17.6,4.4,10
01/04/2024,07:00,133,2.3,20.0,0.7,23.5,,,,,0.012,0.015,0.027,0.001,9.9,3.7,11
01/04/2024,08:00,136,2.7,17.8,0.8,24.4,,,,,0.004,0.005,0.008,0.000,11.0,3.3,7
01/04/2024,09:00,111,3.4,17.5,1.1,26.2,,,,,0.016,0.007,0.023,0.006,12.3,5.3,6
01/04/2024,10:00,104,4.1,16.5,1.1,27.3,,,,,0.010,0.007,0.017,0.011,10.4,3.1,5
01/04/2024,11:00,104,3.9,18.2,1.1,27.4,,,,,0.005,0.005,0.010,0.007,10.7,3.1,5
01/04/2024,12:00,105,4.3,19.4,1.1,27.9,,,,,0.010,0.009,0.020,0.010,10.4,2.9,5
01/04/2024,13:00,118,3.6,17.4,1.0,26.4,,,,,0.009,0.009,0.018,0.009,10.7,2.5,3
01/04/2024,14:00,142,2.6,22.5,0.9,25.4,,,,,0.016,0.010,0.026,0.012,11.5,3.1,5
01/04/2024,15:00,183,2.3,24.1,1.0,24.7,,,,,0.004,0.004,0.009,0.007,12.1,3.3,5
01/04/2024,16:00,153,2.9,17.6,0.9,24.1,,,,,0.001,0.003,0.005,0.001,17.8,3.9,6
01/04/2024,17:00,152,2.0,18.6,0.7,24.5,,,,,0.000,0.001,0.002,0.001,13.9,3.3,5
01/04/2024,18:00,148,1.3,19.8,0.4,24.1,,,,,0.001,0.005,0.006,0.001,9.0,3.2,6
01/04/2024,19:00,141,1.5,15.9,0.5,24.1,,,,,0.000,0.004,0.005,0.000,8.9,3.7,8
01/04/2024,20:00,138,1.7,16.4,0.5,23.7,,,,,0.001,0.007,0.009,0.000,8.8,3.6,15
01/04/2024,21:00,142,1.4,23.1,0.6,23.5,,,,,0.002,0.013,0.014,0.000,10.2,4.2,21
01/04/2024,22:00,156,1.1,25.5,0.4,23.2,,,,,0.001,0.008,0.008,0.000,9.4,3.7,11
01/04/2024,23:00,159,0.9,31.3,0.4,22.8,,,,,0.000,0.003,0.004,0.000,12.9,3.5,6
02/04/2024,00:00,176,1.3,28.1,0.6,22.7,,,,,0.001,0.005,0.007,0.000,20.1,4.5,8
02/04/2024,01:00,166,1.8,22.0,0.7,23.3,,,,,0.001,0.003,0.004,0.001,26.6,5.2,7
02/04/2024,02:00,166,1.4,26.9,0.6,23.0,,,,,0.000,0.003,0.003,0.000,23.7,5.1,8
02/04/2024,03:00,213,1.4,25.7,0.6,22.1,,,,,0.001,0.002,0.003,0.000,18.9,3.9,7
02/04/2024,04:00,248,1.4,21.5,0.5,21.4,,,,,0.001,0.002,0.002,0.000,10.3,3.2,5
02/04/2024,05:00,206,1.2,32.7,0.6,22.1,,,,,0.002,0.005,0.007,0.000,12.7,3.5,6
02/04/2024,06:00,194,1.2,35.3,0.6,22.3,,,,,0.007,0.006,0.013,0.001,19.6,3.8,7
02/04/2024,07:00,138,2.0,19.3,0.7,24.4,,,,,0.015,0.007,0.021,0.001,11.6,3.3,7
02/04/2024,08:00,143,1.7,20.2,0.6,25.3,,,,,0.004,0.007,0.011,0.001,9.1,2.9,6
02/04/2024,09:00,135,1.9,20.7,0.6,26.5,,,,,0.015,0.012,0.026,0.003,10.8,3.1,6
02/04/2024,10:00,99,3.1,20.0,1.0,28.1,,,,,0.008,0.006,0.014,0.010,11.1,3.4,5
02/04/2024,11:00,76,4.0,18.5,1.1,28.6,,,,,0.001,0.001,0.001,0.002,10.3,3.3,4
02/04/2024,12:00,79,4.0,19.4,1.1,29.0,,,,,0.002,0.001,0.004,0.001,9.7,3.2,5
02/04/2024,13:00,76,4.3,15.5,1.2,28.6,,,,,0.001,0.000,0.001,0.001,9.8,3.0,5
02/04/2024,14:00,78,4.0,16.3,1.1,28.7,,,,,0.002,0.004,0.006,0.001,10.2,3.4,5
02/04/2024,15:00,75,3.3,15.8,0.9,28.1,,,,,0.001,0.001,0.001,0.001,10.1,2.9,4
02/04/2024,16:00,77,2.9,16.1,0.8,27.6,,,,,0.001,0.001,0.002,0.000,10.3,3.2,5
02/04/2024,17:00,80,2.6,14.3,0.8,26.5,,,,,0.000,0.000,0.000,0.000,9.2,2.9,4
02/04/2024,18:00,77,2.0,17.2,0.6,25.7,,,,,0.000,0.000,0.000,0.000,8.6,3.0,5
02/04/2024,19:00,93,1.6,15.3,0.5,25.5,,,,,0.000,0.001,0.001,0.000,9.3,2.9,4
02/04/2024,20:00,103,1.0,15.5,0.3,25.1,,,,,0.000,0.003,0.003,0.000,11.2,3.4,5
02/04/2024,21:00,143,0.7,19.2,0.2,23.6,,,,,0.011,0.009,0.020,0.001,11.8,4.0,8
02/04/2024,22:00,138,0.6,19.3,0.2,22.6,,,,,0.015,0.009,0.024,0.001,12.5,3.8,7
02/04/2024,23:00,199,0.2,29.1,0.2,22.1,,,,,0.014,0.008,0.022,0.000,12.6,3.9,8
03/04/2024,00:00,286,1.1,10.3,0.2,22.0,,,,,0.002,0.006,0.008,0.000,11.1,3.5,6
03/04/2024,01:00,304,0.8,16.6,0.2,21.3,,,,,0.001,0.005,0.006,0.001,10.8,3.5,5
03/04/2024,02:00,270,1.6,11.1,0.4,21.1,,,,,0.003,0.005,0.008,0.000,10.3,3.4,6
03/04/2024,03:00,265,1.9,14.4,0.4,21.0,,,,,0.001,0.004,0.005,0.000,8.7,3.2,5
03/04/2024,04:00,259,1.6,15.7,0.4,21.0,,,,,0.001,0.003,0.004,0.000,8.6,3.0,5
03/04/2024,05:00,262,1.8,12.8,0.4,21.2,,,,,0.003,0.004,0.008,0.000,9.6,3.5,7
03/04/2024,06:00,265,1.7,17.1,0.4,21.6,,,,,0.020,0.014,0.034,0.001,27.1,4.1,8
03/04/2024,07:00,272,1.9,12.5,0.4,23.1,,,,,0.009,0.007,0.016,0.001,38.7,4.7,8
03/04/2024,08:00,145,1.1,23.6,0.5,27.0,,,,,0.016,0.009,0.026,0.013,12.3,3.7,8
03/04/2024,09:00,72,2.1,27.9,0.7,28.9,,,,,0.006,0.010,0.016,0.006,11.0,3.5,7
03/04/2024,10:00,67,3.6,15.6,0.9,29.0,,,,,0.001,0.000,0.001,0.001,8.1,2.2,4
03/04/2024,11:00,70,3.4,17.7,0.9,29.6,,,,,0.000,0.000,0.000,0.001,6.1,2.0,3
03/04/2024,12:00,74,3.7,17.8,1.0,29.6,,,,,0.003,0.000,0.003,0.001,7.1,2.4,3
03/04/2024,13:00,77,3.4,17.1,0.8,29.8,,,,,0.004,0.003,0.007,0.001,8.4,2.4,4
03/04/2024,14:00,78,3.8,15.2,0.9,29.3,,,,,0.007,0.009,0.016,0.001,8.3,2.5,4
03/04/2024,15:00,79,3.8,15.1,1.0,28.8,,,,,0.002,0.005,0.007,0.001,9.4,2.6,4
03/04/2024,16:00,80,3.2,16.8,0.9,28.0,,,,,0.001,0.003,0.004,0.000,13.8,5.3,5
03/04/2024,17:00,75,2.5,14.3,0.7,26.8,,,,,0.000,0.000,0.000,0.000,9.4,2.6,4
03/04/2024,18:00,81,2.2,14.0,0.6,25.9,,,,,0.000,0.000,0.000,0.000,8.7,2.5,4
03/04/2024,19:00,78,2.2,14.2,0.6,25.7,,,,,0.000,0.001,0.001,0.000,10.0,2.7,4
03/04/2024,20:00,76,2.0,15.3,0.6,25.5,,,,,0.000,0.000,0.000,0.000,9.4,3.0,4
03/04/2024,21:00,55,1.0,23.9,0.4,24.8,,,,,0.000,0.000,0.000,0.000,8.3,2.9,5
03/04/2024,22:00,70,1.4,15.6,0.6,25.2,,,,,0.000,0.000,0.000,0.000,9.4,3.3,5
03/04/2024,23:00,67,1.7,16.7,0.6,25.3,,,,,0.000,0.000,0.000,0.000,10.3,3.4,5
04/04/2024,00:00,69,1.1,22.2,0.4,24.8,,,,,0.000,0.000,0.000,0.000,10.8,3.4,6
04/04/2024,01:00,267,0.4,23.4,0.2,22.6,,,,,0.001,0.005,0.006,0.000,10.7,3.6,5
04/04/2024,02:00,276,1.8,9.9,0.3,21.8,,,,,0.000,0.002,0.003,0.000,8.9,3.7,6
04/04/2024,03:00,275,1.6,12.4,0.3,21.8,,,,,0.001,0.003,0.003,0.000,9.3,3.6,6
04/04/2024,04:00,273,1.6,12.6,0.3,21.5,,,,,0.003,0.005,0.008,0.000,9.9,3.5,7
04/04/2024,05:00,273,1.7,16.1,0.3,21.4,,,,,0.004,0.005,0.008,0.000,10.1,3.5,7
04/04/2024,06:00,268,2.0,12.9,0.5,21.9,,,,,0.008,0.009,0.017,0.001,14.2,3.8,7
04/04/2024,07:00,261,1.2,30.1,0.4,24.0,,,,,0.016,0.006,0.022,0.001,23.0,4.4,8
04/04/2024,08:00,140,1.6,25.0,0.6,25.3,,,,,0.026,0.016,0.042,0.006,12.0,4.5,11
04/04/2024,09:00,109,2.6,18.7,0.9,27.8,,,,,0.010,0.006,0.016,0.008,11.0,3.6,7
04/04/2024,10:00,85,3.4,18.6,0.9,28.6,,,,,0.001,0.001,0.002,0.002,10.2,3.4,6
04/04/2024,11:00,73,3.6,17.9,1.0,29.0,,,,,0.005,0.002,0.007,0.001,9.3,3.4,7
04/04/2024,12:00,79,3.7,19.6,1.1,29.4,,,,,0.002,0.003,0.005,0.000,9.5,3.5,6
04/04/2024,13:00,78,3.8,16.9,1.0,29.4,,,,,0.003,0.004,0.007,0.000,10.4,3.4,6
04/04/2024,14:00,81,4.2,16.4,1.0,29.2,,,,,0.005,0.001,0.006,0.001,12.3,3.9,7
04/04/2024,15:00,85,4.0,16.5,1.1,29.0,,,,,0.001,0.001,0.003,0.000,12.1,3.8,7
04/04/2024,16:00,82,3.3,16.3,0.9,28.4,,,,,0.007,0.002,0.009,0.000,11.6,3.9,7
04/04/2024,17:00,80,2.8,16.6,0.8,27.1,,,,,0.000,0.000,0.000,0.000,11.9,4.3,8
04/04/2024,18:00,78,2.5,15.1,0.7,26.3,,,,,0.000,0.000,0.000,0.000,14.7,4.9,9
04/04/2024,19:00,91,2.5,14.6,0.7,26.3,,,,,0.000,0.000,0.000,0.000,15.7,5.1,10
04/04/2024,20:00,92,2.2,14.1,0.7,26.1,,,,,0.000,0.000,0.000,0.000,15.3,5.0,10
04/04/2024,21:00,83,2.1,14.9,0.7,26.0,,,,,0.000,0.000,0.000,0.000,13.6,4.7,9
04/04/2024,22:00,105,1.4,14.4,0.5,25.6,,,,,0.000,0.001,0.001,0.000,14.4,5.0,10
04/04/2024,23:00,140,1.4,11.9,0.3,24.9,,,,,0.001,0.005,0.006,0.000,15.9,5.4,12
05/04/2024,00:00,145,1.3,14.5,0.4,24.2,,,,,0.001,0.007,0.009,0.001,15.2,5.4,16
05/04/2024,01:00,147,1.1,15.9,0.4,23.8,,,,,0.001,0.005,0.005,0.001,14.2,5.2,11
05/04/2024,02:00,174,0.7,33.4,0.4,23.3,,,,,0.001,0.005,0.005,0.001,13.8,4.8,10
05/04/2024,03:00,183,0.6,32.6,0.3,22.5,,,,,0.002,0.006,0.008,0.001,21.0,5.0,11
05/04/2024,04:00,261,1.0,23.5,0.3,22.1,,,,,0.003,0.005,0.008,0.001,13.0,4.6,10
05/04/2024,05:00,265,0.8,39.3,0.3,22.2,,,,,0.006,0.007,0.013,0.001,13.6,4.8,10
05/04/2024,06:00,106,0.7,31.2,0.4,22.8,,,,,0.004,0.006,0.010,0.001,12.5,4.7,11
05/04/2024,07:00,234,0.5,21.8,0.3,23.3,,,,,0.009,0.010,0.019,0.002,13.8,5.1,14
05/04/2024,08:00,290,0.7,26.0,0.2,23.4,,,,,0.010,0.008,0.018,0.002,13.9,4.8,13
05/04/2024,09:00,56,0.3,53.7,0.2,24.2,,,,,0.007,0.004,0.011,0.001,12.2,3.9,7
05/04/2024,10:00,78,0.7,23.5,0.2,24.9,,,,,0.000,0.001,0.001,0.001,9.4,3.3,5
05/04/2024,11:00,175,0.7,20.6,0.3,25.3,,,,,0.002,0.004,0.006,0.001,10.3,3.4,5
05/04/2024,12:00,259,1.6,18.6,0.4,24.4,,,,,0.008,0.009,0.016,0.001,13.4,3.7,7
05/04/2024,13:00,207,1.6,26.2,0.7,24.3,,,,,0.006,0.007,0.013,0.002,11.2,4.0,9
05/04/2024,14:00,145,2.2,17.4,0.7,24.4,,,,,0.004,0.005,0.009,0.002,10.4,3.9,10
05/04/2024,15:00,140,1.6,16.6,0.5,24.8,,,,,0.002,0.004,0.006,0.001,9.0,3.4,9
05/04/2024,16:00,137,1.6,19.8,0.6,24.3,,,,,0.001,0.003,0.005,0.001,10.1,3.4,7
05/04/2024,17:00,149,1.9,24.5,0.8,23.7,,,,,0.003,0.005,0.008,0.001,12.5,3.7,8
05/04/2024,18:00,162,1.1,24.7,0.6,23.2,,,,,0.002,0.006,0.008,0.001,8.0,3.0,7
05/04/2024,19:00,133,1.4,23.7,0.5,22.4,,,,,0.000,0.005,0.005,0.001,4.6,2.0,7
05/04/2024,20:00,141,1.1,25.4,0.4,22.4,,,,,0.001,0.008,0.008,0.000,5.0,2.1,8
05/04/2024,21:00,112,1.5,17.4,0.5,22.7,,,,,0.001,0.003,0.003,0.000,8.4,3.3,7
05/04/2024,22:00,129,1.3,17.6,0.4,22.5,,,,,0.007,0.009,0.016,0.002,8.5,3.3,6
05/04/2024,23:00,156,1.1,19.0,0.4,22.6,,,,,0.001,0.008,0.009,0.002,9.2,3.5,11
06/04/2024,00:00,163,1.8,21.3,0.6,22.9,,,,,0.001,0.002,0.003,0.001,16.0,3.5,6
06/04/2024,01:00,248,1.9,16.7,0.5,22.6,,,,,0.000,0.001,0.002,0.001,11.2,3.0,4
06/04/2024,02:00,247,2.3,21.3,0.7,21.7,,,,,0.001,0.001,0.002,0.001,13.4,3.0,5
06/04/2024,03:00,254,2.7,17.7,0.6,20.9,,,,,0.000,0.001,0.001,0.000,13.3,3.1,5
06/04/2024,04:00,256,2.9,11.9,0.6,20.7,,,,,0.000,0.001,0.002,0.000,14.7,3.2,5
06/04/2024,05:00,252,2.6,17.1,0.7,20.8,,,,,0.001,0.003,0.003,0.000,14.8,2.9,4
06/04/2024,06:00,254,2.7,13.3,0.7,20.8,,,,,0.001,0.002,0.003,0.000,12.5,3.0,4
06/04/2024,07:00,249,1.9,15.5,0.6,21.4,,,,,0.001,0.002,0.003,0.000,10.8,2.8,4
06/04/2024,08:00,245,1.8,13.3,0.4,22.7,,,,,0.001,0.001,0.003,0.000,10.3,3.1,5
06/04/2024,09:00,177,1.0,30.0,0.5,24.9,,,,,0.003,0.004,0.007,0.001,13.3,3.8,9
06/04/2024,10:00,118,0.3,45.8,0.3,26.0,,,,,0.007,0.009,0.016,0.004,14.0,4.1,10
06/04/2024,11:00,151,1.0,24.6,0.4,25.5,,,,,0.011,0.011,0.022,0.007,12.2,4.4,11
06/04/2024,12:00,142,2.2,18.1,0.7,26.7,,,,,0.002,0.003,0.004,0.005,11.8,4.3,9
06/04/2024,13:00,148,1.7,18.9,0.6,27.3,,,,,0.002,0.003,0.004,0.004,13.5,5.1,13
06/04/2024,14:00,139,1.4,23.2,0.5,27.2,,,,,0.003,0.005,0.008,0.003,14.5,5.6,15
06/04/2024,15:00,145,1.3,19.6,0.4,27.0,,,,,0.001,0.003,0.005,0.002,12.9,4.6,11
06/04/2024,16:00,131,1.2,16.4,0.3,26.4,,,,,0.000,0.003,0.003,0.001,13.2,4.4,9
06/04/2024,17:00,143,1.4,15.8,0.4,25.8,,,,,0.001,0.004,0.005,0.001,14.0,4.4,10
06/04/2024,18:00,206,2.4,20.0,0.7,24.7,,,,,0.002,0.003,0.005,0.001,14.6,4.4,9
06/04/2024,19:00,232,2.0,18.0,0.6,23.3,,,,,0.002,0.002,0.004,0.002,13.3,4.2,8
06/04/2024,20:00,251,1.2,29.2,0.5,23.0,,,,,0.001,0.002,0.003,0.001,16.3,4.2,8
06/04/2024,21:00,251,2.3,16.9,0.7,22.6,,,,,0.000,0.001,0.001,0.001,14.3,3.9,7
06/04/2024,22:00,252,3.0,9.8,0.6,22.2,,,,,0.000,0.000,0.001,0.001,14.6,3.8,7
06/04/2024,23:00,255,2.6,11.2,0.6,22.3,,,,,0.000,0.001,0.001,0.000,14.0,3.7,7
07/04/2024,00:00,186,1.8,26.2,0.8,23.3,,,,,0.002,0.004,0.006,0.001,15.3,4.5,10
07/04/2024,01:00,161,0.1,42.8,0.4,22.6,,,,,0.000,0.002,0.002,0.001,15.0,4.1,8
07/04/2024,02:00,157,1.5,16.1,0.5,22.6,,,,,0.000,0.001,0.001,0.001,10.3,3.6,7
07/04/2024,03:00,130,1.7,16.8,0.5,22.9,,,,,0.000,0.002,0.002,0.001,6.4,2.2,6
07/04/2024,04:00,137,1.5,16.1,0.5,23.0,,,,,0.000,0.002,0.003,0.001,8.6,2.0,5
07/04/2024,05:00,137,2.1,16.1,0.6,23.0,,,,,0.001,0.003,0.003,0.001,7.6,1.9,5
07/04/2024,06:00,124,2.7,16.1,0.9,23.0,,,,,0.000,0.002,0.002,0.000,6.1,2.2,3
07/04/2024,07:00,112,2.7,18.3,0.9,23.3,,,,,0.009,0.007,0.016,0.001,8.9,3.6,6
07/04/2024,08:00,91,4.5,13.4,1.3,23.3,,,,,0.000,0.000,0.001,0.001,10.7,4.1,7
07/04/2024,09:00,78,3.5,15.6,1.1,23.5,,,,,0.000,0.000,0.000,0.000,8.2,3.2,4
07/04/2024,10:00,80,3.5,14.5,1.0,23.3,,,,,0.002,0.006,0.008,0.000,9.9,4.5,6
07/04/2024,11:00,79,3.3,15.6,1.0,23.2,,,,,0.000,0.000,0.000,0.000,9.5,3.8,6
07/04/2024,12:00,81,2.8,17.0,0.8,23.1,,,,,0.001,0.002,0.003,0.000,10.2,3.8,6
07/04/2024,13:00,79,2.2,16.2,0.7,22.8,,,,,0.010,0.001,0.010,0.000,9.9,4.0,7
07/04/2024,14:00,96,2.0,16.7,0.6,23.3,,,,,0.000,0.001,0.001,0.000,9.6,3.5,5
07/04/2024,15:00,127,1.9,16.6,0.6,23.3,,,,,0.005,0.005,0.009,0.000,10.2,3.9,7
07/04/2024,16:00,162,1.4,27.2,0.5,23.3,,,,,0.001,0.003,0.004,0.001,11.0,4.1,9
07/04/2024,17:00,290,0.2,37.6,0.2,23.3,,,,,0.000,0.003,0.003,0.001,14.8,4.4,10
07/04/2024,18:00,93,0.3,16.6,0.1,23.1,,,,,0.000,0.002,0.003,0.001,16.9,5.0,12
07/04/2024,19:00,130,1.1,16.8,0.3,22.9,,,,,0.001,0.004,0.005,0.001,13.9,4.1,8
07/04/2024,20:00,164,0.3,34.7,0.3,22.6,,,,,0.001,0.004,0.005,0.001,16.2,4.2,10
07/04/2024,21:00,259,0.4,42.4,0.3,22.7,,,,,0.001,0.008,0.009,0.001,18.6,4.6,11
07/04/2024,22:00,259,1.2,17.3,0.3,22.6,,,,,0.000,0.007,0.007,0.001,17.7,4.3,10
07/04/2024,23:00,253,1.4,28.7,0.4,22.4,,,,,0.001,0.005,0.006,0.001,19.5,4.0,8
08/04/2024,00:00,255,1.3,25.8,0.4,22.3,,,,,0.000,0.003,0.003,0.001,17.2,3.7,7
08/04/2024,01:00,244,1.3,21.8,0.4,22.4,,,,,0.001,0.001,0.002,0.001,17.4,3.4,5
08/04/2024,02:00,231,1.1,26.3,0.5,22.5,,,,,0.001,0.001,0.002,0.000,17.6,3.5,6
08/04/2024,03:00,239,1.3,25.9,0.5,22.7,,,,,0.001,0.002,0.003,0.001,16.6,3.8,7
08/04/2024,04:00,233,0.7,37.1,0.4,22.5,,,,,0.001,0.002,0.003,0.001,18.5,3.6,6
08/04/2024,05:00,155,1.1,31.5,0.6,22.9,,,,,0.003,0.004,0.007,0.000,16.1,3.8,6
08/04/2024,06:00,206,1.7,18.0,0.7,22.7,,,,,0.004,0.004,0.008,0.001,12.0,3.4,6
08/04/2024,07:00,181,2.1,26.6,0.9,22.6,,,,,0.005,0.005,0.011,0.001,11.3,3.4,6
08/04/2024,08:00,182,2.4,26.6,1.0,22.8,,,,,0.008,0.007,0.016,0.004,12.0,3.1,5
08/04/2024,09:00,186,2.7,21.3,1.1,23.3,,,,,0.014,0.010,0.024,0.007,10.1,3.4,7
08/04/2024,10:00,201,3.0,20.6,1.0,23.5,,,,,0.014,0.012,0.026,0.011,10.5,3.4,7
08/04/2024,11:00,225,3.7,14.2,0.9,23.3,,,,,0.001,0.002,0.003,0.005,7.3,2.2,3
08/04/2024,12:00,187,3.3,19.9,1.1,25.3,,,,,0.017,0.009,0.026,0.013,9.6,3.2,6
08/04/2024,13:00,140,2.4,26.7,1.0,27.0,,,,,0.002,0.002,0.004,0.003,7.9,2.3,4
08/04/2024,14:00,135,2.6,17.0,0.8,27.8,,,,,0.001,0.002,0.004,0.001,6.0,2.2,4
08/04/2024,15:00,126,1.8,25.0,0.8,29.2,,,,,0.002,0.004,0.007,0.001,7.2,2.2,4
08/04/2024,16:00,125,1.5,21.4,0.6,29.4,,,,,0.001,0.005,0.006,0.001,9.6,2.7,5
08/04/2024,17:00,77,2.0,14.0,0.5,26.4,,,,,0.002,0.011,0.013,0.004,11.0,3.3,5
08/04/2024,18:00,62,0.5,23.0,0.2,24.1,,,,,0.002,0.005,0.007,0.002,17.5,4.1,9
08/04/2024,19:00,277,0.4,35.0,0.3,22.3,,,,,0.007,0.009,0.017,0.001,34.7,5.6,12
08/04/2024,20:00,301,0.8,9.6,0.2,21.3,,,,,0.003,0.007,0.010,0.001,31.6,5.4,13
08/04/2024,21:00,294,0.9,12.4,0.2,20.7,,,,,0.004,0.006,0.011,0.000,29.9,5.2,11
08/04/2024,22:00,292,1.0,13.7,0.2,20.4,,,,,0.002,0.005,0.007,0.000,29.5,5.4,12
08/04/2024,23:00,294,0.7,18.5,0.2,19.8,,,,,0.002,0.004,0.006,0.000,32.0,5.9,13
09/04/2024,00:00,284,1.1,18.5,0.3,19.6,,,,,0.003,0.004,0.007,0.000,29.0,5.5,12
09/04/2024,01:00,274,1.2,16.7,0.4,19.6,,,,,0.002,0.004,0.006,0.001,27.0,5.2,10
09/04/2024,02:00,273,1.4,20.1,0.4,19.4,,,,,0.003,0.005,0.008,0.000,20.7,5.0,11
09/04/2024,03:00,271,2.0,8.6,0.3,19.0,,,,,0.004,0.005,0.009,0.000,23.6,5.1,11
09/04/2024,04:00,275,0.7,42.1,0.3,18.9,,,,,0.005,0.004,0.009,0.000,23.2,4.9,10
09/04/2024,05:00,262,2.5,13.6,0.4,19.1,,,,,0.006,0.006,0.013,0.000,18.0,4.3,8
09/04/2024,06:00,258,2.9,9.7,0.5,19.6,,,,,0.003,0.004,0.008,0.000,15.7,4.0,8
09/04/2024,07:00,259,2.2,13.9,0.5,21.5,,,,,0.005,0.004,0.009,0.000,13.8,4.2,8
09/04/2024,08:00,258,2.5,16.3,0.6,23.7,,,,,0.002,0.003,0.005,0.001,13.2,3.9,7
09/04/2024,09:00,243,2.7,19.5,0.8,25.9,,,,,0.001,0.002,0.003,0.001,12.0,3.7,6
09/04/2024,10:00,249,2.7,22.6,0.8,27.4,,,,,0.001,0.002,0.002,0.001,12.3,3.7,6
09/04/2024,11:00,255,2.8,28.5,1.0,29.4,,,,,0.001,0.001,0.002,0.000,16.4,3.6,5
09/04/2024,12:00,246,3.2,20.5,1.2,30.3,,,,,0.001,0.001,0.002,0.000,12.2,3.0,4
09/04/2024,13:00,250,3.5,21.2,1.3,30.7,,,,,0.001,0.002,0.003,0.001,14.9,3.1,4
09/04/2024,14:00,229,4.2,22.1,1.4,31.2,,,,,0.001,0.002,0.004,0.001,27.5,3.2,5
09/04/2024,15:00,242,3.8,19.1,1.2,30.6,,,,,0.001,0.003,0.004,0.001,28.4,4.1,7
09/04/2024,16:00,232,2.8,19.8,0.9,29.9,,,,,0.001,0.003,0.004,0.001,21.2,4.3,8
09/04/2024,17:00,216,2.5,16.0,0.7,28.5,,,,,0.001,0.003,0.004,0.000,19.7,5.2,10
09/04/2024,18:00,222,2.9,15.6,0.8,27.0,,,,,0.000,0.002,0.002,0.000,17.7,6.7,14
09/04/2024,19:00,224,2.4,14.7,0.6,25.9,,,,,0.001,0.002,0.002,0.000,19.7,6.7,15
09/04/2024,20:00,244,2.1,9.4,0.4,24.3,,,,,0.001,0.004,0.004,0.000,18.9,6.6,14
09/04/2024,21:00,261,1.6,8.8,0.3,20.8,,,,,0.009,0.011,0.020,0.000,19.8,7.1,17
09/04/2024,22:00,249,1.9,12.1,0.5,20.3,,,,,0.006,0.010,0.016,0.000,22.9,7.4,17
09/04/2024,23:00,239,1.8,14.3,0.4,19.7,,,,,0.003,0.007,0.010,0.000,19.0,7.3,17
10/04/2024,00:00,244,1.9,9.4,0.3,18.1,,,,,0.003,0.007,0.010,0.000,19.6,7.4,17
10/04/2024,01:00,229,2.4,12.4,0.6,20.4,,,,,0.003,0.005,0.008,0.001,16.6,7.2,15
10/04/2024,02:00,253,2.7,5.9,0.3,18.3,,,,,0.002,0.006,0.008,0.000,17.8,7.4,16
10/04/2024,03:00,251,2.4,8.1,0.4,17.3,,,,,0.007,0.008,0.015,0.000,19.2,7.3,16
10/04/2024,04:00,252,2.8,7.4,0.4,17.7,,,,,0.009,0.008,0.017,0.000,17.5,7.4,16
10/04/2024,05:00,252,2.3,7.1,0.3,15.7,,,,,0.020,0.014,0.034,0.000,18.9,7.4,18
10/04/2024,06:00,269,1.5,21.9,0.3,15.8,,,,,0.014,0.013,0.026,0.000,22.0,7.5,17
10/04/2024,07:00,243,1.9,27.2,0.6,19.5,,,,,0.010,0.008,0.018,0.000,25.2,6.6,13
10/04/2024,08:00,222,2.9,19.9,0.8,21.4,,,,,0.006,0.005,0.011,0.004,18.4,4.7,8
10/04/2024,09:00,240,2.4,27.8,0.9,22.9,,,,,0.004,0.004,0.008,0.000,24.6,4.3,7
10/04/2024,10:00,252,3.1,28.0,1.3,24.3,,,,,0.002,0.002,0.004,0.000,24.9,3.6,5
10/04/2024,11:00,245,3.2,25.5,1.3,25.4,,,,,0.001,0.002,0.003,0.000,22.1,3.2,4
10/04/2024,12:00,240,3.3,26.2,1.3,25.8,,,,,0.003,0.003,0.005,0.000,33.3,3.8,5
10/04/2024,13:00,227,3.1,22.7,1.2,26.9,,,,,0.001,0.002,0.003,0.000,18.9,3.0,4
10/04/2024,14:00,229,3.2,24.6,1.1,27.6,,,,,0.002,0.003,0.005,0.000,49.7,3.8,4
10/04/2024,15:00,223,3.4,18.2,1.1,27.7,,,,,0.002,0.003,0.005,0.000,26.9,2.9,4
10/04/2024,16:00,229,2.7,18.7,0.8,27.3,,,,,0.002,0.003,0.006,0.000,57.1,4.0,4
10/04/2024,17:00,243,1.2,27.3,0.4,23.8,,,,,0.002,0.007,0.009,0.000,15.5,2.8,4
10/04/2024,18:00,282,1.1,21.3,0.3,18.9,,,,,0.006,0.015,0.022,0.000,16.1,3.4,5
10/04/2024,19:00,223,2.2,17.9,0.7,20.3,,,,,0.002,0.009,0.011,0.001,15.3,3.3,4
10/04/2024,20:00,224,2.9,14.2,0.8,22.2,,,,,0.003,0.007,0.010,0.002,15.6,3.2,4
10/04/2024,21:00,238,3.1,10.7,0.6,20.8,,,,,0.001,0.002,0.003,0.000,10.5,2.9,4
10/04/2024,22:00,237,3.0,12.8,0.7,19.7,,,,,0.001,0.003,0.004,0.000,14.4,3.1,4
10/04/2024,23:00,241,2.8,15.7,0.8,19.0,,,,,0.001,0.003,0.003,0.000,9.8,2.8,4
11/04/2024,00:00,255,2.7,8.9,0.4,18.3,,,,,0.000,0.002,0.003,0.000,10.7,2.2,3
11/04/2024,01:00,258,3.5,7.5,0.5,17.8,,,,,0.000,0.001,0.001,0.000,10.9,2.0,2
11/04/2024,02:00,245,3.8,8.4,0.6,17.6,,,,,0.000,0.001,0.001,0.000,10.8,2.1,2
11/04/2024,03:00,250,3.9,8.1,0.6,17.0,,,,,0.000,0.001,0.001,0.000,9.1,2.0,2
11/04/2024,04:00,254,3.8,7.2,0.6,16.6,,,,,0.000,0.001,0.002,0.000,8.8,2.0,2
11/04/2024,05:00,252,4.1,7.2,0.6,16.4,,,,,0.001,0.003,0.004,0.000,9.9,2.0,2
11/04/2024,06:00,251,4.3,7.6,0.6,16.5,,,,,0.002,0.004,0.006,0.000,20.1,2.5,3
11/04/2024,07:00,259,3.6,11.5,0.7,18.1,,,,,0.002,0.004,0.006,0.000,19.7,2.7,3
11/04/2024,08:00,254,3.2,13.7,0.7,20.9,,,,,0.002,0.003,0.004,0.000,15.9,2.8,3
11/04/2024,09:00,192,1.4,29.0,0.7,24.2,,,,,0.006,0.007,0.013,0.005,20.6,2.9,3
11/04/2024,10:00,137,1.9,29.2,0.8,26.0,,,,,0.003,0.005,0.007,0.002,12.6,2.7,3
11/04/2024,11:00,84,1.5,29.6,0.8,27.2,,,,,0.004,0.009,0.013,0.004,12.2,2.7,4
11/04/2024,12:00,67,3.1,16.9,0.9,27.5,,,,,0.004,0.006,0.010,0.006,13.9,3.3,4
11/04/2024,13:00,71,4.0,15.1,1.1,27.1,,,,,0.001,0.002,0.003,0.000,9.9,2.9,5
11/04/2024,14:00,76,3.6,15.7,0.9,27.2,,,,,0.002,0.002,0.004,0.000,12.3,3.2,4
11/04/2024,15:00,74,2.8,16.1,0.7,27.3,,,,,0.001,0.002,0.003,0.000,12.4,4.4,8
11/04/2024,16:00,73,2.2,15.5,0.6,26.7,,,,,0.003,0.003,0.006,0.000,11.6,3.5,5
11/04/2024,17:00,43,0.4,19.6,0.2,24.1,,,,,0.002,0.007,0.009,0.000,14.7,3.8,6
11/04/2024,18:00,290,0.7,9.1,0.1,20.3,,,,,0.008,0.014,0.022,0.000,15.1,4.2,9
11/04/2024,19:00,295,0.8,8.7,0.2,19.0,,,,,0.015,0.017,0.032,0.000,14.7,4.1,9
11/04/2024,20:00,292,0.9,7.9,0.2,18.3,,,,,0.008,0.013,0.021,0.000,12.2,3.9,8
11/04/2024,21:00,280,0.9,11.8,0.2,18.0,,,,,0.005,0.011,0.016,0.000,13.5,4.0,8
11/04/2024,22:00,183,0.7,42.5,0.4,19.0,,,,,0.002,0.007,0.009,0.000,14.2,4.9,10
11/04/2024,23:00,228,1.0,39.7,0.5,20.5,,,,,0.000,0.004,0.004,0.000,18.2,5.6,12
12/04/2024,00:00,267,1.8,16.9,0.5,19.4,,,,,0.000,0.003,0.003,0.000,14.4,4.9,11
12/04/2024,01:00,267,1.8,14.8,0.5,18.9,,,,,0.001,0.003,0.003,0.001,14.3,5.0,9
12/04/2024,02:00,259,2.4,16.5,0.7,18.7,,,,,0.001,0.003,0.004,0.000,13.4,5.0,10
12/04/2024,03:00,258,3.0,10.1,0.6,18.3,,,,,0.001,0.003,0.003,0.000,12.3,4.8,10
12/04/2024,04:00,257,2.1,13.5,0.5,18.1,,,,,0.001,0.003,0.004,0.000,12.8,4.9,10
12/04/2024,05:00,259,2.4,12.1,0.5,17.7,,,,,0.001,0.006,0.007,0.000,11.8,4.7,10
12/04/2024,06:00,262,2.0,17.6,0.5,17.8,,,,,0.006,0.008,0.015,0.001,20.1,5.1,10
12/04/2024,07:00,252,1.5,28.5,0.7,19.8,,,,,0.018,0.009,0.028,0.001,16.4,5.4,12
12/04/2024,08:00,158,2.5,24.0,0.9,23.3,,,,,0.003,0.004,0.007,0.001,23.9,6.9,16
12/04/2024,09:00,130,2.9,22.1,1.0,25.0,,,,,0.002,0.004,0.006,0.000,22.0,7.1,17
12/04/2024,10:00,126,4.2,15.9,1.2,25.3,,,,,0.003,0.005,0.008,0.001,23.8,7.2,16
12/04/2024,11:00,121,3.1,20.0,1.1,25.8,,,,,0.010,0.004,0.014,0.001,23.5,7.2,17
12/04/2024,12:00,128,3.3,22.0,1.1,26.6,,,,,0.002,0.002,0.004,0.002,22.1,7.2,16
12/04/2024,13:00,80,2.8,19.6,0.9,26.7,,,,,0.003,0.006,0.009,0.004,21.7,7.4,18
12/04/2024,14:00,75,3.3,15.8,1.0,26.3,,,,,0.000,0.001,0.002,0.001,20.9,6.9,17
12/04/2024,15:00,80,3.3,16.4,1.0,26.3,,,,,0.000,0.001,0.001,0.000,19.4,6.3,15
12/04/2024,16:00,88,3.8,15.4,1.0,26.0,,,,,0.000,0.001,0.001,0.000,20.0,6.6,15
12/04/2024,17:00,94,3.2,15.7,1.0,24.6,,,,,0.000,0.001,0.001,0.000,24.1,7.4,16
12/04/2024,18:00,95,2.2,18.1,0.7,24.1,,,,,0.000,0.002,0.002,0.000,23.9,7.4,17
12/04/2024,19:00,119,1.8,15.5,0.5,23.7,,,,,0.000,0.004,0.004,0.001,23.1,7.4,17
12/04/2024,20:00,133,2.0,14.7,0.5,23.2,,,,,0.000,0.007,0.008,0.002,23.1,7.8,19
12/04/2024,21:00,131,2.2,15.1,0.7,22.8,,,,,0.000,0.003,0.003,0.002,19.0,6.6,15
12/04/2024,22:00,148,1.2,19.9,0.4,22.3,,,,,0.000,0.010,0.010,0.001,19.2,6.3,14
12/04/2024,23:00,154,1.5,19.6,0.5,22.0,,,,,0.000,0.002,0.002,0.000,24.2,6.4,13
13/04/2024,00:00,166,2.4,19.1,0.8,22.2,,,,,0.000,0.002,0.003,0.000,22.0,7.0,14
13/04/2024,01:00,163,2.3,22.1,0.8,21.9,,,,,0.001,0.004,0.005,0.001,22.8,6.7,10
13/04/2024,02:00,170,2.4,26.7,0.9,22.0,,,,,0.002,0.005,0.006,0.000,27.5,7.3,12
13/04/2024,03:00,204,1.0,49.8,0.7,20.3,,,,,0.001,0.004,0.005,0.000,19.8,6.2,12
13/04/2024,04:00,255,1.3,35.3,0.6,19.6,,,,,0.001,0.003,0.003,0.000,15.4,5.6,12
13/04/2024,05:00,255,1.7,27.1,0.6,19.3,,,,,0.001,0.003,0.003,0.000,26.1,5.7,11
13/04/2024,06:00,187,1.9,32.5,0.8,21.0,,,,,0.006,0.007,0.012,0.000,26.8,6.2,12
13/04/2024,07:00,171,1.9,30.5,0.8,23.0,,,,,0.004,0.003,0.007,0.000,25.7,5.7,11
13/04/2024,08:00,143,2.4,19.1,0.7,24.8,,,,,0.004,0.004,0.008,0.000,16.0,4.8,9
13/04/2024,09:00,115,3.3,20.7,1.2,26.6,,,,,0.005,0.006,0.011,0.006,14.0,4.7,8
13/04/2024,10:00,98,4.2,17.3,1.2,27.2,,,,,0.008,0.007,0.015,0.005,13.2,4.3,8
13/04/2024,11:00,92,4.3,17.8,1.3,27.5,,,,,0.003,0.004,0.007,0.004,12.3,3.9,6
13/04/2024,12:00,69,4.3,14.4,1.2,27.6,,,,,0.000,0.001,0.001,0.001,12.7,3.9,6
13/04/2024,13:00,75,4.6,15.3,1.3,27.6,,,,,0.000,0.000,0.000,0.000,10.8,3.7,5
13/04/2024,14:00,78,4.2,17.0,1.2,27.4,,,,,0.002,0.001,0.004,0.000,10.7,3.7,6
13/04/2024,15:00,79,3.8,16.3,1.2,26.9,,,,,0.000,0.000,0.001,0.000,12.5,4.0,6
13/04/2024,16:00,85,3.8,14.7,1.1,26.0,,,,,0.004,0.003,0.007,0.000,11.9,4.5,8
13/04/2024,17:00,90,3.0,14.8,0.9,24.6,,,,,0.000,0.001,0.001,0.000,12.9,4.5,8
13/04/2024,18:00,98,2.3,15.4,0.7,24.1,,,,,0.000,0.001,0.002,0.000,13.8,4.6,9
13/04/2024,19:00,103,1.9,14.8,0.5,23.9,,,,,0.000,0.001,0.001,0.000,13.9,4.7,9
13/04/2024,20:00,121,1.1,18.2,0.4,23.5,,,,,0.000,0.003,0.004,0.000,19.4,5.2,10
13/04/2024,21:00,144,1.1,16.4,0.3,22.7,,,,,0.001,0.009,0.010,0.002,19.6,5.8,13
13/04/2024,22:00,148,1.2,15.6,0.4,22.3,,,,,0.000,0.004,0.004,0.003,15.8,5.1,10
13/04/2024,23:00,157,1.3,17.7,0.5,22.3,,,,,0.000,0.002,0.002,0.002,16.6,5.3,10
14/04/2024,00:00,183,1.4,29.9,0.6,22.3,,,,,0.001,0.003,0.004,0.001,27.9,6.8,13
14/04/2024,01:00,236,1.6,30.1,0.7,20.6,,,,,0.000,0.002,0.002,0.001,16.9,5.5,7
14/04/2024,02:00,261,2.3,14.7,0.6,19.6,,,,,0.000,0.001,0.001,0.000,12.2,4.5,7
14/04/2024,03:00,254,1.8,24.8,0.6,19.5,,,,,0.001,0.002,0.002,0.000,14.6,4.9,9
14/04/2024,04:00,260,1.9,25.7,0.6,18.8,,,,,0.001,0.002,0.002,0.000,12.7,4.8,9
14/04/2024,05:00,263,2.3,18.4,0.6,18.4,,,,,0.001,0.002,0.003,0.000,13.4,4.9,9
14/04/2024,06:00,253,2.0,23.7,0.6,18.9,,,,,0.003,0.003,0.006,0.000,13.9,5.0,10
14/04/2024,07:00,178,1.9,32.5,0.9,21.9,,,,,0.002,0.002,0.004,0.000,32.6,6.2,12
14/04/2024,08:00,147,2.9,18.4,0.9,24.1,,,,,0.001,0.001,0.002,0.000,18.4,5.4,11
14/04/2024,09:00,122,2.9,21.1,1.0,26.1,,,,,0.002,0.002,0.004,0.001,16.6,5.2,10
14/04/2024,10:00,115,3.6,17.4,1.0,26.9,,,,,0.003,0.005,0.008,0.006,19.3,5.4,10
14/04/2024,11:00,92,3.9,17.2,1.2,27.8,,,,,0.007,0.010,0.017,0.006,16.9,5.1,9
14/04/2024,12:00,69,4.6,14.9,1.2,27.4,,,,,0.002,0.004,0.006,0.001,17.0,4.9,8
14/04/2024,13:00,69,4.4,14.0,1.2,27.4,,,,,0.001,0.001,0.002,0.001,16.3,5.4,9
14/04/2024,14:00,71,4.1,15.4,1.2,27.3,,,,,0.000,0.000,0.000,0.000,15.1,4.7,8
14/04/2024,15:00,79,3.9,16.8,1.1,26.9,,,,,0.005,0.002,0.006,0.000,15.7,5.1,10
14/04/2024,16:00,88,3.7,14.1,1.1,26.2,,,,,0.002,0.003,0.004,0.000,17.3,5.7,11
14/04/2024,17:00,96,3.0,16.2,0.8,24.8,,,,,0.000,0.001,0.001,0.000,17.5,5.8,11
14/04/2024,18:00,104,2.0,16.7,0.7,23.7,,,,,0.000,0.001,0.002,0.000,20.0,6.0,12
14/04/2024,19:00,124,1.3,17.1,0.4,23.2,,,,,0.001,0.006,0.007,0.001,18.6,5.6,12
14/04/2024,20:00,143,1.0,18.3,0.3,22.5,,,,,0.000,0.006,0.006,0.003,19.8,6.0,13
14/04/2024,21:00,155,1.1,15.6,0.3,22.3,,,,,0.000,0.002,0.002,0.001,19.0,5.6,12
14/04/2024,22:00,156,1.6,18.6,0.5,22.4,,,,,0.000,0.002,0.002,0.000,17.3,5.4,20
14/04/2024,23:00,180,1.3,28.9,0.6,22.4,,,,,0.001,0.002,0.003,0.000,21.9,5.9,12
15/04/2024,00:00,251,2.1,17.0,0.6,20.6,,,,,0.001,0.002,0.003,0.000,13.1,5.1,10
15/04/2024,01:00,258,2.3,15.1,0.6,19.7,,,,,0.000,0.002,0.002,0.001,12.8,4.7,7
15/04/2024,02:00,255,2.4,11.8,0.5,19.2,,,,,0.000,0.001,0.002,0.000,12.2,4.6,7
15/04/2024,03:00,257,2.6,12.0,0.7,18.8,,,,,0.001,0.002,0.002,0.000,12.8,4.5,8
15/04/2024,04:00,256,2.4,12.7,0.6,18.8,,,,,0.001,0.002,0.003,0.001,12.6,4.6,9
15/04/2024,05:00,257,2.3,15.7,0.7,18.8,,,,,0.002,0.004,0.007,0.001,17.1,4.7,9
15/04/2024,06:00,243,0.9,36.9,0.5,20.2,,,,,0.013,0.007,0.020,0.001,19.7,5.4,11
15/04/2024,07:00,148,1.4,29.0,0.5,23.1,,,,,0.007,0.006,0.013,0.001,19.9,5.1,10
15/04/2024,08:00,133,1.3,26.5,0.4,23.4,,,,,0.001,0.003,0.004,0.000,14.6,4.7,10
15/04/2024,09:00,222,0.5,39.0,0.4,22.8,,,,,0.003,0.005,0.008,0.001,11.9,4.7,10
15/04/2024,10:00,109,2.6,22.8,0.9,25.3,,,,,0.016,0.013,0.029,0.009,14.1,5.0,11
15/04/2024,11:00,107,4.2,19.5,1.2,27.2,,,,,0.016,0.009,0.025,0.010,13.0,4.1,7
15/04/2024,12:00,105,3.9,18.6,1.1,27.5,,,,,0.015,0.009,0.025,0.012,12.7,4.0,8
15/04/2024,13:00,120,3.5,16.4,1.1,24.7,,,,,0.019,0.012,0.031,0.007,11.8,3.4,6
15/04/2024,14:00,109,3.4,16.4,1.0,26.2,,,,,0.013,0.011,0.024,0.013,12.0,3.2,5
15/04/2024,15:00,91,3.3,17.1,0.9,26.1,,,,,0.002,0.004,0.006,0.005,14.0,4.3,8
15/04/2024,16:00,95,3.0,17.6,0.9,25.6,,,,,0.000,0.001,0.001,0.001,16.5,5.1,10
15/04/2024,17:00,102,3.5,16.1,1.1,25.4,,,,,0.000,0.001,0.001,0.001,19.3,6.0,13
15/04/2024,18:00,107,3.2,15.7,0.9,25.1,,,,,0.001,0.006,0.007,0.002,16.7,5.6,12
15/04/2024,19:00,113,3.2,16.3,1.0,24.7,,,,,0.020,0.020,0.040,0.014,18.2,5.8,12
15/04/2024,20:00,121,2.1,15.8,0.6,24.1,,,,,0.004,0.012,0.016,0.009,18.2,5.9,12
15/04/2024,21:00,130,1.5,15.8,0.5,23.3,,,,,0.001,0.009,0.011,0.009,19.6,5.8,12
15/04/2024,22:00,151,1.4,15.4,0.5,22.7,,,,,0.001,0.005,0.006,0.005,18.0,5.3,11
15/04/2024,23:00,154,1.4,19.8,0.5,22.4,,,,,0.000,0.003,0.004,0.001,18.3,4.9,10
16/04/2024,00:00,164,1.7,19.8,0.6,22.5,,,,,0.000,0.002,0.003,0.001,31.6,5.8,11
16/04/2024,01:00,156,1.5,22.1,0.6,22.2,,,,,0.000,0.002,0.003,0.001,31.2,6.2,9
16/04/2024,02:00,163,1.8,24.0,0.7,22.1,,,,,0.001,0.003,0.003,0.000,27.2,5.9,10
16/04/2024,03:00,163,1.5,22.2,0.6,21.9,,,,,0.000,0.002,0.002,0.000,37.9,5.7,10
16/04/2024,04:00,233,1.4,29.9,0.6,20.6,,,,,0.001,0.003,0.004,0.000,20.7,5.3,10
16/04/2024,05:00,267,1.7,21.0,0.6,19.4,,,,,0.003,0.005,0.007,0.000,11.2,4.1,8
16/04/2024,06:00,255,1.8,24.8,0.6,19.7,,,,,0.012,0.012,0.024,0.000,14.4,4.5,9
16/04/2024,07:00,220,1.3,25.8,0.6,22.1,,,,,0.004,0.004,0.007,0.000,17.7,4.6,9
16/04/2024,08:00,137,2.6,18.1,0.8,25.0,,,,,0.002,0.002,0.004,0.000,15.1,4.4,9
16/04/2024,09:00,119,2.8,18.8,0.9,26.6,,,,,0.023,0.018,0.041,0.012,15.3,5.0,10
16/04/2024,10:00,105,3.1,20.1,0.9,27.6,,,,,0.009,0.009,0.018,0.010,12.4,4.2,7
16/04/2024,11:00,85,3.8,17.8,1.0,27.9,,,,,,,,,,,
16/04/2024,12:00,64,4.0,15.9,1.1,27.7,,,,,,,,,,,
16/04/2024,13:00,67,4.1,13.9,1.1,27.5,,,,,,,,0.002,12.5,4.4,6
16/04/2024,14:00,73,3.9,14.2,1.1,27.8,,,,,,,,0.001,11.3,4.3,7
16/04/2024,15:00,71,3.4,13.9,0.9,27.5,,,,,,,,0.000,11.2,4.2,7
16/04/2024,16:00,83,3.2,16.8,0.9,26.1,,,,,,,,0.001,12.6,4.5,10
16/04/2024,17:00,90,2.2,18.0,0.7,25.3,,,,,,,,0.000,12.4,4.4,8
16/04/2024,18:00,96,2.5,14.2,0.7,24.9,,,,,,,,0.001,14.0,4.7,9
16/04/2024,19:00,100,2.9,15.1,0.9,24.6,,,,,,,,0.001,11.9,4.7,9
16/04/2024,20:00,109,1.6,18.8,0.5,23.9,,,,,,,,0.009,13.4,7.0,18
16/04/2024,21:00,121,1.5,14.1,0.4,23.6,,,,,,,,0.007,11.6,6.1,16
16/04/2024,22:00,132,1.9,15.4,0.5,23.2,,,,,,,,0.005,8.3,3.7,7
16/04/2024,23:00,139,2.1,16.2,0.6,23.1,,,,,,,,0.002,9.4,2.0,3
17/04/2024,00:00,130,2.1,16.3,0.7,22.4,,,,,,,,0.001,5.7,1.5,2
17/04/2024,01:00,137,1.7,18.4,0.6,22.2,,,,,,,,0.001,6.7,1.2,1
17/04/2024,02:00,147,2.2,18.3,0.7,21.5,,,,,,,,0.001,3.2,0.6,1
17/04/2024,03:00,149,2.4,19.5,0.9,21.1,,,,,,,,0.000,4.0,0.9,1
17/04/2024,04:00,148,2.6,18.0,0.8,21.0,,,,,,,,0.000,4.3,1.0,1
17/04/2024,05:00,151,3.0,17.8,1.1,21.1,,,,,,,,0.000,5.4,1.3,2
17/04/2024,06:00,150,3.0,15.3,0.9,21.1,,,,,,,,0.000,6.8,1.4,2
17/04/2024,07:00,154,2.8,17.8,0.9,20.9,,,,,,,,0.000,6.0,1.1,1
17/04/2024,08:00,152,2.2,20.9,0.8,21.2,,,,,,,,0.000,4.5,1.0,1
17/04/2024,09:00,148,2.1,19.7,0.7,21.5,,,,,,,,0.000,5.0,1.3,2
17/04/2024,10:00,153,2.4,17.9,0.7,22.5,,,,,0.001,0.001,0.002,0.000,7.2,2.1,4
17/04/2024,11:00,153,2.4,18.2,0.8,24.6,,,,,0.003,0.004,0.007,0.001,14.7,3.7,6
17/04/2024,12:00,137,2.5,24.7,0.8,26.5,,,,,0.001,0.001,0.002,0.000,12.7,4.0,7
17/04/2024,13:00,117,2.8,18.4,0.9,27.3,,,,,0.007,0.004,0.011,0.002,13.2,4.3,8
17/04/2024,14:00,107,3.3,16.1,0.9,26.9,,,,,0.004,0.006,0.011,0.007,14.8,4.6,9
17/04/2024,15:00,92,3.2,16.3,0.9,26.8,,,,,0.002,0.005,0.007,0.003,17.9,5.0,9
17/04/2024,16:00,89,2.8,15.3,0.8,26.0,,,,,0.001,0.003,0.003,0.002,16.2,5.2,10
17/04/2024,17:00,100,2.3,15.5,0.7,25.0,,,,,0.000,0.003,0.004,0.001,20.1,5.5,11
17/04/2024,18:00,122,1.3,15.7,0.4,24.5,,,,,0.000,0.008,0.009,0.002,16.6,5.1,10
17/04/2024,19:00,131,1.1,17.8,0.3,24.0,,,,,0.001,0.005,0.006,0.002,15.8,4.9,10
17/04/2024,20:00,135,1.0,17.4,0.3,23.7,,,,,0.000,0.006,0.006,0.004,18.1,4.8,9
17/04/2024,21:00,154,1.2,18.7,0.4,23.5,,,,,0.000,0.005,0.005,0.003,35.2,5.5,11
17/04/2024,22:00,165,1.3,21.5,0.5,23.5,,,,,0.000,0.002,0.002,0.001,29.5,5.5,11
17/04/2024,23:00,160,1.9,20.0,0.7,23.8,,,,,0.001,0.003,0.004,0.001,26.5,5.9,11
18/04/2024,00:00,168,1.5,19.9,0.5,23.5,,,,,0.000,0.002,0.002,0.000,23.9,5.5,10
18/04/2024,01:00,152,1.1,19.1,0.4,23.1,,,,,0.000,0.002,0.002,0.001,21.3,5.4,7
18/04/2024,02:00,162,1.4,19.7,0.5,23.0,,,,,0.000,0.001,0.002,0.000,22.3,5.1,10
18/04/2024,03:00,158,1.2,16.8,0.4,22.6,,,,,0.000,0.002,0.002,0.000,16.8,4.6,9
18/04/2024,04:00,164,1.6,23.0,0.6,22.7,,,,,0.001,0.003,0.004,0.000,17.2,5.0,10
18/04/2024,05:00,161,1.3,26.2,0.5,22.6,,,,,0.002,0.006,0.009,0.000,16.2,4.7,10
18/04/2024,06:00,177,1.8,22.0,0.6,23.1,,,,,0.005,0.006,0.010,0.000,24.2,5.6,11
18/04/2024,07:00,200,1.0,42.7,0.6,23.6,,,,,0.004,0.005,0.009,0.000,18.8,5.0,10
18/04/2024,08:00,162,2.2,19.0,0.6,24.9,,,,,0.002,0.002,0.004,0.000,15.8,4.6,9
18/04/2024,09:00,139,2.2,18.5,0.7,25.9,,,,,0.017,0.009,0.026,0.006,12.6,4.3,8
18/04/2024,10:00,111,2.4,18.2,0.8,26.6,,,,,0.022,0.020,0.042,0.017,14.1,4.4,9
18/04/2024,11:00,78,2.4,19.7,0.8,28.0,,,,,0.020,0.011,0.031,0.018,13.2,4.1,8
18/04/2024,12:00,64,3.1,14.7,0.8,26.7,,,,,,,,,,,
18/04/2024,13:00,80,2.8,16.7,0.8,26.8,,,,,,,,,,,
18/04/2024,14:00,72,2.5,17.4,0.7,26.9,,,,,,,,,,,
18/04/2024,15:00,73,2.4,14.6,0.6,26.6,,,,,,,,,,,
18/04/2024,16:00,79,1.8,14.8,0.5,26.3,,,,,0.000,0.000,0.000,0.000,9.5,3.3,5
18/04/2024,17:00,80,1.3,14.5,0.4,25.1,,,,,0.000,0.000,0.000,0.000,10.0,3.4,6
18/04/2024,18:00,333,0.1,27.7,0.1,23.4,,,,,0.004,0.007,0.011,0.000,13.6,4.0,8
18/04/2024,19:00,289,0.4,15.7,0.1,22.4,,,,,0.002,0.006,0.008,0.000,14.1,4.2,8
18/04/2024,20:00,293,0.6,12.3,0.1,22.0,,,,,0.015,0.008,0.023,0.000,14.4,4.2,9
18/04/2024,21:00,297,0.7,10.2,0.2,21.6,,,,,0.005,0.006,0.011,0.000,13.8,3.9,8
18/04/2024,22:00,272,1.6,10.1,0.3,21.7,,,,,0.002,0.004,0.006,0.000,11.9,3.7,6
18/04/2024,23:00,270,1.4,12.7,0.3,21.6,,,,,0.001,0.003,0.004,0.000,12.4,3.8,7
19/04/2024,00:00,270,1.5,11.9,0.3,21.3,,,,,0.002,0.004,0.006,0.000,10.6,3.6,7
19/04/2024,01:00,272,1.4,13.8,0.3,20.7,,,,,0.004,0.004,0.007,0.001,11.8,3.7,5
19/04/2024,02:00,257,1.2,23.0,0.3,20.8,,,,,0.000,0.003,0.003,0.000,9.9,3.4,6
19/04/2024,03:00,267,1.7,11.3,0.3,20.3,,,,,0.005,0.005,0.010,0.000,9.2,3.4,6
19/04/2024,04:00,267,1.9,11.4,0.4,20.2,,,,,0.003,0.004,0.008,0.000,8.7,3.4,6
19/04/2024,05:00,287,1.0,19.2,0.3,19.8,,,,,0.007,0.006,0.012,0.000,10.2,3.6,7
19/04/2024,06:00,277,1.4,17.6,0.3,20.1,,,,,0.014,0.012,0.025,0.000,9.4,3.3,7
19/04/2024,07:00,264,1.4,19.4,0.4,21.8,,,,,0.008,0.005,0.012,0.000,10.3,3.5,6
19/04/2024,08:00,242,2.5,11.7,0.5,24.3,,,,,0.002,0.002,0.005,0.000,11.1,3.5,6
19/04/2024,09:00,217,0.9,26.3,0.5,27.0,,,,,0.009,0.008,0.017,0.002,10.6,3.6,7
19/04/2024,10:00,76,1.6,29.2,0.6,29.0,,,,,0.035,0.016,0.051,0.014,7.3,3.1,5
19/04/2024,11:00,70,1.9,26.2,0.6,29.6,,,,,0.064,0.022,0.085,0.032,9.6,3.7,7
19/04/2024,12:00,70,2.8,15.3,0.7,29.0,,,,,0.017,0.013,0.031,0.015,12.9,5.3,14
19/04/2024,13:00,76,2.8,15.9,0.6,29.3,,,,,0.012,0.013,0.026,0.013,14.4,4.9,19
19/04/2024,14:00,77,3.2,14.2,0.9,29.0,,,,,0.001,0.003,0.004,0.010,9.7,4.1,27
19/04/2024,15:00,75,2.8,15.2,0.8,28.1,,,,,0.000,0.000,0.000,0.003,7.0,2.4,8
19/04/2024,16:00,63,1.8,17.4,0.5,26.9,,,,,0.000,0.000,0.000,0.001,7.2,2.3,4
19/04/2024,17:00,69,1.4,15.9,0.4,25.8,,,,,0.000,0.000,0.000,0.001,7.6,2.9,5
19/04/2024,18:00,59,1.0,17.2,0.3,25.1,,,,,0.000,0.000,0.000,0.001,9.0,3.1,5
19/04/2024,19:00,349,0.2,25.0,0.1,24.1,,,,,0.003,0.004,0.008,0.001,9.9,3.3,6
19/04/2024,20:00,264,0.4,18.1,0.1,23.2,,,,,0.015,0.010,0.025,0.001,12.9,3.8,8
19/04/2024,21:00,184,0.4,21.0,0.2,22.7,,,,,0.016,0.008,0.024,0.001,12.5,3.9,8
19/04/2024,22:00,148,1.3,15.6,0.4,24.2,,,,,0.000,0.005,0.006,0.000,24.7,5.1,12
19/04/2024,23:00,152,0.7,23.7,0.2,24.0,,,,,0.001,0.003,0.003,0.000,10.7,4.2,10
20/04/2024,00:00,149,0.6,23.2,0.2,23.6,,,,,0.000,0.003,0.004,0.000,11.6,4.4,10
20/04/2024,01:00,174,0.5,18.8,0.3,23.2,,,,,0.001,0.004,0.004,0.001,12.7,4.4,9
20/04/2024,02:00,261,1.3,17.4,0.3,22.3,,,,,0.001,0.003,0.003,0.001,9.3,3.7,8
20/04/2024,03:00,256,1.5,25.3,0.4,22.2,,,,,0.000,0.001,0.002,0.000,9.1,3.5,7
20/04/2024,04:00,223,1.0,24.8,0.5,22.4,,,,,0.000,0.002,0.002,0.000,10.1,3.7,7
20/04/2024,05:00,120,2.0,17.1,0.6,22.5,,,,,0.000,0.001,0.001,0.000,9.0,3.6,7
20/04/2024,06:00,129,1.8,17.5,0.6,21.8,,,,,0.003,0.005,0.007,0.000,8.8,3.6,8
20/04/2024,07:00,141,1.4,22.2,0.5,21.4,,,,,0.001,0.003,0.004,0.000,10.3,3.7,8
20/04/2024,08:00,156,1.5,22.7,0.6,22.4,,,,,0.001,0.004,0.005,0.000,9.3,3.8,8
20/04/2024,09:00,149,1.3,21.8,0.5,22.5,,,,,0.001,0.004,0.005,0.000,9.6,3.9,8
20/04/2024,10:00,153,1.8,17.8,0.6,21.8,,,,,0.003,0.007,0.009,0.002,12.6,4.6,10
20/04/2024,11:00,136,1.6,21.0,0.7,21.3,,,,,0.001,0.003,0.003,0.001,12.2,4.2,10
20/04/2024,12:00,139,1.3,24.1,0.5,20.8,,,,,0.001,0.006,0.007,0.002,11.6,4.0,9
20/04/2024,13:00,122,1.7,20.9,0.7,20.1,,,,,0.012,0.010,0.023,0.003,11.6,4.1,9
20/04/2024,14:00,175,2.1,18.1,0.7,19.8,,,,,0.002,0.006,0.008,0.004,14.0,4.5,10
20/04/2024,15:00,229,2.0,19.3,0.6,19.8,,,,,0.001,0.003,0.004,0.001,9.5,3.9,9
20/04/2024,16:00,227,2.6,15.7,0.7,20.0,,,,,0.001,0.003,0.005,0.001,7.4,3.2,7
20/04/2024,17:00,226,2.4,16.4,0.7,20.0,,,,,0.000,0.001,0.002,0.001,7.8,3.1,6
20/04/2024,18:00,229,2.7,17.9,0.8,19.8,,,,,0.000,0.001,0.002,0.000,6.0,2.5,5
20/04/2024,19:00,224,2.8,19.8,1.0,19.9,,,,,0.002,0.007,0.009,0.001,6.9,2.5,4
20/04/2024,20:00,161,2.3,23.5,1.1,19.5,,,,,0.002,0.005,0.007,0.002,11.6,3.0,4
20/04/2024,21:00,227,3.6,14.3,0.9,18.6,,,,,0.002,0.003,0.005,0.001,7.4,1.5,2
20/04/2024,22:00,189,2.9,22.8,1.2,17.8,,,,,0.002,0.007,0.010,0.001,13.5,2.8,4
20/04/2024,23:00,205,3.5,19.1,1.1,17.0,,,,,0.004,0.011,0.015,0.004,12.5,3.7,6
21/04/2024,00:00,186,2.9,23.9,1.1,17.4,,,,,0.004,0.013,0.017,0.005,16.5,4.7,8
21/04/2024,01:00,184,2.7,26.8,1.0,17.6,,,,,0.002,0.008,0.009,0.004,20.7,5.2,9
21/04/2024,02:00,204,3.4,18.7,1.0,17.1,,,,,0.006,0.013,0.020,0.006,12.2,5.3,11
21/04/2024,03:00,231,2.4,16.4,0.7,16.9,,,,,0.003,0.011,0.014,0.005,10.2,4.7,9
21/04/2024,04:00,245,1.8,19.1,0.6,16.7,,,,,0.001,0.003,0.004,0.002,10.8,4.4,8
21/04/2024,05:00,238,2.6,12.8,0.6,17.0,,,,,0.002,0.005,0.008,0.002,9.9,4.7,9
21/04/2024,06:00,219,3.3,16.4,1.0,17.5,,,,,0.006,0.009,0.015,0.006,10.6,5.2,11
21/04/2024,07:00,219,2.6,20.7,0.9,18.7,,,,,0.010,0.011,0.021,0.013,12.2,5.3,11
21/04/2024,08:00,219,2.4,23.9,0.9,20.5,,,,,0.005,0.007,0.012,0.008,11.3,4.9,10
21/04/2024,09:00,184,2.8,26.1,1.1,22.7,,,,,0.010,0.010,0.020,0.013,17.6,5.2,10
21/04/2024,10:00,172,2.7,25.0,1.1,23.8,,,,,0.004,0.005,0.009,0.008,14.0,4.9,9
21/04/2024,11:00,137,3.0,22.9,1.1,25.4,,,,,0.000,0.000,0.001,0.001,10.7,4.2,8
21/04/2024,12:00,129,2.9,20.8,1.0,25.6,,,,,0.000,0.000,0.001,0.001,13.5,4.6,9
21/04/2024,13:00,115,2.9,16.1,0.9,25.2,,,,,0.007,0.007,0.014,0.004,14.1,5.2,11
21/04/2024,14:00,122,2.6,17.1,0.8,25.3,,,,,0.005,0.004,0.008,0.005,13.9,5.6,12
21/04/2024,15:00,127,2.2,22.7,0.7,26.6,,,,,0.000,0.001,0.001,0.001,14.8,5.3,10
21/04/2024,16:00,134,2.1,18.4,0.7,24.4,,,,,0.001,0.003,0.004,0.001,17.1,5.6,12
21/04/2024,17:00,138,2.6,17.3,0.8,21.8,,,,,0.000,0.003,0.003,0.001,13.9,4.8,10
21/04/2024,18:00,160,3.1,20.5,1.1,22.1,,,,,0.001,0.004,0.005,0.000,22.5,5.1,9
21/04/2024,19:00,190,4.4,19.4,1.5,21.3,,,,,0.005,0.009,0.014,0.003,16.2,3.8,6
21/04/2024,20:00,193,4.0,16.8,1.4,20.7,,,,,0.004,0.006,0.010,0.005,9.9,2.7,4
21/04/2024,21:00,149,4.2,15.6,1.4,19.8,,,,,0.000,0.001,0.002,0.001,10.0,3.1,5
21/04/2024,22:00,152,3.1,17.8,1.0,19.6,,,,,0.001,0.003,0.004,0.000,19.6,4.9,8
21/04/2024,23:00,154,1.8,27.1,0.7,20.1,,,,,0.001,0.005,0.005,0.000,21.6,5.3,10
22/04/2024,00:00,157,2.8,18.4,0.9,20.5,,,,,0.001,0.002,0.003,0.000,19.2,5.2,9
22/04/2024,01:00,153,2.9,21.6,1.0,20.9,,,,,0.001,0.003,0.004,0.001,29.8,7.6,11
22/04/2024,02:00,152,2.6,19.8,0.9,21.2,,,,,0.000,0.001,0.001,0.000,24.3,7.7,14
22/04/2024,03:00,149,3.0,18.6,1.1,21.3,,,,,0.000,0.001,0.001,0.000,23.8,8.1,17
22/04/2024,04:00,150,2.6,18.1,0.9,21.2,,,,,0.000,0.002,0.002,0.000,28.6,8.2,17
22/04/2024,05:00,155,2.8,20.9,1.1,21.3,,,,,0.001,0.004,0.005,0.000,27.1,8.4,18
22/04/2024,06:00,150,2.8,18.9,1.0,21.6,,,,,0.001,0.003,0.004,0.000,31.0,8.4,18
22/04/2024,07:00,149,3.5,18.5,1.2,22.3,,,,,0.001,0.002,0.003,0.000,30.9,8.3,17
22/04/2024,08:00,143,3.8,19.8,1.3,23.9,,,,,0.001,0.002,0.003,0.000,28.8,8.0,17
22/04/2024,09:00,135,5.2,18.9,1.8,24.8,,,,,0.001,0.001,0.002,0.000,24.3,7.6,15
22/04/2024,10:00,136,6.1,16.8,1.8,25.4,,,,,0.000,0.001,0.001,0.000,24.5,7.3,14
22/04/2024,11:00,132,5.1,18.9,1.6,26.1,,,,,0.001,0.002,0.003,0.000,23.3,6.9,13
22/04/2024,12:00,121,5.1,20.0,1.7,26.8,,,,,0.001,0.002,0.004,0.002,22.7,6.7,13
22/04/2024,13:00,126,4.6,16.3,1.4,26.4,,,,,0.000,0.001,0.001,0.001,22.1,7.2,14
22/04/2024,14:00,130,4.2,17.0,1.3,26.6,,,,,0.000,0.001,0.001,0.000,22.5,7.9,16
22/04/2024,15:00,124,4.3,17.0,1.4,26.4,,,,,0.000,0.001,0.001,0.000,24.8,7.6,15
22/04/2024,16:00,136,4.1,15.0,1.2,25.7,,,,,0.001,0.002,0.002,0.000,23.4,7.6,14
22/04/2024,17:00,140,3.2,19.2,1.1,24.4,,,,,0.001,0.003,0.004,0.000,21.9,7.4,12
22/04/2024,18:00,142,2.2,16.9,0.7,23.4,,,,,0.000,0.004,0.004,0.000,22.4,7.6,14
22/04/2024,19:00,143,2.5,18.0,0.8,22.8,,,,,0.001,0.005,0.006,0.000,24.5,7.3,15
22/04/2024,20:00,141,3.3,18.8,1.2,22.5,,,,,0.000,0.003,0.003,0.000,22.4,6.6,12
22/04/2024,21:00,145,2.7,20.6,1.0,22.0,,,,,0.000,0.004,0.005,0.000,20.6,7.0,13
22/04/2024,22:00,150,2.9,18.6,0.9,21.9,,,,,0.000,0.003,0.003,0.000,23.4,7.3,14
22/04/2024,23:00,139,3.1,17.9,1.0,21.8,,,,,0.000,0.004,0.004,0.000,20.7,7.5,16
23/04/2024,00:00,140,2.9,17.8,1.1,21.5,,,,,0.000,0.004,0.004,0.000,17.8,6.8,14
23/04/2024,01:00,142,2.4,21.6,0.9,21.4,,,,,0.000,0.002,0.002,0.000,17.7,6.4,9
23/04/2024,02:00,155,2.6,17.8,0.9,21.2,,,,,0.000,0.001,0.001,0.000,21.9,7.1,11
23/04/2024,03:00,151,2.1,18.6,0.8,20.9,,,,,0.000,0.002,0.002,0.000,19.9,7.3,14
23/04/2024,04:00,152,1.8,19.6,0.7,20.5,,,,,0.001,0.003,0.003,0.000,24.6,7.9,16
23/04/2024,05:00,152,1.9,19.7,0.7,20.6,,,,,0.001,0.005,0.007,0.000,26.9,8.2,17
23/04/2024,06:00,155,2.3,19.8,0.8,20.8,,,,,0.003,0.004,0.007,0.000,26.0,8.3,16
23/04/2024,07:00,154,2.8,18.0,0.9,22.1,,,,,0.001,0.003,0.004,0.000,25.1,8.1,15
23/04/2024,08:00,137,3.2,18.8,1.1,24.0,,,,,0.003,0.006,0.009,0.000,25.7,7.8,14
23/04/2024,09:00,126,4.4,18.7,1.4,25.1,,,,,0.001,0.001,0.002,0.000,22.8,6.8,10
23/04/2024,10:00,118,4.6,19.5,1.4,26.1,,,,,0.000,0.001,0.001,0.000,20.6,6.0,8
23/04/2024,11:00,115,4.2,17.9,1.3,26.8,,,,,0.007,0.005,0.012,0.004,18.6,6.1,9
23/04/2024,12:00,106,4.2,20.1,1.3,27.5,,,,,0.005,0.005,0.010,0.005,16.1,5.2,7
23/04/2024,13:00,83,3.9,17.4,1.3,27.4,,,,,0.002,0.002,0.004,0.002,16.0,5.2,8
23/04/2024,14:00,78,4.5,14.8,1.3,26.6,,,,,0.003,0.002,0.004,0.000,20.0,6.1,12
23/04/2024,15:00,90,3.9,13.6,1.1,26.6,,,,,0.005,0.004,0.009,0.001,20.4,6.3,11
23/04/2024,16:00,94,3.4,15.4,0.9,25.8,,,,,0.012,0.020,0.032,0.002,22.1,8.2,13
23/04/2024,17:00,113,3.3,15.6,1.0,24.1,,,,,0.004,0.008,0.011,0.003,18.8,5.7,10
23/04/2024,18:00,139,2.6,17.9,0.9,23.1,,,,,0.001,0.003,0.004,0.002,15.6,5.0,8
23/04/2024,19:00,152,2.8,17.7,1.0,22.1,,,,,0.000,0.002,0.002,0.000,13.2,3.8,5
23/04/2024,20:00,154,2.6,18.2,0.9,22.0,,,,,0.001,0.002,0.003,0.000,16.2,4.6,7
23/04/2024,21:00,151,2.6,16.4,0.8,21.8,,,,,0.000,0.001,0.002,0.000,16.6,4.8,8
23/04/2024,22:00,147,2.1,18.7,0.8,21.4,,,,,0.000,0.001,0.002,0.000,13.7,4.3,7
23/04/2024,23:00,151,1.7,31.6,0.7,20.9,,,,,0.001,0.003,0.004,0.000,15.0,4.4,7
24/04/2024,00:00,162,2.3,26.5,0.9,20.9,,,,,0.001,0.004,0.005,0.000,16.2,4.7,7
24/04/2024,01:00,180,1.3,30.5,0.8,20.1,,,,,0.001,0.005,0.006,0.001,17.4,4.9,5
24/04/2024,02:00,260,2.1,19.1,0.6,18.4,,,,,0.000,0.002,0.003,0.000,9.3,3.6,4
24/04/2024,03:00,259,2.9,10.9,0.6,18.0,,,,,0.000,0.002,0.002,0.000,9.2,3.6,5
24/04/2024,04:00,258,3.0,9.7,0.5,17.9,,,,,0.001,0.003,0.004,0.000,10.1,3.5,5
24/04/2024,05:00,254,3.2,8.4,0.6,17.9,,,,,0.002,0.004,0.006,0.000,11.7,3.7,5
24/04/2024,06:00,254,2.8,11.7,0.6,18.2,,,,,0.002,0.004,0.006,0.000,10.2,3.6,5
24/04/2024,07:00,201,3.1,23.6,1.2,20.9,,,,,0.013,0.008,0.021,0.008,18.6,4.4,8
24/04/2024,08:00,159,1.9,31.6,0.8,23.3,,,,,0.010,0.007,0.017,0.006,16.7,4.4,7
24/04/2024,09:00,152,2.6,23.8,0.9,24.7,,,,,0.005,0.005,0.009,0.001,17.7,4.2,6
24/04/2024,10:00,149,2.6,23.2,0.9,26.2,,,,,0.001,0.002,0.003,0.000,14.8,4.0,6
24/04/2024,11:00,134,2.3,22.2,0.8,26.6,,,,,0.011,0.002,0.013,0.000,16.1,6.3,8
24/04/2024,12:00,106,2.6,19.7,0.8,27.6,,,,,0.016,0.011,0.028,0.001,14.0,4.6,8
24/04/2024,13:00,72,3.2,15.7,1.1,26.6,,,,,0.009,0.008,0.017,0.004,13.3,4.3,8
24/04/2024,14:00,63,3.3,15.5,0.9,26.4,,,,,0.004,0.002,0.006,0.001,11.8,4.1,7
24/04/2024,15:00,77,2.9,16.6,0.8,26.1,,,,,0.010,0.006,0.015,0.001,14.0,5.3,9
24/04/2024,16:00,85,2.7,16.0,0.8,25.8,,,,,0.000,0.002,0.002,0.000,15.0,4.6,8
24/04/2024,17:00,90,1.9,16.1,0.5,24.3,,,,,0.000,0.003,0.003,0.000,13.1,4.8,8
24/04/2024,18:00,101,1.9,16.9,0.6,24.0,,,,,0.000,0.002,0.002,0.000,16.5,5.3,9
24/04/2024,19:00,127,1.1,16.1,0.3,23.0,,,,,0.002,0.014,0.016,0.003,17.3,5.6,11
24/04/2024,20:00,136,0.5,22.9,0.2,21.3,,,,,0.013,0.017,0.030,0.003,19.3,6.1,13
24/04/2024,21:00,171,0.3,43.6,0.2,20.2,,,,,0.009,0.015,0.024,0.002,19.2,6.0,13
24/04/2024,22:00,268,0.5,31.9,0.2,19.4,,,,,0.005,0.012,0.018,0.001,17.6,5.6,11
24/04/2024,23:00,254,1.2,20.6,0.3,19.2,,,,,0.003,0.010,0.014,0.001,15.8,5.3,11
25/04/2024,00:00,261,1.8,22.7,0.6,19.4,,,,,0.001,0.007,0.008,0.001,14.6,5.2,11
25/04/2024,01:00,254,2.5,10.3,0.5,19.3,,,,,0.001,0.003,0.004,0.001,12.3,4.8,7
25/04/2024,02:00,256,2.4,12.2,0.6,18.8,,,,,0.001,0.005,0.005,0.001,12.5,4.6,8
25/04/2024,03:00,259,2.7,9.8,0.5,18.4,,,,,0.000,0.002,0.003,0.000,11.7,4.5,8
25/04/2024,04:00,256,2.4,13.4,0.5,18.2,,,,,0.001,0.003,0.004,0.000,11.5,4.5,8
25/04/2024,05:00,255,2.9,9.9,0.6,18.1,,,,,0.000,0.002,0.003,0.000,10.9,4.5,8
25/04/2024,06:00,264,2.0,13.7,0.4,18.3,,,,,0.001,0.002,0.003,0.000,10.8,4.4,8
25/04/2024,07:00,264,2.5,11.5,0.5,19.7,,,,,0.002,0.002,0.005,0.000,12.8,4.5,8
25/04/2024,08:00,278,1.9,13.2,0.4,22.7,,,,,0.005,0.003,0.008,0.001,14.4,4.6,9
25/04/2024,09:00,121,0.4,27.8,0.6,25.6,,,,,0.007,0.008,0.015,0.007,13.4,4.7,8
25/04/2024,10:00,109,1.6,31.3,0.7,27.1,,,,,0.022,0.017,0.038,0.018,16.5,4.8,9
25/04/2024,11:00,63,2.3,17.5,0.7,26.3,,,,,0.007,0.012,0.019,0.010,12.4,4.7,8
25/04/2024,12:00,68,2.8,15.5,0.7,27.2,,,,,0.003,0.006,0.009,0.006,12.2,4.0,7
25/04/2024,13:00,76,2.3,20.4,0.7,27.9,,,,,0.002,0.003,0.005,0.004,11.5,3.7,6
25/04/2024,14:00,77,2.6,14.2,0.6,27.6,,,,,0.001,0.002,0.003,0.002,10.3,3.7,6
25/04/2024,15:00,76,1.5,19.7,0.5,26.4,,,,,0.003,0.001,0.003,0.001,10.9,3.5,5
25/04/2024,16:00,63,1.7,19.5,0.5,25.3,,,,,0.001,0.003,0.004,0.001,70.2,5.6,9
25/04/2024,17:00,290,0.2,25.3,0.1,22.5,,,,,0.000,0.004,0.005,0.001,13.9,3.6,14
25/04/2024,18:00,286,0.4,15.6,0.1,20.9,,,,,0.001,0.008,0.009,0.001,12.9,3.8,7
25/04/2024,19:00,301,0.8,9.6,0.2,19.4,,,,,0.006,0.009,0.015,0.000,11.3,3.7,7
25/04/2024,20:00,301,1.1,9.7,0.2,18.7,,,,,0.003,0.009,0.011,0.000,11.4,3.5,6
25/04/2024,21:00,295,1.0,15.5,0.3,18.6,,,,,0.004,0.013,0.017,0.000,10.1,3.6,6
25/04/2024,22:00,279,1.3,17.6,0.3,18.1,,,,,0.006,0.012,0.019,0.000,11.4,3.8,7
25/04/2024,23:00,288,1.0,36.3,0.4,18.0,,,,,0.004,0.012,0.016,0.000,11.0,3.9,7
26/04/2024,00:00,276,1.1,23.8,0.3,17.7,,,,,0.004,0.013,0.016,0.000,11.2,3.9,7
26/04/2024,01:00,270,2.0,11.0,0.4,17.4,,,,,0.001,0.006,0.007,0.001,10.9,3.9,6
26/04/2024,02:00,274,1.6,18.5,0.4,17.1,,,,,0.001,0.008,0.009,0.000,10.5,3.9,7
26/04/2024,03:00,252,2.8,9.2,0.5,17.3,,,,,0.001,0.004,0.005,0.000,10.7,4.5,9
26/04/2024,04:00,250,3.1,8.0,0.5,17.7,,,,,0.003,0.005,0.008,0.000,11.1,4.3,8
26/04/2024,05:00,257,3.6,7.1,0.6,17.0,,,,,0.002,0.004,0.006,0.000,9.4,4.0,8
26/04/2024,06:00,253,3.6,8.3,0.6,17.3,,,,,0.002,0.004,0.005,0.000,11.5,3.9,7
26/04/2024,07:00,252,3.3,13.3,0.7,19.1,,,,,0.004,0.005,0.009,0.001,20.9,4.1,7
26/04/2024,08:00,195,2.1,29.1,0.9,22.6,,,,,0.012,0.011,0.023,0.011,26.0,5.3,10
26/04/2024,09:00,144,2.5,23.4,0.7,24.4,,,,,0.005,0.007,0.011,0.001,28.2,5.8,9
26/04/2024,10:00,146,2.5,20.9,1.0,25.8,,,,,0.002,0.003,0.004,0.001,17.5,4.2,7
26/04/2024,11:00,124,2.9,20.7,0.9,26.8,,,,,0.004,0.006,0.009,0.001,20.0,4.7,8
26/04/2024,12:00,133,2.8,20.9,0.9,27.5,,,,,0.003,0.004,0.007,0.000,13.9,4.4,7
26/04/2024,13:00,122,2.4,24.6,0.9,27.7,,,,,0.005,0.004,0.010,0.001,18.4,5.3,8
26/04/2024,14:00,70,3.8,16.2,1.1,26.2,,,,,0.001,0.001,0.002,0.001,15.1,5.0,10
26/04/2024,15:00,71,2.7,17.1,0.9,25.2,,,,,0.000,0.001,0.001,0.001,14.0,5.3,11
26/04/2024,16:00,83,2.8,16.2,0.9,25.2,,,,,0.003,0.007,0.010,0.001,15.8,5.6,12
26/04/2024,17:00,105,2.5,16.1,0.8,23.8,,,,,0.000,0.002,0.002,0.001,14.6,4.9,10
26/04/2024,18:00,114,2.4,16.1,0.7,23.1,,,,,0.001,0.005,0.007,0.001,14.1,4.6,9
26/04/2024,19:00,123,2.3,14.9,0.7,22.6,,,,,0.011,0.019,0.030,0.010,14.2,4.4,8
26/04/2024,20:00,126,2.3,16.5,0.7,21.8,,,,,0.000,0.002,0.002,0.004,12.6,4.3,8
26/04/2024,21:00,129,2.7,17.9,0.8,21.3,,,,,0.000,0.002,0.003,0.001,8.6,3.3,5
26/04/2024,22:00,131,3.0,15.8,0.9,20.9,,,,,0.000,0.004,0.004,0.000,9.4,2.6,4
26/04/2024,23:00,135,2.2,16.7,0.7,21.0,,,,,0.000,0.006,0.007,0.000,8.6,2.9,4
27/04/2024,00:00,134,3.3,16.0,1.0,20.8,,,,,0.000,0.005,0.005,0.000,8.7,3.3,5
27/04/2024,01:00,148,1.9,18.4,0.6,20.0,,,,,0.000,0.005,0.005,0.001,10.3,3.8,5
27/04/2024,02:00,147,1.8,17.4,0.5,20.5,,,,,0.000,0.005,0.005,0.000,11.0,4.0,6
27/04/2024,03:00,147,2.5,16.5,0.8,21.3,,,,,0.001,0.002,0.003,0.000,17.4,4.8,7
27/04/2024,04:00,144,2.2,17.1,0.7,21.2,,,,,0.000,0.001,0.002,0.000,13.6,4.5,7
27/04/2024,05:00,153,2.2,18.7,0.7,21.2,,,,,0.001,0.003,0.004,0.000,15.4,5.2,8
27/04/2024,06:00,151,2.5,19.4,0.9,21.3,,,,,0.000,0.002,0.003,0.000,15.6,5.4,9
27/04/2024,07:00,155,2.7,18.8,0.9,21.9,,,,,0.001,0.002,0.003,0.000,15.9,5.3,9
27/04/2024,08:00,152,2.9,20.0,1.0,23.4,,,,,0.001,0.002,0.003,0.000,17.6,5.3,9
27/04/2024,09:00,133,3.7,18.4,1.2,24.3,,,,,0.004,0.005,0.010,0.000,17.4,5.4,10
27/04/2024,10:00,124,3.7,18.0,1.1,24.7,,,,,0.002,0.002,0.004,0.000,15.3,5.0,8
27/04/2024,11:00,124,3.6,21.1,1.2,25.6,,,,,0.001,0.002,0.003,0.001,16.7,5.2,9
27/04/2024,12:00,115,3.7,18.3,1.2,26.0,,,,,0.004,0.004,0.008,0.002,14.3,5.2,9
27/04/2024,13:00,101,4.1,17.7,1.1,27.3,,,,,0.007,0.009,0.016,0.005,19.8,5.4,10
27/04/2024,14:00,90,4.8,15.8,1.4,26.0,,,,,0.003,0.003,0.007,0.001,22.5,5.6,10
27/04/2024,15:00,94,4.6,16.0,1.4,24.9,,,,,0.002,0.002,0.004,0.000,18.8,6.0,10
27/04/2024,16:00,101,4.2,15.0,1.2,24.6,,,,,0.010,0.002,0.012,0.001,18.7,5.8,10
27/04/2024,17:00,104,3.7,14.2,1.0,23.9,,,,,0.001,0.006,0.007,0.002,18.3,5.8,9
27/04/2024,18:00,120,2.5,16.5,0.8,23.4,,,,,0.004,0.011,0.015,0.006,17.7,5.8,10
27/04/2024,19:00,121,2.2,16.3,0.7,22.7,,,,,0.001,0.006,0.007,0.009,17.7,5.6,10
27/04/2024,20:00,132,1.9,16.6,0.6,22.1,,,,,0.000,0.002,0.002,0.005,16.4,5.6,10
27/04/2024,21:00,136,1.8,15.5,0.6,21.7,,,,,0.000,0.003,0.003,0.001,15.7,5.1,9
27/04/2024,22:00,146,1.4,19.4,0.5,21.2,,,,,0.000,0.002,0.003,0.000,14.3,4.7,8
27/04/2024,23:00,146,1.4,18.5,0.5,20.8,,,,,0.000,0.003,0.003,0.000,13.8,4.7,8
28/04/2024,00:00,147,1.6,18.0,0.6,20.5,,,,,0.000,0.002,0.002,0.000,13.5,4.5,8
28/04/2024,01:00,157,2.7,18.1,0.9,20.7,,,,,0.000,0.001,0.002,0.001,17.4,4.7,6
28/04/2024,02:00,153,3.1,17.9,1.0,20.6,,,,,0.000,0.001,0.002,0.000,17.6,4.8,6
28/04/2024,03:00,153,3.2,16.8,1.0,20.7,,,,,0.001,0.001,0.002,0.000,16.4,4.8,7
28/04/2024,04:00,152,3.4,15.8,1.0,20.6,,,,,0.001,0.004,0.005,0.000,25.6,5.9,9
28/04/2024,05:00,151,2.8,20.2,1.0,20.5,,,,,0.001,0.004,0.006,0.000,29.5,6.2,9
28/04/2024,06:00,155,2.9,20.3,1.0,20.7,,,,,0.002,0.006,0.008,0.000,36.1,7.1,11
28/04/2024,07:00,156,3.1,20.5,1.0,21.6,,,,,0.002,0.003,0.005,0.000,22.6,5.1,8
28/04/2024,08:00,147,2.9,18.8,1.0,23.2,,,,,0.003,0.004,0.007,0.000,13.3,4.3,7
28/04/2024,09:00,120,3.8,17.4,1.1,24.9,,,,,0.003,0.002,0.006,0.000,12.4,4.1,6
28/04/2024,10:00,115,4.2,18.5,1.3,25.8,,,,,0.004,0.004,0.008,0.004,13.2,4.1,6
28/04/2024,11:00,107,4.3,18.5,1.3,26.8,,,,,0.009,0.005,0.014,0.007,13.5,4.2,6
28/04/2024,12:00,93,4.4,16.6,1.2,27.3,,,,,0.010,0.007,0.017,0.007,14.3,4.8,6
28/04/2024,13:00,90,4.4,17.2,1.2,27.3,,,,,0.003,0.003,0.006,0.002,17.7,4.5,6
28/04/2024,14:00,91,4.2,16.5,1.2,27.1,,,,,0.005,0.004,0.009,0.003,16.5,4.7,7
28/04/2024,15:00,93,4.1,17.1,1.1,26.3,,,,,0.006,0.003,0.009,0.001,15.1,5.0,8
28/04/2024,16:00,99,4.4,14.5,1.1,25.2,,,,,0.004,0.005,0.009,0.001,17.6,4.9,8
28/04/2024,17:00,108,3.3,16.2,1.0,23.9,,,,,0.002,0.007,0.009,0.003,16.8,5.0,7
28/04/2024,18:00,124,1.7,16.1,0.4,22.9,,,,,0.001,0.009,0.010,0.005,16.2,5.1,8
28/04/2024,19:00,137,1.6,18.1,0.5,22.4,,,,,0.001,0.007,0.007,0.001,16.3,5.6,14
28/04/2024,20:00,150,1.6,15.5,0.5,21.9,,,,,0.001,0.008,0.009,0.000,16.5,5.8,13
28/04/2024,21:00,153,1.6,16.3,0.6,21.6,,,,,0.000,0.004,0.004,0.000,17.4,5.6,10
28/04/2024,22:00,152,1.6,17.3,0.5,21.3,,,,,0.000,0.002,0.002,0.000,16.1,5.2,9
28/04/2024,23:00,159,2.1,22.3,0.9,21.2,,,,,0.000,0.001,0.001,0.000,15.2,4.9,7
29/04/2024,00:00,155,2.5,17.8,0.9,21.0,,,,,0.000,0.001,0.001,0.000,15.9,4.8,7
29/04/2024,01:00,153,2.7,18.2,0.9,21.0,,,,,0.000,0.001,0.001,0.001,18.5,4.8,5
29/04/2024,02:00,154,2.2,19.6,0.8,20.7,,,,,0.000,0.001,0.001,0.000,14.2,4.4,5
29/04/2024,03:00,157,2.1,20.3,0.7,20.5,,,,,0.000,0.001,0.002,0.000,16.7,4.9,7
29/04/2024,04:00,167,2.6,20.2,0.9,20.6,,,,,0.001,0.003,0.004,0.000,25.3,5.4,8
29/04/2024,05:00,184,1.6,30.8,0.8,19.5,,,,,0.002,0.006,0.008,0.000,21.0,5.4,8
29/04/2024,06:00,187,1.6,43.4,0.9,19.9,,,,,0.003,0.006,0.010,0.000,31.1,6.0,9
29/04/2024,07:00,164,2.5,26.8,1.0,21.7,,,,,0.007,0.008,0.014,0.000,24.0,5.6,9
29/04/2024,08:00,152,2.5,21.0,0.8,23.6,,,,,0.003,0.004,0.006,0.000,18.0,4.6,7
29/04/2024,09:00,130,3.8,16.8,1.2,25.0,,,,,0.001,0.002,0.003,0.000,13.8,3.9,6
29/04/2024,10:00,115,4.4,17.2,1.3,25.9,,,,,0.006,0.005,0.011,0.002,12.7,4.1,6
29/04/2024,11:00,101,4.4,16.5,1.2,26.8,,,,,0.005,0.005,0.009,0.006,12.1,3.8,5
29/04/2024,12:00,82,4.6,16.4,1.2,27.0,,,,,0.004,0.003,0.007,0.002,14.4,4.4,7
29/04/2024,13:00,86,4.7,16.3,1.3,27.0,,,,,0.004,0.005,0.009,0.001,15.4,4.9,7
29/04/2024,14:00,82,4.5,16.2,1.2,26.4,,,,,0.001,0.001,0.001,0.001,16.2,4.8,8
29/04/2024,15:00,93,4.1,17.5,1.2,26.3,,,,,0.002,0.004,0.006,0.001,17.8,5.1,8
29/04/2024,16:00,90,3.7,15.4,1.0,25.2,,,,,0.008,0.007,0.015,0.001,17.0,5.4,10
29/04/2024,17:00,97,3.2,14.3,0.9,24.2,,,,,0.000,0.007,0.007,0.002,18.0,6.0,10
29/04/2024,18:00,113,2.8,16.1,0.9,23.6,,,,,0.006,0.011,0.017,0.005,17.7,5.8,10
29/04/2024,19:00,127,2.5,16.7,0.7,22.9,,,,,0.004,0.010,0.014,0.007,17.5,5.9,10
29/04/2024,20:00,137,2.1,20.5,0.7,22.4,,,,,0.000,0.006,0.007,0.002,15.1,5.8,13
29/04/2024,21:00,146,1.4,20.1,0.5,21.7,,,,,0.001,0.006,0.007,0.001,15.6,5.5,11
29/04/2024,22:00,140,1.2,17.3,0.4,21.2,,,,,0.000,0.002,0.002,0.000,13.4,4.6,8
29/04/2024,23:00,161,2.0,22.0,0.7,21.1,,,,,0.001,0.003,0.003,0.000,18.3,4.9,8
30/04/2024,00:00,162,2.5,20.1,0.8,21.3,,,,,0.001,0.003,0.004,0.000,20.5,5.0,8
30/04/2024,01:00,183,1.5,26.9,0.7,20.8,,,,,0.001,0.003,0.004,0.001,19.2,5.0,6
30/04/2024,02:00,150,0.9,29.6,0.4,20.6,,,,,0.000,0.003,0.003,0.000,12.9,4.4,6
30/04/2024,03:00,152,1.0,23.5,0.4,20.1,,,,,0.000,0.004,0.004,0.001,12.8,4.3,7
30/04/2024,04:00,171,0.6,27.5,0.3,19.4,,,,,0.002,0.006,0.008,0.000,13.3,4.5,9
30/04/2024,05:00,173,1.3,31.3,0.6,20.5,,,,,0.002,0.006,0.008,0.000,17.0,4.9,8
30/04/2024,06:00,268,1.3,27.2,0.5,19.4,,,,,0.002,0.006,0.008,0.000,13.7,4.4,7
30/04/2024,07:00,145,2.8,18.2,0.9,21.6,,,,,0.003,0.005,0.008,0.001,23.6,5.9,11
30/04/2024,08:00,146,1.4,22.7,0.5,22.6,,,,,0.006,0.008,0.014,0.002,16.5,4.9,10
30/04/2024,09:00,136,2.4,18.6,0.8,23.9,,,,,0.002,0.005,0.007,0.001,15.5,5.0,10
30/04/2024,10:00,122,3.2,19.8,0.9,24.6,,,,,0.001,0.001,0.002,0.002,17.0,5.4,10
30/04/2024,11:00,127,2.9,19.4,0.9,25.3,,,,,0.004,0.003,0.007,0.001,20.2,5.9,11
30/04/2024,12:00,104,3.5,18.6,1.0,25.8,,,,,0.013,0.006,0.019,0.005,19.4,5.5,10
30/04/2024,13:00,92,4.0,16.1,1.1,25.2,,,,,0.001,0.002,0.003,0.002,21.7,6.3,12
30/04/2024,14:00,103,3.9,15.9,1.2,25.3,,,,,0.010,0.008,0.019,0.007,18.2,4.6,7
30/04/2024,15:00,111,3.4,16.1,1.0,24.9,,,,,0.010,0.011,0.021,0.008,18.0,5.6,10
30/04/2024,16:00,102,3.3,15.4,0.9,24.6,,,,,0.009,0.009,0.017,0.004,18.3,5.8,11
30/04/2024,17:00,111,3.0,16.4,0.9,24.1,,,,,0.007,0.012,0.019,0.006,18.5,6.0,10
30/04/2024,18:00,123,2.3,16.2,0.8,23.6,,,,,0.001,0.004,0.004,0.005,17.5,6.1,11
30/04/2024,19:00,134,1.7,19.2,0.6,23.3,,,,,0.000,0.005,0.005,0.003,18.6,6.0,13
30/04/2024,20:00,136,1.7,17.2,0.6,23.0,,,,,0.000,0.004,0.004,0.001,20.0,5.6,12
30/04/2024,21:00,145,1.6,18.8,0.6,22.5,,,,,0.001,0.008,0.009,0.001,28.7,5.7,12
30/04/2024,22:00,147,1.3,17.4,0.4,22.4,,,,,0.000,0.006,0.007,0.000,13.8,4.8,9
30/04/2024,23:00,146,1.3,18.4,0.5,22.2,,,,,0.000,0.004,0.004,0.000,15.3,4.7,8
01/05/2024,00:00,161,1.9,17.8,0.6,22.1,,,,,0.000,0.002,0.003,0.000,21.2,5.2,8
01/05/2024,01:00,161,1.9,20.3,0.6,22.1,,,,,0.000,0.001,0.002,0.001,22.1,5.1,6
01/05/2024,02:00,165,2.3,22.2,0.9,21.8,,,,,0.001,0.004,0.005,0.000,30.5,5.9,7
01/05/2024,03:00,157,2.2,19.1,0.8,21.5,,,,,0.000,0.002,0.002,0.000,16.9,4.4,6
01/05/2024,04:00,162,2.6,19.0,0.9,21.5,,,,,0.000,0.002,0.002,0.000,24.9,5.0,7
01/05/2024,05:00,163,2.6,24.9,1.0,21.2,,,,,0.002,0.005,0.007,0.000,29.8,5.9,8
01/05/2024,06:00,166,2.8,20.7,0.9,21.3,,,,,0.002,0.004,0.006,0.000,29.4,5.7,8
01/05/2024,07:00,162,2.5,19.7,0.8,22.3,,,,,0.002,0.003,0.005,0.000,23.8,4.7,7
01/05/2024,08:00,159,2.7,18.4,0.8,23.9,,,,,0.002,0.005,0.007,0.000,17.2,4.0,6
01/05/2024,09:00,134,2.8,19.5,1.0,25.3,,,,,0.007,0.006,0.012,0.000,16.2,3.7,5
01/05/2024,10:00,118,3.2,20.0,1.1,26.1,,,,,0.003,0.005,0.008,0.000,13.5,3.7,5
01/05/2024,11:00,109,3.4,21.7,1.0,27.0,,,,,0.007,0.006,0.013,0.004,12.5,3.6,5
01/05/2024,12:00,129,2.7,24.0,1.0,27.5,,,,,0.006,0.006,0.013,0.002,14.2,3.7,5
01/05/2024,13:00,123,2.7,22.4,1.0,28.0,,,,,0.006,0.007,0.014,0.000,13.6,3.9,5
01/05/2024,14:00,84,3.3,18.8,1.0,26.6,,,,,0.005,0.003,0.008,0.001,14.9,3.8,6
01/05/2024,15:00,73,3.7,15.8,1.0,25.9,,,,,0.004,0.003,0.006,0.001,15.4,4.6,9
01/05/2024,16:00,85,3.6,15.9,1.0,24.8,,,,,0.001,0.001,0.003,0.000,16.4,4.9,9
01/05/2024,17:00,100,3.0,17.8,1.0,23.6,,,,,0.001,0.004,0.005,0.000,16.8,4.9,8
01/05/2024,18:00,109,2.7,17.2,0.9,23.1,,,,,0.000,0.003,0.004,0.001,15.0,4.9,9
01/05/2024,19:00,126,2.1,15.8,0.7,22.6,,,,,0.004,0.011,0.015,0.005,15.8,5.1,9
01/05/2024,20:00,130,1.2,19.8,0.4,21.9,,,,,0.000,0.003,0.003,0.003,15.9,4.7,9
01/05/2024,21:00,136,1.2,20.1,0.5,21.3,,,,,0.000,0.003,0.003,0.001,13.9,4.6,9
01/05/2024,22:00,146,0.9,19.6,0.3,20.6,,,,,0.000,0.003,0.003,0.000,14.1,4.7,9
01/05/2024,23:00,152,1.3,19.2,0.4,20.1,,,,,0.000,0.006,0.006,0.000,26.6,5.1,11
02/05/2024,00:00,151,1.3,25.5,0.5,20.1,,,,,0.000,0.002,0.002,0.000,47.1,5.9,10
02/05/2024,01:00,160,2.2,18.5,0.8,20.2,,,,,0.000,0.003,0.003,0.001,34.7,6.4,11
02/05/2024,02:00,151,2.4,19.0,0.9,20.1,,,,,0.000,0.003,0.003,0.000,20.4,5.5,9
02/05/2024,03:00,154,2.3,18.5,0.8,20.0,,,,,0.001,0.004,0.005,0.000,29.7,6.4,11
02/05/2024,04:00,154,1.4,24.0,0.6,19.5,,,,,0.000,0.004,0.004,0.000,23.9,6.0,11
02/05/2024,05:00,149,1.5,21.0,0.5,19.2,,,,,0.002,0.009,0.011,0.000,19.6,5.4,10
02/05/2024,06:00,151,2.9,19.4,1.0,19.8,,,,,0.001,0.004,0.005,0.000,25.3,5.2,9
02/05/2024,07:00,157,3.1,18.5,1.1,20.9,,,,,0.001,0.002,0.003,0.000,21.0,4.4,7
02/05/2024,08:00,149,3.6,21.9,1.2,22.3,,,,,0.003,0.006,0.009,0.000,19.2,4.1,6
02/05/2024,09:00,141,3.3,19.1,1.1,23.8,,,,,0.004,0.005,0.009,0.000,15.5,3.6,6
02/05/2024,10:00,128,3.1,18.9,1.2,24.9,,,,,0.005,0.005,0.010,0.000,17.3,3.7,5
02/05/2024,11:00,117,3.8,19.0,1.1,25.6,,,,,0.004,0.006,0.009,0.001,11.3,3.2,4
02/05/2024,12:00,122,3.0,23.2,1.1,26.1,,,,,0.003,0.004,0.007,0.002,15.2,3.4,5
02/05/2024,13:00,94,3.0,20.5,1.0,25.9,,,,,0.019,0.013,0.032,0.003,11.5,3.4,6
02/05/2024,14:00,100,3.5,17.0,1.0,25.7,,,,,0.008,0.008,0.016,0.006,10.7,3.0,4
02/05/2024,15:00,101,2.9,17.6,1.1,24.4,,,,,0.009,0.009,0.018,0.003,13.2,4.0,8
02/05/2024,16:00,151,1.7,18.4,0.5,22.4,,,,,0.002,0.008,0.009,0.001,12.6,3.8,7
02/05/2024,17:00,148,1.8,17.0,0.5,22.1,,,,,0.001,0.008,0.010,0.001,17.5,4.0,8
02/05/2024,18:00,150,2.6,18.1,0.8,21.5,,,,,0.001,0.004,0.005,0.000,15.3,3.3,5
02/05/2024,19:00,147,2.8,17.9,0.9,21.1,,,,,0.000,0.002,0.002,0.000,19.8,3.1,4
02/05/2024,20:00,152,3.3,17.6,1.1,20.9,,,,,0.001,0.004,0.005,0.000,28.0,4.4,6
02/05/2024,21:00,152,2.7,18.6,1.0,20.5,,,,,0.001,0.003,0.004,0.000,25.8,4.1,5
02/05/2024,22:00,152,2.6,18.4,0.9,20.1,,,,,0.000,0.002,0.002,0.000,14.6,2.7,3
02/05/2024,23:00,153,3.1,18.4,1.1,20.1,,,,,0.001,0.002,0.003,0.000,18.1,3.5,4
03/05/2024,00:00,150,3.4,16.5,1.1,20.0,,,,,0.001,0.002,0.003,0.000,25.9,4.8,6
03/05/2024,01:00,154,3.2,17.5,1.0,19.8,,,,,0.001,0.002,0.003,0.001,21.2,4.5,5
03/05/2024,02:00,153,3.0,18.8,1.1,19.7,,,,,0.001,0.002,0.002,0.000,16.1,4.4,6
03/05/2024,03:00,151,2.7,18.7,1.0,19.6,,,,,0.001,0.001,0.002,0.000,15.8,4.4,7
03/05/2024,04:00,152,2.8,18.1,0.9,19.6,,,,,0.000,0.001,0.002,0.000,12.0,3.9,6
03/05/2024,05:00,149,2.1,18.8,0.7,19.5,,,,,0.001,0.004,0.005,0.000,8.7,3.3,5
03/05/2024,06:00,148,2.0,19.8,0.7,19.7,,,,,0.001,0.005,0.006,0.000,7.8,2.8,5
03/05/2024,07:00,155,2.7,20.4,0.9,20.7,,,,,0.002,0.005,0.007,0.000,14.7,3.4,5
03/05/2024,08:00,149,3.6,17.9,1.2,22.1,,,,,0.002,0.003,0.005,0.000,9.7,2.3,3
03/05/2024,09:00,140,4.2,17.5,1.3,23.2,,,,,0.003,0.005,0.009,0.000,10.1,2.2,4
03/05/2024,10:00,131,4.2,19.5,1.3,23.8,,,,,0.002,0.003,0.004,0.000,8.9,2.3,4
03/05/2024,11:00,134,4.7,16.1,1.5,24.1,,,,,0.005,0.007,0.012,0.000,11.4,3.1,5
03/05/2024,12:00,130,4.7,17.4,1.3,24.8,,,,,0.003,0.003,0.005,0.000,8.8,2.1,3
03/05/2024,13:00,138,4.1,16.9,1.3,25.0,,,,,0.004,0.002,0.006,0.000,11.3,2.4,4
03/05/2024,14:00,137,3.6,18.1,1.1,24.7,,,,,0.004,0.004,0.008,0.000,9.7,2.5,4
03/05/2024,15:00,135,3.2,19.3,1.1,24.5,,,,,0.009,0.007,0.016,0.000,10.0,3.6,6
03/05/2024,16:00,139,3.7,18.9,1.2,23.7,,,,,0.001,0.006,0.007,0.000,8.4,2.4,4
03/05/2024,17:00,142,3.2,18.1,1.1,21.9,,,,,0.001,0.005,0.006,0.000,7.0,2.2,4
03/05/2024,18:00,150,3.5,16.6,1.1,21.1,,,,,0.000,0.002,0.002,0.000,8.2,2.9,4
03/05/2024,19:00,149,3.5,18.5,1.2,20.6,,,,,0.000,0.002,0.002,0.000,11.6,4.0,7
03/05/2024,20:00,151,3.0,19.3,1.1,20.4,,,,,0.000,0.001,0.001,0.000,13.6,4.9,8
03/05/2024,21:00,149,2.8,19.4,0.9,19.9,,,,,0.000,0.002,0.002,0.000,14.2,4.7,8
03/05/2024,22:00,156,2.8,18.8,1.0,18.8,,,,,0.000,0.002,0.003,0.000,12.9,4.7,8
03/05/2024,23:00,153,2.7,18.4,0.9,18.9,,,,,0.000,0.002,0.003,0.000,16.9,4.8,8
04/05/2024,00:00,147,2.7,17.1,0.8,19.4,,,,,0.001,0.002,0.003,0.000,16.5,5.0,9
04/05/2024,01:00,155,2.3,18.7,0.7,18.9,,,,,0.000,0.001,0.001,0.001,11.2,4.2,5
04/05/2024,02:00,156,2.7,18.7,0.9,19.1,,,,,0.000,0.001,0.001,0.000,12.3,4.4,7
04/05/2024,03:00,154,2.8,18.9,1.0,19.3,,,,,0.000,0.002,0.002,0.000,13.7,4.4,8
04/05/2024,04:00,158,3.0,19.8,0.9,19.2,,,,,0.000,0.002,0.003,0.000,15.0,4.7,8
04/05/2024,05:00,159,2.3,20.4,0.8,19.3,,,,,0.001,0.003,0.004,0.000,15.0,4.5,8
04/05/2024,06:00,155,2.2,18.7,0.7,19.8,,,,,0.001,0.004,0.004,0.000,16.3,5.0,10
04/05/2024,07:00,150,2.0,18.2,0.7,20.3,,,,,0.001,0.004,0.005,0.000,21.1,5.9,12
04/05/2024,08:00,146,2.4,22.7,0.9,21.0,,,,,0.001,0.006,0.007,0.000,17.3,6.1,15
04/05/2024,09:00,145,2.6,20.5,1.1,22.0,,,,,0.001,0.003,0.004,0.000,20.1,5.9,11
04/05/2024,10:00,132,3.0,21.1,0.9,22.5,,,,,0.002,0.005,0.007,0.000,19.3,6.0,13
04/05/2024,11:00,133,3.2,20.1,1.1,22.6,,,,,0.006,0.008,0.014,0.000,15.4,5.6,12
04/05/2024,12:00,136,3.3,16.4,1.1,21.7,,,,,0.001,0.002,0.003,0.000,14.2,4.9,10
04/05/2024,13:00,145,3.3,18.2,1.0,20.5,,,,,0.001,0.002,0.003,0.000,11.6,4.3,8
04/05/2024,14:00,137,2.5,19.2,0.8,20.7,,,,,0.001,0.003,0.004,0.000,10.5,4.2,8
04/05/2024,15:00,155,2.2,19.4,0.8,20.6,,,,,0.001,0.003,0.004,0.000,12.6,4.3,8
04/05/2024,16:00,191,2.2,24.8,0.9,20.7,,,,,0.005,0.008,0.013,0.001,16.5,5.0,12
04/05/2024,17:00,159,2.7,22.1,1.0,20.3,,,,,0.001,0.004,0.005,0.001,22.1,4.9,9
04/05/2024,18:00,144,3.0,17.9,0.9,19.8,,,,,0.000,0.002,0.002,0.000,20.0,3.5,5
04/05/2024,19:00,149,2.7,18.0,0.9,19.7,,,,,0.001,0.002,0.002,0.000,15.0,3.4,5
04/05/2024,20:00,184,3.0,20.9,1.1,19.3,,,,,0.004,0.008,0.012,0.001,16.0,4.2,9
04/05/2024,21:00,171,2.0,29.8,0.9,19.2,,,,,0.002,0.006,0.008,0.001,21.5,4.6,8
04/05/2024,22:00,157,2.7,19.8,1.0,19.3,,,,,0.001,0.004,0.005,0.001,22.0,4.4,6
04/05/2024,23:00,166,2.3,20.3,1.0,19.0,,,,,0.002,0.006,0.008,0.000,17.8,4.4,7
05/05/2024,00:00,215,2.4,24.1,1.0,18.7,,,,,0.007,0.013,0.020,0.001,11.7,4.3,15
05/05/2024,01:00,238,3.4,12.1,0.8,18.1,,,,,0.001,0.001,0.002,0.001,7.2,1.8,1
05/05/2024,02:00,238,1.8,20.7,0.6,18.3,,,,,0.002,0.004,0.006,0.001,7.9,2.1,3
05/05/2024,03:00,224,1.6,33.9,0.8,18.7,,,,,0.001,0.006,0.008,0.001,13.3,3.2,5
05/05/2024,04:00,230,1.3,32.5,0.7,18.6,,,,,0.003,0.006,0.010,0.002,9.4,2.7,6
05/05/2024,05:00,163,1.9,30.6,0.8,19.4,,,,,0.001,0.006,0.007,0.001,23.0,4.6,6
05/05/2024,06:00,164,2.2,24.8,0.9,19.4,,,,,0.002,0.006,0.008,0.001,26.3,5.4,9
05/05/2024,07:00,155,3.0,20.4,1.0,19.8,,,,,0.001,0.004,0.005,0.000,25.1,4.5,7
05/05/2024,08:00,154,2.8,20.1,1.0,21.3,,,,,0.002,0.002,0.004,0.001,14.9,2.9,4
05/05/2024,09:00,141,2.5,20.1,0.9,22.2,,,,,0.001,0.002,0.003,0.000,11.6,3.1,5
05/05/2024,10:00,126,3.3,18.2,1.1,22.3,,,,,0.001,0.002,0.004,0.000,9.9,3.5,5
05/05/2024,11:00,151,2.6,16.9,0.9,22.2,,,,,0.001,0.003,0.004,0.000,10.4,3.2,5
05/05/2024,12:00,132,2.1,19.6,0.7,21.7,,,,,0.001,0.002,0.003,0.000,7.5,2.6,5
05/05/2024,13:00,128,2.2,17.7,0.7,21.2,,,,,0.001,0.003,0.004,0.000,4.9,2.0,4
05/05/2024,14:00,146,2.3,19.9,0.8,20.8,,,,,0.002,0.006,0.008,0.000,6.2,1.8,4
05/05/2024,15:00,148,2.9,16.6,0.8,20.4,,,,,0.000,0.001,0.002,0.000,5.6,1.1,1
05/05/2024,16:00,153,3.0,16.7,0.9,20.1,,,,,0.000,0.001,0.001,0.000,5.3,0.9,1
05/05/2024,17:00,154,2.6,17.5,0.9,19.8,,,,,0.001,0.002,0.003,0.000,8.2,1.4,1
05/05/2024,18:00,145,2.0,20.0,0.6,19.7,,,,,0.000,0.004,0.004,0.000,4.8,1.1,3
05/05/2024,19:00,127,1.1,29.4,0.5,19.6,,,,,0.000,0.008,0.008,0.000,6.5,2.5,7
05/05/2024,20:00,145,0.9,28.1,0.4,19.8,,,,,0.000,0.003,0.004,0.000,19.2,3.1,5
05/05/2024,21:00,291,0.1,31.5,0.3,19.6,,,,,0.000,0.002,0.002,0.000,13.9,2.9,4
05/05/2024,22:00,310,0.1,22.3,0.2,19.4,,,,,0.000,0.002,0.002,0.000,15.4,3.5,5
05/05/2024,23:00,209,0.4,29.3,0.2,19.3,,,,,0.002,0.005,0.007,0.000,20.1,3.8,6
06/05/2024,00:00,200,0.6,26.9,0.3,19.7,,,,,0.000,0.006,0.007,0.000,22.5,4.1,9
06/05/2024,01:00,288,0.6,27.5,0.2,19.2,,,,,0.000,0.004,0.004,0.001,16.0,3.5,5
06/05/2024,02:00,259,1.3,25.3,0.4,19.2,,,,,0.001,0.003,0.003,0.000,12.7,3.3,5
06/05/2024,03:00,254,1.6,16.8,0.5,19.2,,,,,0.001,0.004,0.004,0.000,11.8,3.2,4
06/05/2024,04:00,250,2.0,24.5,0.5,19.1,,,,,0.001,0.003,0.004,0.000,10.6,3.1,4
06/05/2024,05:00,256,3.4,8.6,0.6,18.6,,,,,0.001,0.003,0.004,0.000,12.2,3.3,4
06/05/2024,06:00,255,3.0,9.9,0.5,18.6,,,,,0.002,0.003,0.004,0.000,10.8,3.3,4
06/05/2024,07:00,263,2.6,11.2,0.5,19.1,,,,,0.002,0.002,0.004,0.000,10.2,3.1,4
06/05/2024,08:00,172,1.3,32.5,0.7,21.3,,,,,0.004,0.005,0.009,0.000,17.6,4.2,8
06/05/2024,09:00,153,2.3,18.7,0.7,21.9,,,,,0.002,0.003,0.005,0.000,19.3,4.5,8
06/05/2024,10:00,119,1.9,20.8,0.6,23.5,,,,,0.003,0.004,0.007,0.001,9.5,3.8,8
06/05/2024,11:00,100,3.0,18.2,0.9,24.3,,,,,0.013,0.011,0.024,0.007,10.6,3.8,7
06/05/2024,12:00,91,3.5,17.0,1.0,22.4,,,,,0.001,0.002,0.004,0.003,7.5,2.7,4
06/05/2024,13:00,104,2.8,17.1,0.8,23.0,,,,,0.005,0.007,0.012,0.003,7.7,3.2,6
06/05/2024,14:00,107,2.7,15.8,0.6,22.9,,,,,0.020,0.019,0.039,0.010,10.7,4.0,8
06/05/2024,15:00,119,2.0,17.8,0.7,23.4,,,,,0.009,0.014,0.023,0.011,10.1,4.0,8
06/05/2024,16:00,107,1.5,16.1,0.4,23.1,,,,,0.021,0.019,0.040,0.019,10.9,3.9,7
06/05/2024,17:00,109,0.7,16.9,0.2,22.3,,,,,0.002,0.014,0.016,0.010,10.8,3.8,8
06/05/2024,18:00,119,0.8,24.1,0.3,21.7,,,,,0.001,0.009,0.010,0.005,13.6,4.1,8
06/05/2024,19:00,134,1.5,15.2,0.5,22.2,,,,,0.000,0.005,0.005,0.004,12.0,4.5,10
06/05/2024,20:00,131,2.0,14.7,0.6,22.2,,,,,0.000,0.002,0.002,0.003,11.6,4.3,9
06/05/2024,21:00,131,1.9,17.8,0.6,22.0,,,,,0.000,0.001,0.001,0.001,12.2,4.5,10
06/05/2024,22:00,142,1.9,17.4,0.6,21.8,,,,,0.000,0.008,0.009,0.001,15.8,6.0,19
06/05/2024,23:00,150,1.8,19.2,0.7,21.2,,,,,0.000,0.003,0.003,0.001,17.0,5.2,11
07/05/2024,00:00,154,2.3,16.9,0.8,21.0,,,,,0.000,0.002,0.003,0.000,30.1,6.1,12
07/05/2024,01:00,154,2.5,19.1,0.8,20.9,,,,,0.000,0.001,0.001,0.001,40.6,6.8,10
07/05/2024,02:00,152,2.3,20.0,0.9,20.7,,,,,0.000,0.001,0.001,0.000,29.5,6.8,12
07/05/2024,03:00,155,2.5,19.0,0.9,20.4,,,,,0.000,0.001,0.001,0.000,32.7,7.0,14
07/05/2024,04:00,152,2.8,17.3,0.9,20.3,,,,,0.001,0.002,0.003,0.000,33.5,7.2,14
07/05/2024,05:00,153,2.5,19.4,0.9,20.1,,,,,0.001,0.005,0.006,0.000,27.9,6.6,13
07/05/2024,06:00,153,2.8,17.9,0.9,20.1,,,,,0.001,0.003,0.004,0.000,33.5,6.8,13
07/05/2024,07:00,152,2.9,18.7,1.1,21.0,,,,,0.003,0.003,0.006,0.000,31.6,6.2,11
07/05/2024,08:00,140,3.8,16.2,1.2,22.3,,,,,0.007,0.006,0.012,0.000,17.3,4.9,9
07/05/2024,09:00,150,3.1,21.8,1.0,23.6,,,,,0.003,0.003,0.006,0.000,16.4,4.5,7
07/05/2024,10:00,122,3.3,18.5,0.9,25.0,,,,,0.001,0.001,0.002,0.000,14.6,4.4,6
07/05/2024,11:00,116,3.3,20.5,1.0,25.8,,,,,0.002,0.001,0.003,0.001,12.8,4.2,6
07/05/2024,12:00,118,3.1,20.9,1.0,26.3,,,,,0.001,0.003,0.004,0.002,12.1,4.2,6
07/05/2024,13:00,89,3.3,20.5,1.0,26.5,,,,,0.006,0.008,0.014,0.005,12.4,4.2,7
07/05/2024,14:00,89,3.4,17.9,1.0,26.2,,,,,0.003,0.006,0.009,0.004,10.9,3.8,6
07/05/2024,15:00,83,4.1,14.4,1.1,25.3,,,,,0.003,0.004,0.006,0.001,13.4,4.1,7
07/05/2024,16:00,92,3.5,14.6,1.0,24.5,,,,,0.001,0.004,0.005,0.002,15.4,3.9,5
07/05/2024,17:00,103,1.9,31.4,0.7,22.7,,,,,0.000,0.002,0.002,0.001,15.2,4.4,7
07/05/2024,18:00,123,0.8,30.8,0.3,21.4,,,,,0.006,0.008,0.014,0.001,18.3,4.8,9
07/05/2024,19:00,151,0.9,15.1,0.3,20.1,,,,,0.010,0.018,0.028,0.001,16.3,4.7,9
07/05/2024,20:00,148,1.3,16.4,0.5,21.1,,,,,0.001,0.009,0.010,0.001,11.2,3.9,7
07/05/2024,21:00,149,1.3,15.8,0.4,20.7,,,,,0.000,0.006,0.006,0.000,11.5,3.7,6
07/05/2024,22:00,151,1.8,19.8,0.6,20.8,,,,,0.000,0.002,0.002,0.000,11.8,3.6,5
07/05/2024,23:00,151,2.4,17.9,0.8,20.6,,,,,0.000,0.001,0.001,0.000,14.4,4.0,5
08/05/2024,00:00,153,2.5,16.7,0.9,20.4,,,,,0.000,0.001,0.001,0.000,14.4,3.8,5
08/05/2024,01:00,158,2.9,17.9,0.9,20.4,,,,,0.000,0.002,0.002,0.001,21.5,4.8,6
08/05/2024,02:00,160,2.8,18.0,0.9,20.4,,,,,0.000,0.002,0.003,0.000,24.4,5.3,7
08/05/2024,03:00,160,2.6,19.8,0.9,20.3,,,,,0.001,0.003,0.004,0.000,19.2,4.9,7
08/05/2024,04:00,153,2.1,21.3,0.8,20.1,,,,,0.001,0.003,0.003,0.000,17.7,4.5,7
08/05/2024,05:00,153,2.1,18.1,0.7,20.2,,,,,0.001,0.005,0.006,0.000,15.0,4.3,7
08/05/2024,06:00,157,2.3,19.4,0.8,20.4,,,,,0.002,0.006,0.008,0.000,23.3,5.7,9
08/05/2024,07:00,155,2.1,19.8,0.8,21.7,,,,,0.003,0.004,0.008,0.000,18.1,5.0,8
08/05/2024,08:00,128,3.2,19.5,1.1,23.6,,,,,0.002,0.003,0.005,0.000,15.9,5.1,9
08/05/2024,09:00,122,4.8,17.5,1.5,24.2,,,,,0.000,0.000,0.001,0.000,15.9,5.3,9
08/05/2024,10:00,116,4.5,21.4,1.5,25.5,,,,,0.010,0.009,0.018,0.003,15.7,5.3,10
08/05/2024,11:00,109,5.4,16.5,1.7,26.2,,,,,0.017,0.010,0.027,0.007,19.4,5.4,10
08/05/2024,12:00,101,5.3,15.6,1.5,26.2,,,,,0.009,0.008,0.017,0.006,18.4,5.4,9
08/05/2024,13:00,103,5.5,14.2,1.5,26.0,,,,,0.006,0.005,0.011,0.003,19.4,5.9,10
08/05/2024,14:00,103,5.6,14.0,1.6,25.4,,,,,0.002,0.003,0.005,0.003,18.8,5.7,8
08/05/2024,15:00,102,4.6,14.5,1.3,25.7,,,,,0.004,0.007,0.012,0.003,17.8,5.7,9
08/05/2024,16:00,108,4.0,14.6,1.2,24.6,,,,,0.007,0.015,0.022,0.003,19.5,6.8,10
08/05/2024,17:00,117,3.7,14.6,1.1,23.4,,,,,0.016,0.013,0.030,0.009,17.7,5.6,9
08/05/2024,18:00,133,2.3,16.7,0.8,22.5,,,,,0.001,0.009,0.010,0.004,15.5,5.3,9
08/05/2024,19:00,147,2.5,18.7,0.9,21.6,,,,,0.001,0.005,0.005,0.001,15.3,4.6,7
08/05/2024,20:00,155,2.7,20.6,1.0,21.1,,,,,0.000,0.001,0.001,0.000,16.1,4.6,7
08/05/2024,21:00,154,2.8,18.2,0.9,20.9,,,,,0.000,0.002,0.002,0.000,19.2,5.3,7
08/05/2024,22:00,152,2.5,18.6,0.8,20.8,,,,,0.000,0.001,0.002,0.000,19.5,5.4,7
08/05/2024,23:00,153,2.4,17.1,0.8,21.0,,,,,0.000,0.001,0.001,0.000,17.2,5.2,7
09/05/2024,00:00,157,2.6,17.8,0.9,21.0,,,,,0.000,0.001,0.001,0.000,29.7,6.4,9
09/05/2024,01:00,157,2.9,17.5,0.9,20.6,,,,,0.000,0.003,0.003,0.001,23.1,6.4,8
09/05/2024,02:00,153,2.8,18.3,0.9,20.4,,,,,0.001,0.002,0.003,0.000,20.0,5.8,8
09/05/2024,03:00,158,3.0,19.1,0.9,20.3,,,,,0.001,0.004,0.005,0.000,23.1,6.5,10
09/05/2024,04:00,152,3.2,18.5,1.0,20.4,,,,,0.001,0.003,0.005,0.000,22.2,6.1,10
09/05/2024,05:00,149,2.7,20.3,0.9,20.4,,,,,0.001,0.005,0.006,0.000,16.3,5.2,9
09/05/2024,06:00,140,2.1,21.3,0.8,20.3,,,,,0.001,0.009,0.011,0.000,11.7,4.4,9
09/05/2024,07:00,152,2.7,19.6,1.0,21.2,,,,,0.002,0.004,0.006,0.000,12.0,3.8,6
09/05/2024,08:00,131,3.3,16.8,1.1,22.1,,,,,0.002,0.004,0.006,0.000,9.7,3.2,6
09/05/2024,09:00,128,3.4,20.6,1.1,22.4,,,,,0.001,0.002,0.003,0.000,7.3,2.5,4
09/05/2024,10:00,130,3.2,20.2,1.2,22.7,,,,,0.003,0.006,0.009,0.000,9.6,2.9,5
09/05/2024,11:00,141,2.9,18.4,1.0,22.3,,,,,0.002,0.004,0.006,0.000,8.8,3.2,6
09/05/2024,12:00,124,2.6,19.1,0.8,21.7,,,,,0.001,0.003,0.004,0.000,8.2,2.9,6
09/05/2024,13:00,133,2.4,18.7,0.8,21.3,,,,,0.002,0.004,0.006,0.000,6.3,2.5,5
09/05/2024,14:00,126,2.5,17.3,0.8,21.0,,,,,0.001,0.004,0.005,0.000,8.5,3.2,6
09/05/2024,15:00,127,2.8,16.4,0.9,21.4,,,,,0.006,0.007,0.013,0.000,10.3,3.9,6
09/05/2024,16:00,115,2.3,16.3,0.7,21.6,,,,,0.007,0.007,0.014,0.001,14.8,5.1,9
09/05/2024,17:00,123,2.2,17.0,0.7,21.4,,,,,0.005,0.011,0.017,0.005,19.4,6.4,13
09/05/2024,18:00,153,1.9,19.4,0.7,21.7,,,,,0.001,0.005,0.005,0.002,21.1,6.5,13
09/05/2024,19:00,141,1.9,20.7,0.6,21.6,,,,,0.001,0.007,0.008,0.001,21.4,6.7,14
09/05/2024,20:00,127,3.0,15.0,0.9,21.6,,,,,0.000,0.002,0.003,0.001,16.1,5.6,10
09/05/2024,21:00,143,1.7,20.1,0.7,21.2,,,,,0.000,0.008,0.009,0.001,20.2,6.6,15
09/05/2024,22:00,151,1.7,22.3,0.6,21.0,,,,,0.000,0.004,0.004,0.000,16.9,5.7,11
09/05/2024,23:00,153,2.3,17.4,0.8,20.9,,,,,0.000,0.001,0.002,0.000,15.2,5.3,9
10/05/2024,00:00,136,2.4,20.1,0.9,21.0,,,,,0.000,0.006,0.007,0.000,14.0,5.2,12
10/05/2024,01:00,133,2.3,19.0,0.9,21.0,,,,,0.000,0.007,0.007,0.001,13.8,5.0,6
10/05/2024,02:00,142,2.8,20.5,0.9,20.6,,,,,0.000,0.005,0.006,0.000,10.3,3.9,7
10/05/2024,03:00,138,3.0,17.7,1.0,20.4,,,,,0.000,0.006,0.006,0.000,8.4,3.5,8
10/05/2024,04:00,147,2.6,17.4,0.9,19.7,,,,,0.001,0.004,0.005,0.000,12.2,4.8,10
10/05/2024,05:00,151,1.8,22.1,0.6,20.0,,,,,0.001,0.006,0.008,0.000,15.6,5.5,11
10/05/2024,06:00,151,1.8,20.8,0.7,20.4,,,,,0.001,0.006,0.007,0.000,18.5,6.1,13
10/05/2024,07:00,153,2.3,19.1,0.8,21.0,,,,,0.002,0.004,0.006,0.000,18.9,6.7,14
10/05/2024,08:00,133,2.4,23.0,0.9,21.9,,,,,0.002,0.006,0.009,0.000,21.6,7.1,15
10/05/2024,09:00,133,3.4,18.4,1.0,22.7,,,,,0.001,0.003,0.004,0.000,19.3,6.4,13
10/05/2024,10:00,131,3.6,16.4,1.2,23.3,,,,,0.003,0.004,0.007,0.000,18.5,6.3,11
10/05/2024,11:00,122,4.0,18.6,1.2,24.4,,,,,0.003,0.003,0.005,0.000,18.4,6.0,10
10/05/2024,12:00,108,4.2,15.6,1.1,24.9,,,,,0.008,0.008,0.015,0.006,19.2,5.9,9
10/05/2024,13:00,106,4.4,16.1,1.3,24.9,,,,,0.012,0.009,0.021,0.007,17.1,5.7,8
10/05/2024,14:00,99,3.7,15.8,1.1,24.8,,,,,0.009,0.007,0.015,0.003,18.5,5.8,9
10/05/2024,15:00,103,3.7,15.8,1.1,25.3,,,,,0.018,0.012,0.031,0.011,18.7,5.6,8
10/05/2024,16:00,102,3.0,14.8,0.8,24.6,,,,,0.005,0.009,0.015,0.006,18.1,5.3,7
10/05/2024,17:00,105,2.0,14.7,0.6,22.7,,,,,0.001,0.004,0.005,0.003,18.8,5.6,8
10/05/2024,18:00,111,1.6,17.6,0.5,21.8,,,,,0.007,0.008,0.015,0.002,20.5,6.3,11
10/05/2024,19:00,130,1.9,18.9,0.6,21.8,,,,,0.006,0.008,0.014,0.009,17.2,5.6,10
10/05/2024,20:00,135,1.1,21.9,0.4,21.0,,,,,0.000,0.006,0.006,0.001,14.3,5.0,9
10/05/2024,21:00,142,1.2,17.2,0.4,20.5,,,,,0.000,0.010,0.011,0.001,15.1,4.9,9
10/05/2024,22:00,133,1.0,28.4,0.4,20.4,,,,,0.000,0.007,0.007,0.000,10.5,3.6,5
10/05/2024,23:00,140,1.1,22.3,0.4,20.2,,,,,0.001,0.014,0.015,0.000,10.6,3.9,6
11/05/2024,00:00,155,1.9,19.9,0.7,19.8,,,,,0.000,0.007,0.007,0.000,11.6,3.7,5
11/05/2024,01:00,158,3.0,17.5,1.0,20.2,,,,,0.002,0.004,0.006,0.001,22.4,5.3,6
11/05/2024,02:00,164,1.2,37.5,0.6,19.7,,,,,0.000,0.003,0.003,0.000,15.1,4.1,5
11/05/2024,03:00,222,0.7,43.1,0.5,19.2,,,,,0.000,0.003,0.004,0.001,11.3,3.7,5
11/05/2024,04:00,231,0.9,43.9,0.6,19.0,,,,,0.001,0.004,0.005,0.001,10.9,3.7,5
11/05/2024,05:00,247,0.8,42.9,0.4,18.7,,,,,0.001,0.005,0.005,0.001,9.3,3.7,5
11/05/2024,06:00,262,1.2,34.8,0.4,18.9,,,,,0.001,0.004,0.005,0.001,9.4,3.6,5
11/05/2024,07:00,256,1.4,21.5,0.5,19.4,,,,,0.002,0.004,0.006,0.001,8.9,3.4,5
11/05/2024,08:00,244,1.3,22.7,0.5,21.0,,,,,0.002,0.003,0.005,0.001,10.2,3.5,5
11/05/2024,09:00,136,2.0,21.6,0.7,23.5,,,,,0.008,0.011,0.019,0.002,15.0,4.1,7
11/05/2024,10:00,98,2.9,18.4,0.8,25.4,,,,,0.017,0.012,0.029,0.012,13.2,4.1,6
11/05/2024,11:00,92,3.2,18.3,0.9,26.2,,,,,0.007,0.007,0.013,0.006,15.2,4.4,7
11/05/2024,12:00,70,3.1,19.7,0.9,26.4,,,,,0.003,0.004,0.007,0.001,12.9,4.0,7
11/05/2024,13:00,68,3.6,15.9,1.0,25.7,,,,,0.002,0.002,0.005,0.001,13.3,4.2,7
11/05/2024,14:00,72,2.9,15.6,0.8,25.4,,,,,0.001,0.002,0.002,0.001,12.3,4.2,7
11/05/2024,15:00,76,3.0,16.0,0.8,25.4,,,,,0.010,0.003,0.013,0.001,12.9,4.3,8
11/05/2024,16:00,81,2.5,15.3,0.7,24.4,,,,,0.000,0.003,0.003,0.001,16.4,4.8,8
11/05/2024,17:00,91,1.6,13.9,0.5,22.7,,,,,0.000,0.002,0.002,0.000,16.2,5.0,9
11/05/2024,18:00,98,1.1,21.9,0.4,21.9,,,,,0.000,0.004,0.004,0.000,16.8,5.5,10
11/05/2024,19:00,111,0.9,16.6,0.3,21.5,,,,,0.000,0.011,0.011,0.000,17.8,5.2,10
11/05/2024,20:00,236,0.2,34.4,0.1,19.8,,,,,0.005,0.012,0.017,0.000,14.5,5.0,9
11/05/2024,21:00,195,0.4,43.0,0.3,19.4,,,,,0.003,0.012,0.015,0.000,15.4,5.3,10
11/05/2024,22:00,222,0.2,57.3,0.2,18.8,,,,,0.003,0.011,0.014,0.000,12.9,4.6,9
11/05/2024,23:00,250,0.2,49.4,0.2,18.2,,,,,0.003,0.009,0.011,0.000,11.7,4.2,8
12/05/2024,00:00,263,0.6,40.4,0.2,18.3,,,,,0.003,0.007,0.010,0.000,12.5,4.6,9
12/05/2024,01:00,289,1.5,13.4,0.3,18.3,,,,,0.001,0.006,0.007,0.001,12.4,4.6,6
12/05/2024,02:00,273,1.8,13.5,0.4,18.1,,,,,0.001,0.005,0.006,0.000,11.6,4.6,7
12/05/2024,03:00,264,2.0,12.8,0.5,18.3,,,,,0.001,0.003,0.003,0.000,10.9,4.3,7
12/05/2024,04:00,255,2.4,11.0,0.5,18.3,,,,,0.001,0.003,0.003,0.000,10.4,4.2,7
12/05/2024,05:00,254,2.3,10.7,0.5,17.9,,,,,0.002,0.004,0.006,0.000,10.9,4.0,6
12/05/2024,06:00,255,2.3,13.7,0.6,17.8,,,,,0.002,0.005,0.007,0.000,9.9,3.9,6
12/05/2024,07:00,254,2.9,11.6,0.6,19.2,,,,,0.002,0.003,0.005,0.000,11.9,3.9,6
12/05/2024,08:00,246,2.7,12.7,0.6,21.6,,,,,0.002,0.002,0.003,0.000,11.9,3.9,6
12/05/2024,09:00,278,1.8,24.8,0.6,24.1,,,,,0.015,0.005,0.020,0.004,13.7,4.1,7
12/05/2024,10:00,100,1.4,43.1,0.7,26.7,,,,,0.063,0.024,0.087,0.038,13.8,4.2,7
12/05/2024,11:00,61,2.8,16.4,0.7,26.4,,,,,0.006,0.008,0.014,0.009,13.3,4.3,8
12/05/2024,12:00,70,2.8,16.1,0.6,26.7,,,,,0.005,0.007,0.012,0.008,13.8,4.2,7
12/05/2024,13:00,75,3.2,12.9,0.7,26.5,,,,,0.001,0.003,0.004,0.005,12.5,4.4,8
12/05/2024,14:00,79,3.2,14.7,0.8,26.4,,,,,0.005,0.003,0.009,0.002,12.9,4.0,7
12/05/2024,15:00,87,2.7,15.4,0.7,26.1,,,,,0.002,0.003,0.004,0.002,10.9,3.8,6
12/05/2024,16:00,75,1.7,16.0,0.4,25.3,,,,,0.005,0.005,0.010,0.001,10.5,3.8,6
12/05/2024,17:00,63,0.7,20.5,0.2,22.6,,,,,0.000,0.001,0.001,0.001,10.3,3.7,6
12/05/2024,18:00,288,0.4,22.6,0.1,20.4,,,,,0.002,0.006,0.008,0.000,12.0,4.1,7
12/05/2024,19:00,296,0.6,16.7,0.1,19.1,,,,,0.007,0.009,0.015,0.000,11.4,3.6,6
12/05/2024,20:00,298,0.9,9.8,0.2,18.7,,,,,0.003,0.008,0.011,0.000,10.2,3.4,5
12/05/2024,21:00,298,1.1,9.7,0.2,18.4,,,,,0.001,0.005,0.006,0.000,9.0,3.4,5
12/05/2024,22:00,283,1.6,9.7,0.3,18.8,,,,,0.001,0.007,0.008,0.000,9.7,3.7,6
12/05/2024,23:00,282,1.3,10.9,0.2,19.0,,,,,0.001,0.007,0.007,0.000,10.5,3.9,7
13/05/2024,00:00,290,1.4,10.5,0.3,18.4,,,,,0.002,0.007,0.009,0.000,10.1,3.8,6
13/05/2024,01:00,279,1.6,11.1,0.3,18.3,,,,,0.001,0.005,0.005,0.001,9.8,3.8,5
13/05/2024,02:00,274,1.8,11.8,0.3,18.0,,,,,0.002,0.005,0.007,0.000,9.9,3.7,6
13/05/2024,03:00,257,2.2,11.1,0.4,18.2,,,,,0.001,0.003,0.004,0.000,10.0,3.7,6
13/05/2024,04:00,254,2.0,17.5,0.5,18.1,,,,,0.001,0.003,0.004,0.000,10.8,3.9,7
13/05/2024,05:00,253,2.5,11.1,0.6,18.0,,,,,0.004,0.006,0.010,0.000,9.6,3.8,7
13/05/2024,06:00,252,2.8,10.1,0.5,18.0,,,,,0.004,0.006,0.010,0.000,9.5,3.9,7
13/05/2024,07:00,251,3.1,10.5,0.6,19.1,,,,,0.004,0.004,0.008,0.001,9.6,3.8,7
13/05/2024,08:00,260,2.1,24.1,0.6,21.6,,,,,0.004,0.003,0.007,0.001,16.9,4.0,7
13/05/2024,09:00,163,1.3,35.6,0.7,24.4,,,,,0.009,0.005,0.014,0.007,17.1,4.4,9
13/05/2024,10:00,117,1.7,27.9,0.7,26.2,,,,,0.003,0.004,0.007,0.002,12.9,4.0,7
13/05/2024,11:00,81,2.4,22.6,0.8,26.4,,,,,0.010,0.010,0.020,0.010,13.7,4.1,7
13/05/2024,12:00,71,2.6,17.3,0.6,26.7,,,,,0.007,0.008,0.015,0.010,12.4,4.4,9
13/05/2024,13:00,70,3.1,14.2,0.8,26.7,,,,,0.002,0.004,0.006,0.007,11.7,4.1,7
13/05/2024,14:00,86,3.2,14.2,0.7,26.8,,,,,0.001,0.002,0.002,0.008,11.8,4.3,9
13/05/2024,15:00,86,2.6,14.3,0.6,26.0,,,,,0.000,0.001,0.001,0.002,11.5,5.1,7
13/05/2024,16:00,69,1.4,21.1,0.5,25.1,,,,,0.000,0.000,0.000,0.001,9.0,3.7,6
13/05/2024,17:00,11,0.1,39.7,0.1,22.2,,,,,0.001,0.004,0.004,0.000,12.2,4.3,8
13/05/2024,18:00,273,0.3,25.9,0.1,19.9,,,,,0.013,0.014,0.027,0.001,17.7,5.4,11
13/05/2024,19:00,293,0.8,11.1,0.2,18.9,,,,,0.026,0.013,0.039,0.001,15.4,4.8,11
13/05/2024,20:00,291,0.9,11.4,0.2,19.4,,,,,0.011,0.011,0.021,0.000,13.0,4.8,12
13/05/2024,21:00,281,0.8,16.0,0.2,20.0,,,,,0.001,0.007,0.008,0.000,11.5,4.2,8
13/05/2024,22:00,273,1.1,24.4,0.3,19.7,,,,,0.001,0.005,0.006,0.000,12.5,4.5,9
13/05/2024,23:00,285,1.2,22.3,0.4,19.0,,,,,0.001,0.006,0.007,0.000,10.8,4.4,9
14/05/2024,00:00,270,1.6,18.8,0.5,18.7,,,,,0.001,0.007,0.008,0.000,9.9,4.3,9
14/05/2024,01:00,194,1.0,33.1,0.7,19.6,,,,,0.001,0.006,0.007,0.001,16.4,4.4,7
14/05/2024,02:00,241,1.7,31.0,0.7,18.4,,,,,0.001,0.003,0.004,0.000,10.4,3.5,5
14/05/2024,03:00,256,1.6,25.5,0.6,17.6,,,,,0.000,0.003,0.003,0.001,8.1,3.0,4
14/05/2024,04:00,255,2.8,11.3,0.6,16.9,,,,,0.001,0.003,0.004,0.001,7.6,2.6,3
14/05/2024,05:00,259,2.3,14.4,0.6,16.3,,,,,0.003,0.005,0.008,0.000,7.7,2.7,4
14/05/2024,06:00,259,1.9,20.3,0.5,16.2,,,,,0.003,0.006,0.009,0.000,9.7,3.1,4
14/05/2024,07:00,260,1.5,22.4,0.5,17.9,,,,,0.004,0.005,0.009,0.001,15.9,4.1,5
14/05/2024,08:00,225,0.5,31.6,0.4,21.0,,,,,0.002,0.004,0.006,0.000,19.9,4.5,6
14/05/2024,09:00,130,1.9,20.6,0.6,23.0,,,,,0.010,0.011,0.020,0.000,21.3,5.2,8
14/05/2024,10:00,124,2.2,25.3,0.8,24.2,,,,,0.002,0.004,0.006,0.000,11.8,3.4,5
14/05/2024,11:00,86,2.7,21.2,0.9,25.2,,,,,0.004,0.007,0.010,0.003,10.7,3.5,5
14/05/2024,12:00,56,3.1,18.7,1.0,25.1,,,,,0.003,0.006,0.009,0.005,15.9,4.0,6
14/05/2024,13:00,65,3.6,16.4,1.1,25.5,,,,,0.001,0.003,0.004,0.003,11.8,3.7,6
14/05/2024,14:00,75,4.1,15.1,1.2,25.2,,,,,0.003,0.003,0.006,0.001,12.0,3.6,5
14/05/2024,15:00,80,3.6,16.3,1.0,24.5,,,,,0.001,0.003,0.004,0.001,11.8,3.8,6
14/05/2024,16:00,87,3.1,14.9,0.9,23.7,,,,,0.000,0.001,0.002,0.000,12.6,3.9,6
14/05/2024,17:00,105,2.1,17.6,0.7,22.1,,,,,0.000,0.002,0.002,0.001,12.9,3.6,5
14/05/2024,18:00,122,1.6,15.6,0.5,21.5,,,,,0.013,0.022,0.034,0.010,13.1,4.6,9
14/05/2024,19:00,143,1.1,15.4,0.3,20.4,,,,,0.001,0.013,0.014,0.003,18.2,4.5,9
14/05/2024,20:00,154,1.2,16.3,0.4,20.0,,,,,0.001,0.009,0.010,0.001,27.2,4.8,9
14/05/2024,21:00,150,1.4,17.5,0.5,19.8,,,,,0.001,0.008,0.009,0.000,27.4,4.8,9
14/05/2024,22:00,152,1.6,19.3,0.5,20.1,,,,,0.000,0.004,0.004,0.000,29.2,5.1,9
14/05/2024,23:00,157,1.5,17.2,0.5,20.0,,,,,0.000,0.006,0.006,0.000,21.2,5.2,11
15/05/2024,00:00,151,1.4,19.4,0.5,20.0,,,,,0.000,0.005,0.005,0.000,28.0,5.8,11
15/05/2024,01:00,155,1.7,21.9,0.7,19.9,,,,,0.000,0.002,0.002,0.001,24.1,7.5,16
15/05/2024,02:00,162,1.7,23.2,0.7,19.9,,,,,0.000,0.003,0.003,0.000,29.2,11.2,27
15/05/2024,03:00,169,1.5,36.3,0.8,19.5,,,,,0.001,0.004,0.005,0.000,27.8,9.9,22
15/05/2024,04:00,171,1.4,40.4,0.7,19.9,,,,,0.001,0.004,0.004,0.000,24.7,7.2,16
15/05/2024,05:00,163,2.1,29.1,0.9,20.2,,,,,0.001,0.005,0.006,0.000,23.0,7.1,15
15/05/2024,06:00,160,1.8,26.0,0.7,20.5,,,,,0.001,0.006,0.007,0.000,24.2,6.6,15
15/05/2024,07:00,162,1.5,24.1,0.6,20.9,,,,,0.002,0.006,0.008,0.000,22.3,6.7,15
15/05/2024,08:00,167,1.5,29.6,0.6,21.8,,,,,0.003,0.007,0.009,0.000,26.0,7.8,19
15/05/2024,09:00,128,2.6,17.9,0.9,22.8,,,,,0.003,0.005,0.008,0.000,21.8,7.7,18
15/05/2024,10:00,126,3.6,15.4,1.0,24.0,,,,,0.002,0.004,0.007,0.003,22.1,7.2,15
15/05/2024,11:00,104,4.7,15.9,1.4,25.0,,,,,0.016,0.016,0.032,0.013,24.2,8.8,20
15/05/2024,12:00,104,5.4,15.8,1.6,25.1,,,,,0.007,0.007,0.014,0.006,23.8,6.6,11
15/05/2024,13:00,110,4.7,16.1,1.3,25.6,,,,,0.011,0.012,0.023,0.010,20.0,7.3,14
15/05/2024,14:00,106,4.8,15.3,1.3,25.0,,,,,0.002,0.003,0.005,0.002,22.1,6.8,11
15/05/2024,15:00,107,4.7,14.5,1.3,24.6,,,,,0.005,0.003,0.008,0.002,20.7,6.7,11
15/05/2024,16:00,109,4.4,15.9,1.3,24.2,,,,,0.005,0.007,0.012,0.004,21.8,7.0,12
15/05/2024,17:00,111,3.4,15.2,1.0,23.5,,,,,0.047,0.022,0.070,0.022,25.7,8.2,17
15/05/2024,18:00,117,3.2,17.2,1.0,23.3,,,,,0.005,0.014,0.018,0.014,21.6,7.5,14
15/05/2024,19:00,120,2.5,17.6,0.7,22.6,,,,,0.004,0.008,0.012,0.009,21.4,7.3,13
15/05/2024,20:00,131,2.1,17.3,0.7,22.0,,,,,0.007,0.009,0.016,0.013,20.5,6.8,13
15/05/2024,21:00,134,2.5,16.3,0.8,21.5,,,,,0.000,0.003,0.003,0.001,17.6,6.2,11
15/05/2024,22:00,133,1.7,21.9,0.6,20.9,,,,,0.000,0.004,0.004,0.001,16.2,6.2,14
15/05/2024,23:00,137,1.7,21.7,0.6,20.5,,,,,0.000,0.011,0.012,0.001,16.2,6.1,15
16/05/2024,00:00,144,1.6,20.8,0.6,20.3,,,,,0.000,0.009,0.010,0.000,15.1,5.5,12
16/05/2024,01:00,153,1.9,19.6,0.7,20.1,,,,,0.000,0.002,0.003,0.001,14.3,5.2,7
16/05/2024,02:00,160,2.1,19.9,0.8,20.1,,,,,0.000,0.003,0.003,0.000,21.4,6.9,12
16/05/2024,03:00,157,1.5,21.9,0.6,20.0,,,,,0.000,0.003,0.003,0.000,17.2,7.1,14
16/05/2024,04:00,155,1.8,20.2,0.7,20.3,,,,,0.000,0.005,0.005,0.000,19.4,8.3,17
16/05/2024,05:00,159,1.5,20.0,0.5,20.3,,,,,0.001,0.009,0.010,0.000,19.0,8.5,20
16/05/2024,06:00,131,1.9,17.6,0.6,20.3,,,,,0.016,0.013,0.029,0.001,17.2,7.7,19
16/05/2024,07:00,143,2.3,19.9,0.9,21.0,,,,,0.001,0.005,0.006,0.002,15.0,5.2,10
16/05/2024,08:00,131,3.0,19.8,1.1,22.2,,,,,0.005,0.005,0.010,0.001,12.5,4.6,9
16/05/2024,09:00,145,2.4,19.7,0.8,23.3,,,,,0.002,0.005,0.008,0.000,13.1,4.6,8
16/05/2024,10:00,133,2.8,21.4,0.9,23.6,,,,,0.002,0.006,0.008,0.000,15.4,5.2,10
16/05/2024,11:00,122,4.0,16.8,1.3,24.6,,,,,,,,,,,
16/05/2024,12:00,109,4.5,18.1,1.3,25.3,,,,,,,,,,,
16/05/2024,13:00,106,4.3,16.9,1.3,25.0,,,,,0.016,0.012,0.028,0.010,14.3,5.0,8
16/05/2024,14:00,104,4.0,16.5,1.2,24.3,,,,,0.014,0.012,0.026,0.008,15.5,4.9,8
16/05/2024,15:00,108,4.0,15.9,1.2,24.0,,,,,0.027,0.016,0.042,0.015,16.9,5.7,10
16/05/2024,16:00,108,3.5,14.5,1.0,23.4,,,,,0.020,0.014,0.033,0.007,16.3,5.7,11
16/05/2024,17:00,120,3.3,16.7,1.0,22.3,,,,,0.006,0.011,0.018,0.010,13.6,4.8,8
16/05/2024,18:00,125,3.2,16.2,0.9,21.4,,,,,0.000,0.001,0.001,0.002,11.3,4.2,7
16/05/2024,19:00,142,2.3,17.4,0.7,20.5,,,,,0.000,0.007,0.007,0.001,14.4,4.2,8
16/05/2024,20:00,155,2.3,19.0,0.7,20.2,,,,,0.000,0.008,0.008,0.001,26.2,5.3,11
16/05/2024,21:00,148,2.2,17.6,0.7,20.1,,,,,0.000,0.003,0.003,0.001,17.1,4.5,7
16/05/2024,22:00,157,2.4,18.6,0.8,20.7,,,,,0.000,0.002,0.002,0.000,24.7,5.2,9
16/05/2024,23:00,152,1.9,20.6,0.7,20.5,,,,,0.000,0.002,0.002,0.000,28.7,5.2,9
17/05/2024,00:00,160,2.3,21.4,0.8,20.4,,,,,0.001,0.007,0.008,0.000,32.6,6.9,13
17/05/2024,01:00,161,1.9,21.3,0.7,20.0,,,,,0.000,0.003,0.004,0.001,23.7,6.0,9
17/05/2024,02:00,233,1.2,17.7,0.5,18.5,,,,,0.000,0.002,0.002,0.000,18.8,5.2,8
17/05/2024,03:00,162,2.1,26.2,0.9,19.6,,,,,0.001,0.004,0.004,0.000,24.3,6.1,10
17/05/2024,04:00,170,1.7,34.2,0.9,19.0,,,,,0.001,0.005,0.006,0.000,29.6,6.4,11
17/05/2024,05:00,255,1.4,27.1,0.6,17.4,,,,,0.003,0.006,0.009,0.000,13.5,5.1,9
17/05/2024,06:00,265,2.0,16.6,0.5,17.1,,,,,0.002,0.006,0.008,0.000,14.0,5.1,10
17/05/2024,07:00,270,1.5,22.5,0.5,18.6,,,,,0.002,0.004,0.006,0.000,19.3,5.3,10
17/05/2024,08:00,164,1.7,35.4,0.9,21.7,,,,,0.003,0.005,0.009,0.001,33.0,6.1,11
17/05/2024,09:00,163,2.1,28.0,0.8,23.2,,,,,0.010,0.008,0.019,0.007,29.1,5.8,12
17/05/2024,10:00,157,2.7,21.1,0.9,24.3,,,,,0.001,0.001,0.002,0.001,20.6,4.9,8
17/05/2024,11:00,134,2.0,30.4,0.8,25.6,,,,,0.001,0.002,0.004,0.001,18.1,4.8,8
17/05/2024,12:00,117,1.8,28.9,0.8,25.6,,,,,0.001,0.001,0.002,0.001,14.1,4.4,6
17/05/2024,13:00,71,2.5,26.3,0.9,25.2,,,,,0.002,0.004,0.006,0.002,13.7,4.5,7
17/05/2024,14:00,59,2.7,17.6,0.8,24.9,,,,,0.001,0.001,0.002,0.001,13.3,4.3,7
17/05/2024,15:00,64,2.6,17.3,0.8,25.3,,,,,0.002,0.003,0.004,0.001,12.5,4.5,7
17/05/2024,16:00,81,2.5,14.6,0.7,23.6,,,,,0.002,0.003,0.005,0.001,16.7,4.9,9
17/05/2024,17:00,46,0.3,21.4,0.3,21.4,,,,,0.007,0.010,0.017,0.001,16.4,4.9,9
17/05/2024,18:00,292,0.7,11.3,0.2,19.1,,,,,0.023,0.020,0.044,0.001,18.4,5.5,11
17/05/2024,19:00,295,1.0,8.4,0.2,18.0,,,,,0.015,0.016,0.031,0.000,14.7,4.8,10
17/05/2024,20:00,294,1.1,8.5,0.2,17.6,,,,,0.007,0.014,0.021,0.000,11.6,4.4,9
17/05/2024,21:00,295,1.1,10.5,0.2,17.3,,,,,0.005,0.012,0.018,0.000,11.8,4.4,8
17/05/2024,22:00,300,0.9,15.0,0.2,16.5,,,,,0.006,0.010,0.016,0.000,10.5,4.1,8
17/05/2024,23:00,266,0.7,27.2,0.3,16.8,,,,,0.003,0.008,0.012,0.000,11.2,4.0,7
18/05/2024,00:00,278,0.7,43.6,0.3,17.1,,,,,0.002,0.008,0.010,0.000,12.0,4.0,7
18/05/2024,01:00,290,1.4,13.8,0.3,16.2,,,,,0.003,0.008,0.011,0.001,11.0,4.0,6
18/05/2024,02:00,267,1.4,15.6,0.4,16.2,,,,,0.001,0.005,0.006,0.000,11.2,4.0,7
18/05/2024,03:00,260,2.7,9.7,0.5,16.1,,,,,0.001,0.005,0.005,0.000,9.4,3.8,6
18/05/2024,04:00,252,2.7,8.9,0.5,16.4,,,,,0.002,0.004,0.006,0.000,9.1,3.7,6
18/05/2024,05:00,264,2.4,6.5,0.3,15.5,,,,,0.007,0.006,0.013,0.000,8.4,3.6,6
18/05/2024,06:00,309,0.7,34.0,0.4,14.7,,,,,0.005,0.007,0.012,0.000,10.4,3.7,6
18/05/2024,07:00,259,0.4,36.6,0.4,17.4,,,,,0.002,0.004,0.006,0.000,10.4,4.0,8
18/05/2024,08:00,226,2.4,23.1,0.8,20.2,,,,,0.001,0.002,0.003,0.001,13.4,3.6,5
18/05/2024,09:00,213,3.7,17.9,1.1,21.9,,,,,0.004,0.005,0.009,0.004,11.7,2.9,4
18/05/2024,10:00,151,3.0,24.9,1.0,23.7,,,,,0.006,0.006,0.012,0.007,20.0,3.5,4
18/05/2024,11:00,158,3.0,24.9,1.1,25.1,,,,,0.003,0.003,0.006,0.004,18.3,3.0,4
18/05/2024,12:00,171,2.8,23.7,1.1,26.0,,,,,0.005,0.007,0.012,0.006,22.4,3.5,4
18/05/2024,13:00,176,3.4,22.7,1.2,27.0,,,,,0.007,0.007,0.014,0.009,32.4,3.9,4
18/05/2024,14:00,152,3.0,22.0,1.1,27.2,,,,,0.002,0.003,0.005,0.002,26.5,3.5,4
18/05/2024,15:00,155,2.6,22.4,0.9,27.3,,,,,0.005,0.004,0.009,0.001,19.1,3.6,4
18/05/2024,16:00,140,2.3,14.7,0.7,26.5,,,,,0.001,0.003,0.003,0.000,12.6,3.7,5
18/05/2024,17:00,170,0.6,28.8,0.4,23.2,,,,,0.001,0.008,0.010,0.001,24.4,5.6,11
18/05/2024,18:00,308,0.9,21.9,0.3,18.4,,,,,0.002,0.012,0.014,0.000,11.6,4.3,8
18/05/2024,19:00,249,1.7,14.2,0.4,18.4,,,,,0.002,0.009,0.011,0.000,12.4,4.7,10
18/05/2024,20:00,225,3.4,12.5,0.8,21.7,,,,,0.002,0.002,0.004,0.000,15.0,4.9,9
18/05/2024,21:00,221,3.1,13.3,0.8,21.2,,,,,0.001,0.001,0.002,0.000,14.0,4.6,8
18/05/2024,22:00,215,3.4,13.0,0.9,20.6,,,,,0.000,0.001,0.001,0.000,16.1,4.5,8
18/05/2024,23:00,217,3.8,12.0,0.9,19.5,,,,,0.000,0.003,0.003,0.000,19.0,4.6,8
19/05/2024,00:00,223,4.2,12.8,1.0,18.4,,,,,0.000,0.001,0.001,0.000,18.1,4.8,9
19/05/2024,01:00,220,5.0,13.4,1.2,17.8,,,,,0.002,0.005,0.007,0.002,18.0,4.2,7
19/05/2024,02:00,211,5.5,12.7,1.4,16.9,,,,,0.007,0.009,0.016,0.005,35.3,4.7,7
19/05/2024,03:00,228,3.3,11.9,0.8,15.8,,,,,0.001,0.002,0.003,0.001,13.4,3.3,4
19/05/2024,04:00,220,1.8,17.8,0.6,14.8,,,,,0.001,0.003,0.005,0.000,13.9,3.6,5
19/05/2024,05:00,232,3.0,15.9,0.8,13.9,,,,,0.003,0.007,0.009,0.001,15.6,4.4,7
19/05/2024,06:00,223,3.3,12.8,0.9,13.9,,,,,0.001,0.001,0.002,0.000,14.2,4.5,7
19/05/2024,07:00,197,1.7,31.2,0.8,15.0,,,,,0.006,0.008,0.014,0.001,40.3,6.1,10
19/05/2024,08:00,194,2.6,21.5,0.9,16.3,,,,,0.005,0.006,0.012,0.004,20.8,5.4,9
19/05/2024,09:00,184,2.5,21.8,1.0,18.1,,,,,0.009,0.008,0.017,0.005,17.4,4.9,8
19/05/2024,10:00,162,3.4,21.5,1.3,20.0,,,,,0.004,0.005,0.008,0.003,22.7,4.7,7
19/05/2024,11:00,167,3.6,24.7,1.2,21.8,,,,,0.004,0.005,0.009,0.003,27.6,4.6,7
19/05/2024,12:00,159,3.8,22.2,1.3,22.7,,,,,0.002,0.003,0.004,0.001,23.2,4.1,6
19/05/2024,13:00,157,3.4,23.2,1.3,23.6,,,,,0.002,0.003,0.005,0.000,24.5,4.1,5
19/05/2024,14:00,145,3.6,18.6,1.1,24.0,,,,,0.001,0.002,0.003,0.000,11.6,3.1,4
19/05/2024,15:00,154,2.8,21.4,0.8,24.1,,,,,0.002,0.004,0.006,0.001,14.4,3.5,5
19/05/2024,16:00,148,2.4,18.7,0.8,23.5,,,,,0.001,0.004,0.006,0.001,24.9,3.8,5
19/05/2024,17:00,141,1.1,34.0,0.4,20.4,,,,,0.000,0.007,0.007,0.000,18.3,3.5,5
19/05/2024,18:00,233,1.5,27.2,0.6,18.4,,,,,0.001,0.008,0.009,0.001,12.2,3.6,6
19/05/2024,19:00,228,1.8,17.3,0.6,17.6,,,,,0.004,0.009,0.013,0.001,12.3,3.5,5
19/05/2024,20:00,260,2.2,11.3,0.4,14.9,,,,,0.002,0.008,0.010,0.000,9.2,3.0,4
19/05/2024,21:00,236,2.8,13.1,0.7,18.2,,,,,0.001,0.004,0.005,0.000,8.6,3.0,4
19/05/2024,22:00,226,3.7,15.3,1.0,19.1,,,,,0.001,0.001,0.002,0.000,8.8,2.6,3
19/05/2024,23:00,228,3.7,13.5,0.9,18.2,,,,,0.001,0.002,0.004,0.001,8.6,2.5,3
20/05/2024,00:00,224,3.8,11.8,0.9,17.6,,,,,0.003,0.005,0.007,0.002,8.6,2.4,2
20/05/2024,01:00,221,3.8,13.9,0.9,17.0,,,,,0.003,0.006,0.009,0.002,8.7,2.1,2
20/05/2024,02:00,219,3.7,14.4,1.0,16.5,,,,,0.004,0.007,0.011,0.003,12.1,2.2,3
20/05/2024,03:00,234,3.5,15.5,1.0,15.2,,,,,0.002,0.003,0.004,0.001,10.0,2.0,2
20/05/2024,04:00,249,3.6,10.9,0.7,14.0,,,,,0.001,0.003,0.004,0.001,10.9,2.1,2
20/05/2024,05:00,261,3.4,7.6,0.5,13.1,,,,,0.002,0.006,0.008,0.001,9.3,2.2,3
20/05/2024,06:00,241,3.5,9.5,0.7,13.5,,,,,0.002,0.005,0.007,0.001,10.7,2.6,3
20/05/2024,07:00,238,3.5,11.3,0.8,14.7,,,,,0.002,0.004,0.006,0.001,17.4,3.4,4
20/05/2024,08:00,237,4.1,13.1,1.0,16.5,,,,,0.001,0.002,0.003,0.001,21.2,3.5,4
20/05/2024,09:00,241,3.5,15.8,0.9,18.7,,,,,0.002,0.002,0.004,0.001,13.5,3.1,4
20/05/2024,10:00,187,1.6,29.4,0.7,21.7,,,,,0.002,0.003,0.005,0.002,11.0,2.8,3
20/05/2024,11:00,132,1.7,33.0,0.7,23.8,,,,,0.003,0.005,0.008,0.001,16.4,5.7,5
20/05/2024,12:00,88,2.4,20.2,0.7,24.3,,,,,0.007,0.010,0.017,0.005,12.2,3.5,4
20/05/2024,13:00,56,2.4,18.9,0.7,24.4,,,,,0.006,0.011,0.018,0.009,12.3,2.9,3
20/05/2024,14:00,58,2.4,20.1,0.7,24.3,,,,,0.009,0.013,0.022,0.012,11.7,2.6,4
20/05/2024,15:00,81,2.7,12.7,0.7,24.0,,,,,0.007,0.010,0.016,0.007,12.8,2.5,3
20/05/2024,16:00,88,1.7,13.4,0.4,22.9,,,,,0.000,0.001,0.001,0.001,11.4,2.4,3
20/05/2024,17:00,280,0.7,20.9,0.2,18.2,,,,,0.032,0.018,0.050,0.001,26.7,5.3,9
20/05/2024,18:00,304,1.0,9.4,0.2,15.1,,,,,0.019,0.020,0.039,0.001,16.3,4.2,7
20/05/2024,19:00,304,1.1,10.2,0.2,14.1,,,,,0.007,0.016,0.023,0.000,12.3,3.2,5
20/05/2024,20:00,285,1.6,9.4,0.3,13.9,,,,,0.003,0.013,0.017,0.001,13.9,3.5,5
20/05/2024,21:00,284,1.3,12.6,0.2,14.0,,,,,0.002,0.012,0.014,0.001,12.6,3.5,5
20/05/2024,22:00,272,2.0,11.5,0.4,13.3,,,,,0.003,0.013,0.016,0.001,12.7,3.7,5
20/05/2024,23:00,261,1.6,19.5,0.4,13.6,,,,,0.002,0.011,0.013,0.001,11.7,3.6,5
21/05/2024,00:00,264,2.5,11.2,0.4,13.2,,,,,0.001,0.011,0.012,0.001,10.5,3.3,5
21/05/2024,01:00,255,3.2,10.6,0.7,13.4,,,,,0.000,0.008,0.009,0.002,10.3,3.2,4
21/05/2024,02:00,257,4.0,8.4,0.6,13.4,,,,,0.000,0.005,0.005,0.001,11.4,2.5,3
21/05/2024,03:00,261,3.3,8.0,0.5,13.3,,,,,0.001,0.004,0.005,0.001,8.3,2.1,3
21/05/2024,04:00,256,3.2,7.7,0.5,13.1,,,,,0.001,0.004,0.006,0.001,8.7,2.2,3
21/05/2024,05:00,252,3.3,8.5,0.6,12.9,,,,,0.004,0.007,0.010,0.001,11.1,2.9,3
21/05/2024,06:00,252,3.7,10.0,0.7,12.6,,,,,0.002,0.006,0.009,0.001,10.8,2.6,3
21/05/2024,07:00,258,3.9,8.9,0.7,14.0,,,,,0.002,0.004,0.007,0.001,11.8,2.7,3
21/05/2024,08:00,258,4.0,10.4,0.7,16.6,,,,,0.002,0.003,0.005,0.000,20.0,3.3,4
21/05/2024,09:00,209,1.3,24.2,0.7,20.5,,,,,0.002,0.004,0.006,0.001,23.8,4.1,6
21/05/2024,10:00,164,2.0,20.8,0.6,22.4,,,,,0.003,0.005,0.008,0.001,17.9,4.3,7
21/05/2024,11:00,127,2.3,25.3,0.9,23.7,,,,,0.003,0.005,0.008,0.002,15.1,3.9,5
21/05/2024,12:00,116,1.5,31.9,0.8,24.8,,,,,0.003,0.003,0.006,0.001,12.5,3.5,4
21/05/2024,13:00,69,3.3,15.8,1.0,23.8,,,,,0.001,0.002,0.003,0.001,10.6,3.4,4
21/05/2024,14:00,69,2.6,18.1,0.9,23.2,,,,,0.002,0.005,0.007,0.001,10.8,3.3,5
21/05/2024,15:00,78,3.1,15.8,0.9,23.2,,,,,0.001,0.004,0.004,0.001,12.9,4.1,5
21/05/2024,16:00,85,2.3,17.4,0.7,22.6,,,,,0.000,0.003,0.003,0.001,16.9,4.6,6
21/05/2024,17:00,102,1.2,21.3,0.4,21.0,,,,,0.001,0.007,0.007,0.000,19.1,4.8,7
21/05/2024,18:00,277,0.5,19.2,0.1,17.8,,,,,0.020,0.025,0.045,0.001,27.2,6.2,13
21/05/2024,19:00,292,1.0,8.6,0.2,16.5,,,,,0.013,0.021,0.033,0.001,17.2,5.0,10
21/05/2024,20:00,280,0.6,25.9,0.2,15.8,,,,,0.016,0.018,0.033,0.001,15.4,4.7,8
21/05/2024,21:00,144,1.0,22.1,0.4,18.2,,,,,0.006,0.014,0.020,0.001,18.5,7.6,22
21/05/2024,22:00,139,1.3,18.3,0.4,19.2,,,,,0.000,0.009,0.010,0.001,18.8,7.5,22
21/05/2024,23:00,141,1.2,20.7,0.4,18.4,,,,,0.000,0.008,0.008,0.000,16.8,6.4,15
22/05/2024,00:00,166,1.9,22.4,0.7,18.3,,,,,0.000,0.003,0.003,0.000,54.1,10.9,18
22/05/2024,01:00,274,1.1,23.9,0.3,15.7,,,,,0.001,0.007,0.008,0.001,16.2,6.1,11
22/05/2024,02:00,283,1.5,13.9,0.3,15.2,,,,,0.000,0.004,0.004,0.000,13.3,5.6,10
22/05/2024,03:00,259,2.1,15.5,0.5,15.0,,,,,0.001,0.003,0.004,0.001,13.6,6.2,12
22/05/2024,04:00,253,1.9,20.8,0.5,14.7,,,,,0.000,0.003,0.003,0.000,14.1,6.5,13
22/05/2024,05:00,253,1.3,20.3,0.4,15.2,,,,,0.008,0.010,0.018,0.000,18.6,6.8,14
22/05/2024,06:00,271,1.6,26.3,0.5,14.8,,,,,0.002,0.008,0.010,0.000,17.0,6.3,13
22/05/2024,07:00,258,2.1,16.1,0.6,16.3,,,,,0.003,0.006,0.009,0.001,20.9,6.4,12
22/05/2024,08:00,212,1.8,20.7,0.8,19.2,,,,,0.004,0.006,0.010,0.002,17.7,5.5,10
22/05/2024,09:00,158,2.2,24.3,0.8,21.5,,,,,0.005,0.006,0.011,0.001,16.5,4.8,8
22/05/2024,10:00,131,1.8,32.9,0.8,23.7,,,,,0.003,0.007,0.010,0.001,14.2,4.3,7
22/05/2024,11:00,105,2.3,24.4,0.9,24.0,,,,,0.006,0.002,0.008,0.002,13.0,3.5,5
22/05/2024,12:00,62,3.4,17.2,1.0,23.5,,,,,0.002,0.005,0.007,0.004,13.7,4.0,6
22/05/2024,13:00,69,3.7,16.0,1.1,24.1,,,,,0.001,0.001,0.001,0.001,11.0,3.5,5
22/05/2024,14:00,68,3.4,17.9,1.0,24.0,,,,,0.000,0.001,0.001,0.001,9.6,3.3,5
22/05/2024,15:00,73,3.5,15.8,0.9,23.8,,,,,0.002,0.001,0.004,0.001,13.4,4.2,7
22/05/2024,16:00,88,3.1,17.6,1.0,22.7,,,,,0.000,0.003,0.003,0.001,15.3,4.6,7
22/05/2024,17:00,102,2.3,18.4,0.8,21.4,,,,,0.000,0.001,0.001,0.001,19.0,4.9,8
22/05/2024,18:00,107,2.2,16.0,0.7,20.9,,,,,0.000,0.004,0.004,0.002,15.0,4.7,8
22/05/2024,19:00,126,2.3,15.7,0.7,20.4,,,,,0.013,0.014,0.026,0.012,14.4,6.0,13
22/05/2024,20:00,135,2.1,16.4,0.7,19.9,,,,,0.000,0.007,0.007,0.002,13.1,5.6,17
22/05/2024,21:00,150,1.5,19.2,0.5,19.3,,,,,0.000,0.006,0.006,0.001,11.4,4.3,7
22/05/2024,22:00,155,1.8,17.4,0.6,19.0,,,,,0.000,0.003,0.003,0.000,12.9,3.9,5
22/05/2024,23:00,158,2.8,18.1,0.9,19.4,,,,,0.000,0.003,0.003,0.000,21.2,4.9,7
23/05/2024,00:00,157,2.3,29.1,1.0,19.0,,,,,0.000,0.004,0.005,0.000,34.7,6.6,10
23/05/2024,01:00,202,0.7,27.7,0.5,17.5,,,,,0.000,0.006,0.006,0.001,23.2,6.0,8
23/05/2024,02:00,288,1.1,27.2,0.3,16.3,,,,,0.000,0.003,0.003,0.001,12.7,4.8,8
23/05/2024,03:00,281,1.2,15.9,0.3,16.1,,,,,0.000,0.003,0.003,0.001,12.5,6.0,12
23/05/2024,04:00,265,1.5,18.4,0.4,16.3,,,,,0.000,0.005,0.005,0.001,14.0,6.3,13
23/05/2024,05:00,224,0.6,52.8,0.6,16.2,,,,,0.003,0.011,0.014,0.001,18.2,6.6,13
23/05/2024,06:00,202,0.8,42.7,0.7,17.0,,,,,0.002,0.008,0.010,0.000,23.2,6.5,12
23/05/2024,07:00,154,2.7,18.2,1.0,20.1,,,,,0.001,0.004,0.006,0.001,26.3,5.9,9
23/05/2024,08:00,158,3.2,18.2,1.0,20.9,,,,,0.001,0.003,0.004,0.000,21.1,4.9,7
23/05/2024,09:00,133,3.1,22.3,1.1,23.0,,,,,0.002,0.004,0.007,0.000,14.1,4.6,8
23/05/2024,10:00,123,4.1,18.3,1.2,23.7,,,,,0.001,0.002,0.002,0.000,13.1,3.9,5
23/05/2024,11:00,132,3.9,19.4,1.2,24.3,,,,,0.003,0.004,0.007,0.001,13.2,3.8,5
23/05/2024,12:00,117,2.9,19.4,1.0,24.7,,,,,0.002,0.003,0.005,0.003,13.1,3.8,5
23/05/2024,13:00,73,3.5,18.1,1.0,24.1,,,,,0.003,0.004,0.007,0.002,14.3,4.0,7
23/05/2024,14:00,79,3.7,15.7,1.0,23.9,,,,,0.003,0.003,0.006,0.001,13.0,5.0,9
23/05/2024,15:00,88,3.9,14.4,1.0,23.5,,,,,0.002,0.002,0.004,0.000,14.1,4.3,6
23/05/2024,16:00,98,3.0,16.1,1.0,23.2,,,,,0.000,0.001,0.001,0.000,13.4,4.2,5
23/05/2024,17:00,107,2.4,18.7,0.8,21.8,,,,,0.000,0.006,0.006,0.002,15.2,4.4,7
23/05/2024,18:00,115,2.4,18.1,0.8,21.2,,,,,0.001,0.005,0.006,0.002,12.2,4.5,8
23/05/2024,19:00,125,1.7,17.6,0.5,20.5,,,,,0.004,0.013,0.017,0.010,14.5,5.2,11
23/05/2024,20:00,133,1.8,18.8,0.6,20.1,,,,,0.000,0.006,0.007,0.006,15.3,7.6,20
23/05/2024,21:00,144,1.5,21.0,0.6,19.7,,,,,0.000,0.013,0.013,0.003,13.8,6.2,18
23/05/2024,22:00,162,1.6,22.8,0.6,19.5,,,,,0.001,0.003,0.003,0.001,19.3,5.2,10
23/05/2024,23:00,164,1.7,24.0,0.7,19.3,,,,,0.000,0.002,0.002,0.001,22.7,5.9,11
24/05/2024,00:00,159,2.2,18.4,0.7,19.1,,,,,0.000,0.001,0.001,0.000,16.8,5.3,10
24/05/2024,01:00,156,2.8,18.1,0.9,19.2,,,,,0.000,0.002,0.003,0.001,20.1,5.9,9
24/05/2024,02:00,158,2.6,20.0,0.9,19.1,,,,,0.000,0.002,0.002,0.000,17.7,5.9,10
24/05/2024,03:00,160,2.6,19.9,0.9,19.1,,,,,0.001,0.003,0.003,0.000,21.5,6.0,11
24/05/2024,04:00,171,2.0,33.6,0.9,19.1,,,,,0.001,0.004,0.005,0.000,22.0,6.4,12
24/05/2024,05:00,165,2.0,24.5,0.8,19.2,,,,,0.001,0.006,0.008,0.000,20.3,6.0,11
24/05/2024,06:00,161,2.6,19.3,0.9,19.3,,,,,0.001,0.005,0.006,0.000,19.0,5.6,9
24/05/2024,07:00,159,3.1,20.0,1.0,20.0,,,,,0.002,0.004,0.006,0.000,18.4,5.4,9
24/05/2024,08:00,142,2.8,20.6,0.9,21.5,,,,,0.003,0.007,0.010,0.000,14.9,5.5,11
24/05/2024,09:00,132,4.0,16.2,1.2,22.5,,,,,0.002,0.004,0.005,0.000,14.6,4.9,8
24/05/2024,10:00,128,4.0,17.2,1.2,23.6,,,,,0.002,0.003,0.005,0.001,14.1,4.3,6
24/05/2024,11:00,120,4.0,19.7,1.2,24.5,,,,,0.005,0.007,0.011,0.007,12.6,4.2,6
24/05/2024,12:00,132,3.6,17.5,1.1,24.5,,,,,0.002,0.004,0.006,0.004,15.6,5.0,9
24/05/2024,13:00,105,3.2,20.0,1.1,25.1,,,,,0.007,0.009,0.016,0.006,14.5,4.6,7
24/05/2024,14:00,73,3.7,15.6,1.1,24.2,,,,,0.002,0.004,0.006,0.002,15.5,4.7,7
24/05/2024,15:00,77,3.1,16.1,1.0,23.8,,,,,0.001,0.003,0.003,0.001,13.6,4.5,6
24/05/2024,16:00,94,3.1,15.2,0.9,22.7,,,,,0.002,0.004,0.006,0.001,16.1,5.0,7
24/05/2024,17:00,102,3.2,15.1,0.9,21.8,,,,,0.000,0.003,0.003,0.001,17.5,4.9,7
24/05/2024,18:00,113,2.5,15.9,0.8,21.1,,,,,0.015,0.014,0.029,0.008,14.3,4.7,7
24/05/2024,19:00,116,2.1,17.3,0.7,20.7,,,,,0.030,0.024,0.054,0.021,16.5,5.0,8
24/05/2024,20:00,151,2.0,17.7,0.7,20.9,,,,,0.000,0.006,0.006,0.004,17.9,6.2,14
24/05/2024,21:00,150,2.7,16.7,0.8,21.0,,,,,0.000,0.003,0.003,0.001,15.7,4.3,6
24/05/2024,22:00,150,2.4,17.8,0.8,20.9,,,,,0.000,0.001,0.002,0.001,15.3,4.0,5
24/05/2024,23:00,154,1.6,21.3,0.6,20.3,,,,,0.000,0.004,0.004,0.000,13.2,4.2,7
25/05/2024,00:00,155,2.3,18.6,0.7,20.4,,,,,0.000,0.001,0.002,0.000,14.2,3.8,5
25/05/2024,01:00,153,2.1,19.6,0.8,20.1,,,,,0.000,0.002,0.002,0.001,11.3,3.4,3
25/05/2024,02:00,154,2.1,18.4,0.8,19.9,,,,,0.000,0.002,0.002,0.000,10.3,3.3,4
25/05/2024,03:00,161,2.1,20.4,0.8,19.9,,,,,0.000,0.003,0.003,0.000,15.6,3.8,5
25/05/2024,04:00,252,1.1,28.6,0.5,18.2,,,,,0.000,0.004,0.004,0.001,9.6,3.4,4
25/05/2024,05:00,248,1.3,31.9,0.5,17.9,,,,,0.001,0.005,0.006,0.001,12.0,3.5,5
25/05/2024,06:00,159,2.2,23.8,0.8,19.3,,,,,0.001,0.005,0.006,0.000,25.6,4.6,6
25/05/2024,07:00,241,0.7,48.7,0.5,18.8,,,,,0.004,0.004,0.008,0.000,29.1,3.9,5
25/05/2024,08:00,157,1.9,23.4,0.7,20.7,,,,,0.006,0.008,0.013,0.000,11.5,3.5,6
25/05/2024,09:00,156,2.5,18.5,0.7,21.9,,,,,0.002,0.004,0.006,0.000,10.8,3.3,5
25/05/2024,10:00,123,2.7,20.0,0.9,23.6,,,,,0.002,0.005,0.007,0.002,11.4,3.0,4
25/05/2024,11:00,119,3.2,19.7,0.9,25.0,,,,,0.009,0.007,0.016,0.005,9.8,2.5,3
25/05/2024,12:00,78,3.6,15.4,1.0,24.3,,,,,0.001,0.001,0.002,0.001,8.8,2.4,2
25/05/2024,13:00,68,3.7,14.7,1.0,24.1,,,,,0.001,0.000,0.001,0.000,8.9,2.9,3
25/05/2024,14:00,76,4.1,15.4,1.1,24.1,,,,,0.001,0.005,0.006,0.001,12.2,3.8,5
25/05/2024,15:00,91,4.4,14.5,1.2,23.2,,,,,0.000,0.001,0.001,0.000,13.1,3.9,4
25/05/2024,16:00,100,3.6,15.9,1.1,22.6,,,,,0.000,0.001,0.001,0.000,14.4,3.7,4
25/05/2024,17:00,101,2.4,15.8,0.7,21.2,,,,,0.000,0.004,0.004,0.002,16.2,4.2,6
25/05/2024,18:00,117,2.1,15.7,0.6,20.8,,,,,0.034,0.025,0.059,0.017,10.9,3.8,5
25/05/2024,19:00,121,1.5,14.0,0.4,20.2,,,,,0.002,0.008,0.010,0.008,14.2,4.0,6
25/05/2024,20:00,139,1.5,15.7,0.5,19.9,,,,,0.000,0.006,0.006,0.005,13.9,5.0,12
25/05/2024,21:00,150,1.3,16.4,0.4,19.6,,,,,0.000,0.005,0.005,0.001,10.9,4.4,9
25/05/2024,22:00,160,0.8,37.0,0.4,18.3,,,,,0.000,0.007,0.007,0.001,13.2,5.2,10
25/05/2024,23:00,187,1.3,39.4,0.7,18.5,,,,,0.001,0.004,0.005,0.000,15.1,5.1,9
26/05/2024,00:00,215,1.1,39.0,0.6,17.9,,,,,0.001,0.004,0.004,0.000,12.9,4.3,7
26/05/2024,01:00,229,0.9,32.0,0.5,17.5,,,,,0.001,0.004,0.004,0.001,12.9,4.2,6
26/05/2024,02:00,253,2.1,17.2,0.6,17.4,,,,,0.000,0.001,0.001,0.001,9.2,3.6,5
26/05/2024,03:00,254,2.9,11.8,0.7,16.6,,,,,0.000,0.001,0.001,0.000,8.3,3.4,5
26/05/2024,04:00,256,3.0,17.4,0.7,16.2,,,,,0.001,0.002,0.002,0.000,7.8,3.3,4
26/05/2024,05:00,257,2.8,12.3,0.6,16.1,,,,,0.001,0.003,0.004,0.001,8.5,3.3,5
26/05/2024,06:00,254,2.2,14.1,0.6,16.4,,,,,0.001,0.003,0.004,0.001,10.5,3.4,5
26/05/2024,07:00,256,2.9,13.5,0.6,17.2,,,,,0.001,0.003,0.004,0.001,9.9,3.3,4
26/05/2024,08:00,256,1.8,22.3,0.7,19.8,,,,,0.001,0.001,0.002,0.001,11.7,3.3,4
26/05/2024,09:00,152,1.8,25.8,0.7,23.1,,,,,0.002,0.004,0.006,0.000,12.2,3.8,6
26/05/2024,10:00,121,2.7,22.6,0.9,24.7,,,,,0.004,0.006,0.009,0.002,12.5,4.3,6
26/05/2024,11:00,106,2.7,21.9,0.9,25.5,,,,,0.007,0.010,0.018,0.011,12.3,3.6,4
26/05/2024,12:00,66,3.9,16.2,1.1,25.2,,,,,0.001,0.002,0.004,0.002,12.3,3.6,4
26/05/2024,13:00,68,3.8,14.4,1.0,25.0,,,,,0.001,0.001,0.001,0.001,11.2,3.4,4
26/05/2024,14:00,69,3.7,14.2,1.1,24.8,,,,,0.000,0.000,0.000,0.000,11.2,3.5,4
26/05/2024,15:00,72,3.2,16.8,0.9,24.2,,,,,0.001,0.001,0.002,0.001,11.1,3.5,4
26/05/2024,16:00,84,2.7,15.3,0.8,22.9,,,,,0.000,0.002,0.002,0.001,12.4,3.8,4
26/05/2024,17:00,90,1.3,18.1,0.5,21.2,,,,,0.000,0.004,0.004,0.000,13.8,4.3,6
26/05/2024,18:00,115,0.4,51.2,0.2,19.2,,,,,0.006,0.010,0.017,0.001,17.0,4.7,9
26/05/2024,19:00,275,0.4,33.0,0.1,18.1,,,,,0.004,0.010,0.013,0.000,13.8,4.3,8
26/05/2024,20:00,189,0.3,39.8,0.2,17.5,,,,,0.005,0.011,0.016,0.000,12.5,4.1,8
26/05/2024,21:00,191,0.2,38.7,0.2,16.8,,,,,0.009,0.015,0.023,0.000,11.6,4.5,10
26/05/2024,22:00,156,0.6,35.9,0.3,16.6,,,,,0.003,0.010,0.013,0.000,11.0,4.1,8
26/05/2024,23:00,258,1.7,23.7,0.5,17.6,,,,,0.000,0.004,0.004,0.001,11.5,4.0,7
27/05/2024,00:00,262,2.2,14.0,0.6,16.8,,,,,0.000,0.002,0.002,0.001,9.6,3.7,6
27/05/2024,01:00,266,2.2,17.8,0.5,16.5,,,,,0.000,0.002,0.002,0.001,8.1,3.5,4
27/05/2024,02:00,262,2.1,15.0,0.5,15.8,,,,,0.000,0.002,0.002,0.000,7.8,3.3,4
27/05/2024,03:00,259,2.2,15.9,0.5,15.4,,,,,0.001,0.002,0.003,0.000,7.9,3.1,4
27/05/2024,04:00,252,1.9,15.8,0.6,15.5,,,,,0.001,0.003,0.003,0.000,7.6,3.0,4
27/05/2024,05:00,255,2.3,13.4,0.6,15.4,,,,,0.002,0.005,0.007,0.000,9.6,3.2,5
27/05/2024,06:00,255,2.1,16.2,0.6,15.2,,,,,0.003,0.006,0.009,0.000,12.6,3.3,5
27/05/2024,07:00,259,2.4,16.4,0.6,16.4,,,,,0.004,0.006,0.010,0.001,15.4,3.7,6
27/05/2024,08:00,225,1.2,40.5,0.7,19.5,,,,,0.002,0.003,0.005,0.000,12.0,3.1,4
27/05/2024,09:00,168,1.6,32.3,0.6,21.7,,,,,0.003,0.006,0.009,0.000,12.6,3.3,6
27/05/2024,10:00,121,2.9,18.5,0.9,23.9,,,,,0.004,0.005,0.009,0.002,8.6,2.3,4
27/05/2024,11:00,103,3.4,18.5,1.1,24.7,,,,,0.011,0.009,0.020,0.010,8.9,1.9,3
27/05/2024,12:00,65,4.1,13.4,1.2,24.1,,,,,0.001,0.003,0.004,0.002,11.8,2.9,4
27/05/2024,13:00,68,4.2,14.7,1.1,24.2,,,,,0.001,0.002,0.003,0.001,8.4,2.6,4
27/05/2024,14:00,71,3.7,16.3,1.1,24.2,,,,,0.000,0.000,0.001,0.001,10.0,3.0,4
27/05/2024,15:00,76,3.4,17.0,1.1,23.9,,,,,0.000,0.001,0.001,0.001,9.7,2.9,4
27/05/2024,16:00,82,2.6,15.7,0.8,22.8,,,,,0.012,0.010,0.022,0.001,10.7,3.5,6
27/05/2024,17:00,86,1.9,16.8,0.6,21.9,,,,,0.000,0.003,0.003,0.001,9.4,3.5,5
27/05/2024,18:00,83,0.9,23.8,0.4,21.5,,,,,0.000,0.007,0.007,0.001,11.9,3.9,6
27/05/2024,19:00,107,1.7,15.3,0.5,21.5,,,,,0.000,0.004,0.004,0.001,9.8,3.6,5
27/05/2024,20:00,127,1.2,14.8,0.3,20.9,,,,,0.000,0.014,0.014,0.003,10.5,3.8,6
27/05/2024,21:00,131,1.3,16.6,0.4,20.7,,,,,0.000,0.006,0.007,0.004,12.9,4.5,11
27/05/2024,22:00,151,1.6,15.5,0.5,20.4,,,,,0.000,0.005,0.005,0.002,12.4,5.9,16
27/05/2024,23:00,152,1.7,20.0,0.6,20.0,,,,,0.000,0.003,0.003,0.001,17.2,9.7,25
28/05/2024,00:00,163,2.0,22.2,0.7,19.9,,,,,0.000,0.002,0.003,0.001,19.5,8.3,21
28/05/2024,01:00,155,2.3,20.3,0.8,19.7,,,,,0.000,0.003,0.003,0.001,14.4,6.1,11
28/05/2024,02:00,161,1.9,20.6,0.7,19.4,,,,,0.000,0.002,0.003,0.000,12.3,4.3,8
28/05/2024,03:00,173,2.2,31.1,0.8,19.1,,,,,0.002,0.006,0.008,0.000,19.0,4.7,8
28/05/2024,04:00,214,1.3,35.1,0.7,17.6,,,,,0.001,0.005,0.006,0.000,12.7,4.0,7
28/05/2024,05:00,245,1.1,36.0,0.6,17.0,,,,,0.002,0.008,0.010,0.000,11.5,4.3,8
28/05/2024,06:00,223,0.7,45.0,0.5,17.2,,,,,0.003,0.010,0.013,0.000,16.3,4.8,9
28/05/2024,07:00,266,1.7,22.2,0.5,17.7,,,,,0.002,0.006,0.009,0.001,11.9,4.2,7
28/05/2024,08:00,161,2.2,26.6,0.8,21.4,,,,,0.002,0.004,0.006,0.001,12.0,3.9,6
28/05/2024,09:00,141,2.7,21.5,0.9,22.6,,,,,0.003,0.006,0.009,0.000,12.2,4.2,10
28/05/2024,10:00,125,3.5,18.0,1.0,24.0,,,,,0.002,0.002,0.004,0.001,10.1,3.3,5
28/05/2024,11:00,120,3.9,17.6,1.2,24.1,,,,,0.003,0.005,0.009,0.005,12.1,3.3,5
28/05/2024,12:00,113,4.0,18.4,1.2,24.4,,,,,0.010,0.013,0.024,0.012,15.0,3.6,5
28/05/2024,13:00,98,4.2,15.7,1.3,25.0,,,,,0.011,0.015,0.026,0.009,16.7,3.8,5
28/05/2024,14:00,105,4.6,15.5,1.2,25.0,,,,,0.005,0.005,0.009,0.003,16.8,3.7,5
28/05/2024,15:00,94,4.6,17.2,1.4,24.5,,,,,0.001,0.004,0.005,0.003,17.8,3.6,4
28/05/2024,16:00,96,4.3,14.5,1.1,23.2,,,,,0.002,0.006,0.008,0.003,16.4,4.0,5
28/05/2024,17:00,113,2.7,15.3,0.8,22.0,,,,,0.010,0.018,0.028,0.009,13.6,4.0,6
28/05/2024,18:00,127,1.8,15.0,0.5,21.1,,,,,0.005,0.008,0.012,0.007,14.5,4.1,6
28/05/2024,19:00,137,2.4,15.2,0.8,21.0,,,,,0.000,0.007,0.008,0.001,16.0,5.5,17
28/05/2024,20:00,148,1.7,20.7,0.6,20.5,,,,,0.001,0.009,0.009,0.001,16.4,6.7,18
28/05/2024,21:00,147,2.0,17.3,0.7,20.1,,,,,0.000,0.006,0.006,0.000,16.7,6.2,14
28/05/2024,22:00,155,2.1,17.9,0.7,19.9,,,,,0.001,0.004,0.005,0.000,16.8,6.2,13
28/05/2024,23:00,159,2.3,20.5,0.8,20.0,,,,,0.000,0.003,0.003,0.000,22.0,7.1,15
29/05/2024,00:00,162,2.2,21.0,0.8,20.0,,,,,0.000,0.002,0.003,0.000,19.7,6.8,14
29/05/2024,01:00,157,1.8,17.8,0.6,19.6,,,,,0.000,0.003,0.004,0.001,17.2,6.3,12
29/05/2024,02:00,157,1.9,20.8,0.7,19.3,,,,,0.000,0.002,0.003,0.000,15.0,6.1,12
29/05/2024,03:00,167,2.3,21.6,0.9,19.6,,,,,0.001,0.004,0.005,0.000,21.0,6.8,14
29/05/2024,04:00,156,1.9,22.2,0.7,19.3,,,,,0.000,0.004,0.004,0.000,18.1,6.6,14
29/05/2024,05:00,142,1.1,25.7,0.4,19.1,,,,,0.001,0.015,0.016,0.000,17.3,7.5,22
29/05/2024,06:00,164,1.5,24.3,0.6,19.2,,,,,0.007,0.011,0.018,0.000,21.8,6.8,16
29/05/2024,07:00,168,2.5,21.9,0.9,20.2,,,,,0.002,0.006,0.007,0.000,23.2,6.6,13
29/05/2024,08:00,159,2.2,20.0,0.8,21.1,,,,,0.002,0.006,0.008,0.000,19.3,6.1,14
29/05/2024,09:00,119,3.4,17.3,1.1,22.6,,,,,0.003,0.007,0.009,0.002,16.1,5.4,11
29/05/2024,10:00,109,3.2,18.0,1.0,22.8,,,,,0.020,0.022,0.042,0.013,14.5,5.0,10
29/05/2024,11:00,106,4.7,16.7,1.3,24.1,,,,,0.009,0.012,0.021,0.009,16.9,4.8,8
29/05/2024,12:00,101,5.1,15.4,1.4,25.1,,,,,0.010,0.010,0.019,0.007,16.0,4.6,8
29/05/2024,13:00,91,5.4,15.3,1.5,24.8,,,,,0.002,0.002,0.005,0.001,18.3,4.8,8
29/05/2024,14:00,108,5.6,15.2,1.5,24.4,,,,,0.011,0.011,0.022,0.008,20.3,5.2,8
29/05/2024,15:00,98,5.6,14.6,1.6,24.3,,,,,0.002,0.004,0.007,0.004,15.3,4.6,7
29/05/2024,16:00,110,4.3,17.2,1.3,23.3,,,,,0.015,0.018,0.033,0.010,15.6,4.8,7
29/05/2024,17:00,113,3.3,15.9,1.0,22.2,,,,,0.067,0.031,0.098,0.039,13.9,4.7,7
29/05/2024,18:00,131,2.1,16.0,0.6,21.5,,,,,0.001,0.006,0.007,0.008,16.9,4.9,8
29/05/2024,19:00,133,1.9,16.6,0.6,20.7,,,,,0.000,0.006,0.006,0.003,17.4,6.4,18
29/05/2024,20:00,134,1.9,14.8,0.6,20.3,,,,,0.000,0.002,0.002,0.001,14.3,4.9,9
29/05/2024,21:00,135,1.8,16.8,0.6,20.1,,,,,0.000,0.006,0.006,0.001,15.1,6.0,16
29/05/2024,22:00,139,2.0,16.2,0.6,19.6,,,,,0.000,0.005,0.005,0.001,18.4,6.8,18
29/05/2024,23:00,138,1.9,18.8,0.8,19.6,,,,,0.000,0.008,0.008,0.002,12.5,5.5,15
30/05/2024,00:00,154,2.2,17.6,0.7,19.3,,,,,0.000,0.003,0.004,0.001,11.8,4.6,10
30/05/2024,01:00,157,1.7,24.5,0.7,19.1,,,,,0.000,0.004,0.004,0.001,14.2,4.7,7
30/05/2024,02:00,162,1.3,20.5,0.5,19.2,,,,,0.000,0.008,0.008,0.001,14.7,4.8,9
30/05/2024,03:00,163,1.5,20.5,0.5,19.1,,,,,0.000,0.004,0.004,0.000,13.9,4.7,8
30/05/2024,04:00,166,1.5,29.1,0.6,19.0,,,,,0.000,0.004,0.005,0.000,16.8,5.2,9
30/05/2024,05:00,156,1.3,19.6,0.5,18.5,,,,,0.003,0.014,0.017,0.000,14.0,5.0,10
30/05/2024,06:00,153,1.6,22.7,0.6,18.7,,,,,0.002,0.009,0.011,0.000,17.3,5.3,10
30/05/2024,07:00,170,1.6,27.5,0.8,20.4,,,,,0.002,0.005,0.007,0.000,16.5,5.3,10
30/05/2024,08:00,144,2.0,22.0,0.8,22.3,,,,,0.009,0.013,0.022,0.001,17.2,5.8,15
30/05/2024,09:00,113,3.6,16.9,1.0,23.8,,,,,0.022,0.016,0.038,0.013,16.9,5.2,11
30/05/2024,10:00,110,4.4,16.2,1.2,24.9,,,,,0.007,0.007,0.013,0.008,15.9,4.6,7
30/05/2024,11:00,96,4.5,17.9,1.3,25.4,,,,,0.002,0.004,0.006,0.004,13.7,4.6,6
30/05/2024,12:00,99,5.1,15.7,1.3,24.7,,,,,0.008,0.003,0.011,0.001,14.3,4.8,7
30/05/2024,13:00,100,4.0,17.9,1.2,24.4,,,,,0.008,0.007,0.015,0.005,12.7,4.2,6
30/05/2024,14:00,86,4.7,16.8,1.3,23.5,,,,,0.001,0.002,0.003,0.001,15.4,5.1,9
30/05/2024,15:00,91,3.8,15.2,1.0,23.5,,,,,0.003,0.006,0.010,0.001,12.7,4.3,6
30/05/2024,16:00,99,3.2,14.1,0.9,22.9,,,,,0.002,0.003,0.005,0.001,12.3,3.9,4
30/05/2024,17:00,125,2.4,16.1,0.7,21.1,,,,,0.011,0.019,0.030,0.009,12.0,4.3,7
30/05/2024,18:00,128,0.7,37.5,0.3,19.9,,,,,0.001,0.009,0.010,0.004,10.4,3.8,9
30/05/2024,19:00,128,1.5,18.6,0.4,20.2,,,,,0.001,0.008,0.009,0.004,13.5,5.1,15
30/05/2024,20:00,167,1.8,17.6,0.5,20.1,,,,,0.001,0.008,0.008,0.003,15.4,5.2,13
30/05/2024,21:00,167,1.0,39.7,0.6,19.8,,,,,0.001,0.008,0.009,0.003,15.5,5.9,17
30/05/2024,22:00,136,1.2,21.0,0.4,19.5,,,,,0.000,0.010,0.010,0.002,15.3,7.6,28
30/05/2024,23:00,174,1.1,18.2,0.5,19.4,,,,,0.001,0.012,0.012,0.003,15.2,6.2,17
31/05/2024,00:00,259,1.4,16.3,0.4,18.5,,,,,0.001,0.004,0.005,0.002,12.3,4.5,9
31/05/2024,01:00,269,1.0,19.7,0.3,18.5,,,,,0.000,0.005,0.005,0.002,12.1,4.5,8
31/05/2024,02:00,267,1.2,23.9,0.4,18.3,,,,,0.000,0.005,0.006,0.001,11.7,4.4,9
31/05/2024,03:00,259,1.9,11.5,0.4,17.9,,,,,0.001,0.004,0.005,0.001,10.0,4.1,9
31/05/2024,04:00,260,2.1,12.6,0.5,17.6,,,,,0.001,0.003,0.004,0.001,7.0,3.6,8
31/05/2024,05:00,259,2.8,10.8,0.6,17.6,,,,,0.003,0.005,0.008,0.001,5.8,3.6,8
31/05/2024,06:00,259,2.1,12.7,0.5,17.7,,,,,0.004,0.006,0.010,0.001,8.1,3.8,8
31/05/2024,07:00,271,1.7,13.2,0.4,18.3,,,,,0.008,0.008,0.016,0.001,10.6,4.0,8
31/05/2024,08:00,132,0.3,34.0,0.4,21.1,,,,,0.006,0.008,0.014,0.003,14.6,5.3,14
31/05/2024,09:00,161,1.4,19.5,0.4,22.0,,,,,0.010,0.011,0.021,0.007,16.4,6.4,22
31/05/2024,10:00,89,1.2,26.4,0.6,24.6,,,,,0.004,0.008,0.012,0.007,19.1,6.7,18
31/05/2024,11:00,74,2.0,22.0,0.6,24.0,,,,,0.000,0.001,0.001,0.002,25.5,7.9,18
31/05/2024,12:00,60,2.1,21.9,0.7,24.4,,,,,0.000,0.001,0.001,0.001,24.7,8.1,18
31/05/2024,13:00,61,2.2,22.3,0.7,25.4,,,,,0.000,0.000,0.001,0.001,25.3,7.9,17
31/05/2024,14:00,80,2.4,19.1,0.7,24.6,,,,,0.002,0.001,0.003,0.001,24.9,8.0,18
31/05/2024,15:00,88,1.8,16.5,0.5,24.2,,,,,0.000,0.000,0.001,0.001,25.2,8.3,19
31/05/2024,16:00,78,1.5,16.2,0.4,23.8,,,,,0.000,0.002,0.002,0.001,26.5,8.4,19
31/05/2024,17:00,37,0.2,39.2,0.3,22.9,,,,,0.001,0.008,0.008,0.001,27.4,8.6,21
31/05/2024,18:00,248,0.5,22.2,0.2,22.4,,,,,0.003,0.015,0.019,0.001,29.2,8.9,22
31/05/2024,19:00,320,1.4,18.8,0.6,20.5,,,,,0.000,0.003,0.003,0.001,21.6,6.6,14
31/05/2024,20:00,271,0.7,17.5,0.2,20.0,,,,,0.001,0.004,0.005,0.001,18.5,5.1,11
31/05/2024,21:00,276,0.8,14.6,0.1,19.7,,,,,0.000,0.005,0.005,0.001,15.4,4.6,10
31/05/2024,22:00,342,0.4,44.1,0.2,19.6,,,,,0.000,0.003,0.003,0.001,14.4,4.2,9
31/05/2024,23:00,251,2.3,10.2,0.4,19.7,,,,,0.001,0.003,0.004,0.001,21.8,5.3,11
01/06/2024,00:00,265,1.6,16.6,0.4,19.6,,,,,0.000,0.003,0.003,0.001,14.4,4.7,10
01/06/2024,01:00,289,0.9,25.2,0.3,19.1,,,,,0.000,0.002,0.002,0.001,13.3,4.4,7
01/06/2024,02:00,264,1.1,17.7,0.3,19.0,,,,,0.003,0.005,0.007,0.001,14.0,4.5,9
01/06/2024,03:00,256,1.0,28.0,0.3,19.0,,,,,0.001,0.004,0.004,0.001,13.7,4.3,9
01/06/2024,04:00,257,2.0,11.2,0.4,19.0,,,,,0.001,0.003,0.005,0.001,12.0,4.3,9
01/06/2024,05:00,273,0.9,21.7,0.3,18.9,,,,,0.003,0.007,0.010,0.001,13.3,4.3,9
01/06/2024,06:00,277,0.8,18.6,0.3,18.8,,,,,0.008,0.009,0.017,0.001,13.3,4.5,9
01/06/2024,07:00,257,1.5,15.5,0.4,19.1,,,,,0.003,0.006,0.009,0.000,11.3,4.1,8
01/06/2024,08:00,281,0.9,23.0,0.2,20.2,,,,,0.002,0.004,0.005,0.001,11.5,4.2,8
01/06/2024,09:00,271,0.9,34.2,0.3,21.6,,,,,0.002,0.003,0.005,0.001,13.0,4.7,10
01/06/2024,10:00,288,0.5,32.8,0.3,23.8,,,,,0.002,0.004,0.006,0.001,14.5,5.4,13
01/06/2024,11:00,19,1.2,30.3,0.5,25.4,,,,,0.001,0.002,0.003,0.002,25.3,6.4,14
01/06/2024,12:00,3,1.7,30.5,0.8,25.8,,,,,0.000,0.000,0.001,0.001,25.0,6.8,14
01/06/2024,13:00,357,1.5,26.1,0.7,25.3,,,,,0.000,0.000,0.000,0.001,27.6,7.5,16
01/06/2024,14:00,351,1.7,24.0,0.8,24.8,,,,,0.003,0.003,0.005,0.001,28.5,8.2,18
01/06/2024,15:00,336,1.6,25.2,0.7,24.1,,,,,0.000,0.000,0.000,0.001,23.3,7.8,17
01/06/2024,16:00,336,1.2,23.3,0.5,22.8,,,,,0.000,0.000,0.000,0.001,24.8,8.5,19
01/06/2024,17:00,312,0.8,24.1,0.4,21.9,,,,,0.000,0.001,0.002,0.001,20.3,7.8,18
01/06/2024,18:00,337,0.7,21.8,0.3,21.3,,,,,0.000,0.000,0.001,0.001,18.6,7.3,17
01/06/2024,19:00,314,1.5,23.1,0.6,21.6,,,,,0.000,0.000,0.000,0.001,17.8,7.0,16
01/06/2024,20:00,231,2.1,15.3,0.6,21.1,,,,,0.001,0.002,0.002,0.001,11.5,4.2,8
01/06/2024,21:00,231,1.3,26.7,0.4,20.6,,,,,0.001,0.002,0.003,0.001,8.5,3.1,5
01/06/2024,22:00,208,2.1,20.6,0.7,20.2,,,,,0.001,0.003,0.004,0.001,7.8,2.6,4
01/06/2024,23:00,183,0.3,44.5,0.3,19.1,,,,,0.000,0.003,0.003,0.001,8.4,1.9,3
02/06/2024,00:00,109,0.2,28.4,0.3,18.4,,,,,0.001,0.002,0.003,0.001,8.6,1.7,3
02/06/2024,01:00,237,0.3,33.1,0.3,18.0,,,,,0.000,0.002,0.003,0.001,12.1,2.0,2
02/06/2024,02:00,315,0.5,35.5,0.3,17.8,,,,,0.000,0.002,0.002,0.000,11.0,2.2,2
02/06/2024,03:00,287,0.7,22.8,0.2,17.4,,,,,0.000,0.002,0.002,0.000,10.2,2.0,2
02/06/2024,04:00,196,0.6,40.4,0.5,17.7,,,,,0.000,0.002,0.003,0.000,9.7,1.8,2
02/06/2024,05:00,222,1.6,17.1,0.5,17.5,,,,,0.002,0.005,0.007,0.001,9.1,1.9,2
02/06/2024,06:00,227,1.7,21.4,0.6,17.0,,,,,0.003,0.005,0.008,0.002,9.1,1.8,2
02/06/2024,07:00,246,3.0,10.6,0.6,16.9,,,,,0.001,0.001,0.002,0.001,7.4,1.2,1
02/06/2024,08:00,240,2.6,14.1,0.7,17.5,,,,,0.002,0.001,0.003,0.001,4.8,1.2,1
02/06/2024,09:00,211,3.2,16.3,0.9,19.0,,,,,0.001,0.001,0.002,0.000,6.5,1.2,1
02/06/2024,10:00,212,2.4,21.8,0.9,20.6,,,,,0.001,0.001,0.001,0.000,4.9,1.3,1
02/06/2024,11:00,208,2.4,21.4,0.8,21.6,,,,,0.001,0.001,0.001,0.000,4.2,1.4,2
02/06/2024,12:00,258,2.3,27.9,0.8,22.5,,,,,0.000,0.000,0.001,0.000,4.4,1.5,2
02/06/2024,13:00,244,3.1,19.2,1.0,23.2,,,,,0.000,0.001,0.001,0.001,7.4,1.9,2
02/06/2024,14:00,265,2.0,26.3,0.6,23.7,,,,,0.001,0.002,0.003,0.002,7.1,2.1,3
02/06/2024,15:00,271,1.6,19.4,0.6,23.9,,,,,0.000,0.001,0.002,0.001,6.0,1.9,2
02/06/2024,16:00,224,2.0,14.5,0.5,22.6,,,,,0.001,0.002,0.002,0.000,8.7,2.1,3
02/06/2024,17:00,272,1.6,9.2,0.2,17.5,,,,,0.009,0.014,0.022,0.000,14.0,3.2,5
02/06/2024,18:00,273,1.3,18.8,0.3,15.3,,,,,0.008,0.011,0.019,0.000,10.8,3.3,5
02/06/2024,19:00,236,3.0,13.9,0.8,18.1,,,,,0.004,0.006,0.010,0.000,9.6,2.7,3
02/06/2024,20:00,233,2.8,14.0,0.7,18.2,,,,,0.001,0.002,0.003,0.000,8.9,2.5,3
02/06/2024,21:00,250,2.8,8.6,0.5,17.2,,,,,0.000,0.002,0.002,0.000,9.8,2.6,3
02/06/2024,22:00,242,3.2,10.6,0.6,16.5,,,,,0.000,0.004,0.004,0.000,9.6,2.8,3
02/06/2024,23:00,240,3.3,9.6,0.6,15.8,,,,,0.001,0.002,0.003,0.000,9.6,2.9,4
03/06/2024,00:00,257,2.5,9.8,0.3,11.5,,,,,0.000,0.003,0.004,0.000,8.7,3.0,4
03/06/2024,01:00,255,2.7,17.7,0.5,11.4,,,,,0.002,0.007,0.009,0.001,9.2,3.2,4
03/06/2024,02:00,252,3.0,6.6,0.3,11.0,,,,,0.002,0.006,0.008,0.000,8.9,3.2,4
03/06/2024,03:00,257,2.8,6.0,0.3,10.7,,,,,0.005,0.007,0.012,0.000,10.0,3.2,4
03/06/2024,04:00,265,2.4,7.8,0.4,10.5,,,,,0.004,0.006,0.010,0.000,9.0,3.2,4
03/06/2024,05:00,267,1.9,13.0,0.5,9.9,,,,,0.012,0.012,0.024,0.000,12.3,3.5,5
03/06/2024,06:00,278,1.8,12.1,0.3,9.2,,,,,0.019,0.013,0.033,0.000,12.6,3.9,6
03/06/2024,07:00,292,1.2,21.1,0.4,11.8,,,,,0.013,0.011,0.023,0.000,10.8,3.9,6
03/06/2024,08:00,258,1.1,35.9,0.6,16.2,,,,,0.005,0.006,0.010,0.001,10.2,3.4,5
03/06/2024,09:00,185,2.1,24.5,0.8,18.4,,,,,0.004,0.004,0.008,0.004,9.5,3.4,5
03/06/2024,10:00,230,1.8,30.5,0.8,19.4,,,,,0.001,0.002,0.003,0.000,6.4,2.5,3
03/06/2024,11:00,228,1.8,31.7,0.7,20.8,,,,,0.001,0.002,0.003,0.000,10.7,2.7,3
03/06/2024,12:00,262,0.9,49.3,0.7,22.1,,,,,0.001,0.002,0.002,0.001,10.0,2.7,3
03/06/2024,13:00,245,1.4,42.8,0.8,23.2,,,,,0.002,0.002,0.003,0.000,14.8,2.7,3
03/06/2024,14:00,268,2.2,27.6,0.8,23.3,,,,,0.002,0.003,0.004,0.001,10.0,2.4,3
03/06/2024,15:00,214,1.1,30.7,0.6,23.5,,,,,0.001,0.003,0.004,0.001,10.0,2.5,3
03/06/2024,16:00,35,1.2,17.7,0.5,20.1,,,,,0.000,0.003,0.003,0.002,15.7,3.3,4
03/06/2024,17:00,331,0.6,18.5,0.2,16.8,,,,,0.006,0.012,0.019,0.001,33.8,5.8,10
03/06/2024,18:00,309,0.7,15.0,0.2,14.6,,,,,0.012,0.018,0.030,0.001,18.8,5.5,10
03/06/2024,19:00,300,0.9,14.1,0.2,12.4,,,,,0.002,0.012,0.014,0.000,10.4,3.5,5
03/06/2024,20:00,267,2.8,8.5,0.3,12.3,,,,,0.006,0.011,0.017,0.001,12.0,3.7,5
03/06/2024,21:00,275,0.9,24.6,0.3,11.8,,,,,0.001,0.007,0.008,0.000,10.9,3.3,5
03/06/2024,22:00,267,1.3,18.7,0.3,10.7,,,,,0.002,0.007,0.009,0.000,8.8,3.1,4
03/06/2024,23:00,262,2.4,10.5,0.5,12.8,,,,,0.001,0.004,0.005,0.001,9.9,3.2,4
04/06/2024,00:00,264,1.2,33.3,0.4,11.5,,,,,0.000,0.005,0.005,0.001,10.7,3.3,4
04/06/2024,01:00,281,1.7,22.1,0.5,10.2,,,,,0.000,0.004,0.005,0.001,9.1,3.1,4
04/06/2024,02:00,269,1.4,24.2,0.4,10.6,,,,,0.001,0.004,0.005,0.001,12.3,3.5,5
04/06/2024,03:00,262,1.2,28.6,0.4,10.4,,,,,0.000,0.003,0.003,0.000,7.6,3.0,4
04/06/2024,04:00,269,1.5,16.0,0.4,10.0,,,,,0.003,0.006,0.009,0.000,8.5,2.9,4
04/06/2024,05:00,270,2.0,12.5,0.4,9.3,,,,,0.011,0.011,0.022,0.000,9.8,3.2,5
04/06/2024,06:00,257,1.6,19.8,0.5,9.5,,,,,0.008,0.010,0.018,0.000,9.6,3.3,5
04/06/2024,07:00,271,1.6,14.2,0.4,11.3,,,,,0.009,0.010,0.019,0.000,12.7,3.6,5
04/06/2024,08:00,269,1.7,14.1,0.4,15.0,,,,,0.009,0.008,0.018,0.000,15.2,4.2,6
04/06/2024,09:00,162,0.2,55.8,0.4,19.5,,,,,,,,,18.0,5.1,
04/06/2024,10:00,85,2.1,18.3,0.6,20.6,,,,,0.025,0.014,0.039,0.021,12.6,3.8,6
04/06/2024,11:00,68,2.6,18.0,0.7,20.9,,,,,0.001,0.002,0.003,0.002,13.0,3.4,4
04/06/2024,12:00,65,2.4,19.6,0.7,21.4,,,,,0.002,0.004,0.006,0.000,7.2,3.1,4
04/06/2024,13:00,70,2.7,15.6,0.7,21.8,,,,,0.002,0.003,0.005,0.001,8.4,3.1,4
04/06/2024,14:00,69,2.6,17.2,0.7,22.2,,,,,0.000,0.001,0.001,0.001,8.0,3.0,3
04/06/2024,15:00,68,2.4,18.1,0.7,21.7,,,,,0.001,0.001,0.001,0.000,10.5,3.2,4
04/06/2024,16:00,30,1.0,20.5,0.4,20.6,,,,,0.001,0.003,0.003,0.000,12.3,5.7,12
04/06/2024,17:00,322,0.7,16.6,0.2,17.1,,,,,0.010,0.013,0.024,0.001,29.8,7.6,16
04/06/2024,18:00,301,0.7,12.2,0.2,14.0,,,,,0.020,0.019,0.039,0.001,27.9,8.5,18
04/06/2024,19:00,295,0.7,10.9,0.1,12.8,,,,,0.044,0.017,0.061,0.001,17.8,6.9,15
04/06/2024,20:00,294,0.8,12.9,0.2,11.9,,,,,0.031,0.014,0.045,0.001,14.4,6.2,13
04/06/2024,21:00,303,1.1,9.7,0.2,11.3,,,,,0.009,0.010,0.019,0.000,12.3,6.0,12
04/06/2024,22:00,281,1.4,10.7,0.3,12.1,,,,,0.001,0.007,0.008,0.000,13.3,6.9,14
04/06/2024,23:00,263,1.1,24.9,0.4,12.7,,,,,0.002,0.006,0.008,0.000,15.1,8.5,19
05/06/2024,00:00,293,0.9,18.1,0.2,10.9,,,,,0.008,0.009,0.017,0.000,13.9,7.4,17
05/06/2024,01:00,268,1.7,15.7,0.4,11.7,,,,,0.001,0.007,0.008,0.001,13.2,8.0,17
05/06/2024,02:00,268,1.6,20.2,0.4,11.4,,,,,0.001,0.008,0.009,0.000,14.4,9.2,21
05/06/2024,03:00,274,1.9,10.3,0.3,11.3,,,,,0.002,0.008,0.009,0.000,14.5,8.7,20
05/06/2024,04:00,265,1.7,19.5,0.5,11.2,,,,,0.002,0.007,0.009,0.001,13.3,7.4,16
05/06/2024,05:00,254,2.3,11.3,0.6,11.9,,,,,0.002,0.008,0.010,0.001,13.1,7.1,15
05/06/2024,06:00,260,1.7,13.4,0.5,12.5,,,,,0.006,0.012,0.018,0.001,15.1,7.5,16
05/06/2024,07:00,259,1.4,25.8,0.5,14.0,,,,,0.009,0.012,0.021,0.001,18.0,7.6,16
05/06/2024,08:00,267,1.6,22.3,0.5,16.9,,,,,0.006,0.008,0.015,0.002,19.5,7.1,15
05/06/2024,09:00,264,1.9,15.4,0.5,17.9,,,,,0.006,0.008,0.014,0.002,32.7,7.0,15
05/06/2024,10:00,268,1.5,16.2,0.4,19.0,,,,,0.005,0.008,0.013,0.002,39.5,6.9,13
05/06/2024,11:00,47,0.6,34.8,0.4,22.2,,,,,0.003,0.006,0.009,0.003,31.9,6.4,13
05/06/2024,12:00,10,1.2,27.7,0.6,23.1,,,,,0.006,0.007,0.013,0.002,27.5,5.0,9
05/06/2024,13:00,342,1.8,28.6,0.7,23.4,,,,,0.000,0.001,0.001,0.002,8.2,2.1,3
05/06/2024,14:00,330,1.4,25.1,0.6,22.6,,,,,0.011,0.004,0.015,0.003,13.0,2.7,4
05/06/2024,15:00,350,1.2,23.8,0.5,22.9,,,,,0.003,0.003,0.006,0.002,7.9,2.3,3
05/06/2024,16:00,317,0.9,27.5,0.4,22.5,,,,,0.000,0.002,0.003,0.003,9.2,2.8,4
05/06/2024,17:00,305,0.3,24.7,0.1,19.0,,,,,0.018,0.013,0.031,0.001,15.7,4.0,8
05/06/2024,18:00,294,0.7,11.5,0.1,16.9,,,,,0.045,0.017,0.062,0.001,21.1,5.6,12
05/06/2024,19:00,293,0.7,16.9,0.2,15.8,,,,,0.060,0.015,0.074,0.001,16.6,4.7,9
05/06/2024,20:00,300,1.0,9.3,0.2,15.6,,,,,0.021,0.012,0.033,0.001,10.7,3.5,6
05/06/2024,21:00,302,0.8,12.1,0.2,15.5,,,,,0.010,0.010,0.019,0.001,9.5,3.6,6
05/06/2024,22:00,301,0.9,12.4,0.3,14.9,,,,,0.007,0.008,0.015,0.000,9.0,4.0,7
05/06/2024,23:00,284,1.3,14.1,0.4,14.8,,,,,0.006,0.007,0.013,0.000,10.1,4.2,8
06/06/2024,00:00,268,1.6,16.2,0.4,15.5,,,,,0.002,0.008,0.009,0.000,8.3,4.0,8
06/06/2024,01:00,273,1.5,15.6,0.4,15.4,,,,,0.002,0.007,0.009,0.001,8.9,4.0,7
06/06/2024,02:00,253,2.2,15.3,0.6,15.9,,,,,0.001,0.004,0.005,0.000,9.0,3.8,7
06/06/2024,03:00,254,2.3,17.1,0.5,15.8,,,,,0.001,0.005,0.007,0.000,8.7,3.7,7
06/06/2024,04:00,246,2.3,13.7,0.5,15.4,,,,,0.003,0.005,0.008,0.000,8.5,3.6,6
06/06/2024,05:00,227,2.5,13.3,0.6,15.6,,,,,0.002,0.004,0.006,0.000,7.9,3.6,6
06/06/2024,06:00,227,2.6,14.0,0.6,15.9,,,,,0.002,0.003,0.006,0.000,9.2,3.6,6
06/06/2024,07:00,238,3.5,8.9,0.6,16.6,,,,,0.004,0.004,0.007,0.000,15.9,3.8,6
06/06/2024,08:00,225,2.9,17.2,0.7,18.5,,,,,0.002,0.003,0.005,0.000,12.2,3.6,5
06/06/2024,09:00,215,3.0,17.4,0.9,19.8,,,,,0.002,0.002,0.004,0.000,11.5,3.2,4
06/06/2024,10:00,210,2.0,24.2,0.7,21.6,,,,,0.002,0.003,0.006,0.002,8.8,3.1,4
06/06/2024,11:00,255,2.0,25.1,0.7,23.0,,,,,0.001,0.001,0.002,0.000,38.3,3.8,6
06/06/2024,12:00,262,1.2,31.1,0.7,24.3,,,,,0.003,0.002,0.004,0.000,46.0,3.7,4
06/06/2024,13:00,59,1.3,38.1,0.6,25.0,,,,,0.002,0.003,0.004,0.001,45.5,4.5,5
06/06/2024,14:00,288,1.6,35.1,0.8,25.2,,,,,0.000,0.001,0.002,0.001,15.2,2.4,3
06/06/2024,15:00,340,1.2,23.7,0.6,24.7,,,,,0.003,0.004,0.007,0.002,16.5,3.2,4
06/06/2024,16:00,27,0.7,35.3,0.5,21.9,,,,,0.000,0.004,0.004,0.002,18.1,4.0,6
06/06/2024,17:00,349,0.3,22.9,0.2,18.4,,,,,0.007,0.014,0.021,0.001,22.6,4.9,10
06/06/2024,18:00,293,0.9,18.1,0.3,15.4,,,,,0.008,0.019,0.028,0.001,19.3,5.4,12
06/06/2024,19:00,263,1.8,11.8,0.4,14.3,,,,,0.009,0.015,0.024,0.001,15.3,4.5,8
06/06/2024,20:00,245,3.1,11.3,0.6,17.1,,,,,0.002,0.008,0.010,0.000,15.0,3.0,5
06/06/2024,21:00,244,2.8,12.5,0.7,17.1,,,,,0.001,0.003,0.004,0.000,11.1,2.4,3
06/06/2024,22:00,230,2.5,20.5,0.8,16.4,,,,,0.001,0.006,0.007,0.001,8.3,2.3,3
06/06/2024,23:00,218,2.2,25.8,1.0,16.1,,,,,0.002,0.006,0.008,0.003,14.5,3.4,5
07/06/2024,00:00,272,2.7,9.6,0.5,14.0,,,,,0.000,0.003,0.003,0.000,7.5,2.4,3
07/06/2024,01:00,250,3.0,9.4,0.6,14.1,,,,,0.000,0.001,0.001,0.001,7.9,2.5,3
07/06/2024,02:00,238,3.3,10.1,0.7,13.8,,,,,0.000,0.002,0.002,0.000,9.1,2.5,3
07/06/2024,03:00,245,3.4,10.4,0.7,13.0,,,,,0.000,0.001,0.001,0.000,6.3,2.1,3
07/06/2024,04:00,239,3.8,9.8,0.7,12.8,,,,,0.001,0.002,0.002,0.000,8.3,2.1,3
07/06/2024,05:00,204,3.3,13.7,0.8,13.3,,,,,0.001,0.001,0.002,0.000,7.2,2.0,2
07/06/2024,06:00,213,2.6,17.0,0.8,12.9,,,,,0.001,0.002,0.004,0.000,6.0,1.9,2
07/06/2024,07:00,229,3.2,13.8,0.9,13.9,,,,,0.003,0.003,0.006,0.000,11.5,2.2,3
07/06/2024,08:00,227,3.1,14.8,0.7,15.5,,,,,0.001,0.001,0.003,0.000,9.1,2.2,3
07/06/2024,09:00,224,3.2,15.9,0.8,17.3,,,,,0.002,0.002,0.003,0.001,12.3,2.2,3
07/06/2024,10:00,216,2.2,20.5,0.8,19.2,,,,,0.001,0.001,0.003,0.000,15.4,2.4,3
07/06/2024,11:00,255,2.2,22.7,1.0,20.3,,,,,0.001,0.001,0.002,0.000,14.2,2.1,2
07/06/2024,12:00,251,2.5,26.3,1.0,21.7,,,,,0.001,0.001,0.002,0.000,11.0,2.2,3
07/06/2024,13:00,251,2.8,30.3,1.1,22.7,,,,,0.001,0.002,0.003,0.001,16.4,2.2,3
07/06/2024,14:00,231,2.5,22.3,0.9,23.0,,,,,0.001,0.003,0.004,0.001,11.6,2.1,3
07/06/2024,15:00,255,2.4,22.5,0.8,22.6,,,,,0.001,0.002,0.003,0.001,100.1,6.5,6
07/06/2024,16:00,262,1.6,18.7,0.4,21.3,,,,,0.001,0.003,0.004,0.000,9.8,2.2,3
07/06/2024,17:00,248,1.4,9.5,0.3,16.9,,,,,0.034,0.023,0.058,0.001,19.7,3.9,8
07/06/2024,18:00,228,1.6,19.0,0.5,15.0,,,,,0.031,0.021,0.051,0.001,19.6,4.3,9
07/06/2024,19:00,250,2.3,13.5,0.5,15.6,,,,,0.010,0.011,0.022,0.001,11.7,3.0,6
07/06/2024,20:00,271,1.9,16.0,0.4,14.1,,,,,0.001,0.006,0.008,0.000,9.3,2.4,3
07/06/2024,21:00,286,1.4,18.8,0.4,11.3,,,,,0.003,0.010,0.013,0.000,11.2,3.0,4
07/06/2024,22:00,260,2.5,11.6,0.5,11.9,,,,,0.001,0.005,0.006,0.000,7.4,2.6,3
07/06/2024,23:00,242,3.1,9.7,0.6,13.2,,,,,0.001,0.003,0.005,0.000,9.1,2.5,3
08/06/2024,00:00,262,3.6,5.7,0.4,11.8,,,,,0.000,0.002,0.002,0.000,7.7,2.4,3
08/06/2024,01:00,266,3.6,5.7,0.4,11.7,,,,,0.000,0.001,0.001,0.000,9.8,2.4,3
08/06/2024,02:00,260,3.5,6.3,0.4,11.3,,,,,0.001,0.001,0.002,0.000,9.3,2.5,3
08/06/2024,03:00,265,2.6,5.9,0.3,9.7,,,,,0.002,0.004,0.006,0.000,7.6,2.6,3
08/06/2024,04:00,267,1.8,9.6,0.3,8.1,,,,,0.005,0.008,0.013,0.000,6.6,2.9,4
08/06/2024,05:00,263,2.2,7.4,0.3,7.4,,,,,0.011,0.011,0.022,0.000,8.8,3.1,4
08/06/2024,06:00,260,2.3,8.1,0.3,7.6,,,,,0.013,0.010,0.023,0.000,9.2,3.2,4
08/06/2024,07:00,283,1.5,21.9,0.4,9.6,,,,,0.014,0.013,0.027,0.000,8.1,2.8,4
08/06/2024,08:00,245,1.6,18.3,0.5,14.9,,,,,0.003,0.004,0.006,0.000,6.8,2.4,3
08/06/2024,09:00,220,2.1,23.0,0.7,17.2,,,,,0.001,0.001,0.002,0.000,7.2,2.2,3
08/06/2024,10:00,202,3.4,16.6,0.9,18.5,,,,,0.001,0.001,0.002,0.000,7.1,2.5,4
08/06/2024,11:00,216,2.8,21.4,1.0,20.0,,,,,0.001,0.001,0.002,0.000,24.4,3.3,4
08/06/2024,12:00,272,2.6,24.0,0.9,21.3,,,,,0.005,0.007,0.012,0.000,21.6,2.9,4
08/06/2024,13:00,270,1.9,27.4,0.8,22.2,,,,,0.000,0.000,0.001,0.000,6.2,2.3,3
08/06/2024,14:00,265,2.3,19.7,0.7,22.6,,,,,0.000,0.001,0.001,0.000,20.9,2.8,4
08/06/2024,15:00,280,2.3,19.2,0.7,22.7,,,,,0.017,0.007,0.024,0.000,13.3,2.2,3
08/06/2024,16:00,317,0.8,19.6,0.4,20.8,,,,,0.000,0.001,0.001,0.000,8.7,2.3,3
08/06/2024,17:00,7,0.3,24.3,0.2,16.8,,,,,0.005,0.009,0.014,0.000,10.1,3.3,6
08/06/2024,18:00,284,0.5,18.3,0.1,13.8,,,,,0.014,0.018,0.032,0.000,17.0,5.1,10
08/06/2024,19:00,305,1.2,10.4,0.2,12.2,,,,,0.001,0.009,0.011,0.000,8.4,3.2,5
08/06/2024,20:00,300,1.3,14.9,0.3,11.5,,,,,0.001,0.008,0.009,0.000,8.3,3.5,6
08/06/2024,21:00,294,1.0,16.1,0.3,10.3,,,,,0.005,0.009,0.014,0.000,10.1,3.9,7
08/06/2024,22:00,307,1.1,10.1,0.2,9.3,,,,,0.002,0.007,0.010,0.000,9.4,4.2,9
08/06/2024,23:00,294,1.2,16.0,0.3,9.0,,,,,0.001,0.007,0.008,0.000,8.7,3.9,7
09/06/2024,00:00,279,1.6,19.2,0.4,9.8,,,,,0.001,0.007,0.008,0.000,8.6,3.6,6
09/06/2024,01:00,285,1.2,15.5,0.3,9.6,,,,,0.001,0.007,0.008,0.001,9.0,3.9,7
09/06/2024,02:00,271,2.0,10.7,0.4,9.2,,,,,0.004,0.008,0.011,0.000,9.6,4.0,7
09/06/2024,03:00,265,2.8,9.4,0.5,9.6,,,,,0.001,0.006,0.008,0.000,7.6,3.6,7
09/06/2024,04:00,263,2.7,12.2,0.5,9.9,,,,,0.001,0.006,0.007,0.000,7.3,3.4,6
09/06/2024,05:00,261,2.6,12.9,0.4,10.4,,,,,0.006,0.008,0.014,0.000,6.8,2.9,5
09/06/2024,06:00,273,1.2,16.9,0.3,9.4,,,,,0.004,0.009,0.013,0.000,8.4,2.9,5
09/06/2024,07:00,259,2.3,10.1,0.4,12.1,,,,,0.003,0.005,0.008,0.000,6.7,2.7,4
09/06/2024,08:00,280,1.4,17.3,0.4,15.9,,,,,0.003,0.004,0.006,0.001,5.6,2.2,3
09/06/2024,09:00,299,0.6,46.9,0.4,19.9,,,,,0.002,0.003,0.005,0.001,7.9,2.1,3
09/06/2024,10:00,158,2.4,21.4,0.7,21.2,,,,,0.002,0.003,0.004,0.000,7.8,1.9,3
09/06/2024,11:00,109,0.7,36.5,0.6,22.8,,,,,0.005,0.007,0.012,0.002,9.4,2.3,3
09/06/2024,12:00,72,1.7,30.9,0.6,23.1,,,,,0.002,0.004,0.006,0.004,8.9,2.2,3
09/06/2024,13:00,61,1.8,21.9,0.6,23.7,,,,,0.003,0.006,0.010,0.004,9.1,2.2,3
09/06/2024,14:00,70,2.4,15.9,0.6,23.4,,,,,0.001,0.004,0.005,0.002,7.4,2.0,3
09/06/2024,15:00,77,2.3,15.9,0.6,22.8,,,,,0.009,0.007,0.017,0.002,5.8,2.1,3
09/06/2024,16:00,17,1.1,18.7,0.4,21.2,,,,,0.009,0.007,0.016,0.002,9.5,2.4,3
09/06/2024,17:00,354,0.4,25.4,0.2,17.9,,,,,0.008,0.011,0.019,0.001,24.0,3.9,7
09/06/2024,18:00,308,0.7,16.1,0.2,15.2,,,,,0.012,0.016,0.028,0.001,16.5,4.3,8
09/06/2024,19:00,303,0.2,38.8,0.2,13.8,,,,,0.023,0.016,0.039,0.001,8.9,3.1,6
09/06/2024,20:00,292,1.1,15.0,0.2,12.7,,,,,0.008,0.015,0.023,0.000,8.8,3.1,5
09/06/2024,21:00,296,1.3,11.0,0.3,11.8,,,,,0.002,0.012,0.014,0.000,7.9,3.0,5
09/06/2024,22:00,283,1.0,18.4,0.3,11.5,,,,,0.001,0.010,0.012,0.000,7.8,2.8,4
09/06/2024,23:00,274,1.7,13.5,0.3,12.2,,,,,0.000,0.006,0.007,0.000,6.2,2.7,4
10/06/2024,00:00,272,1.4,14.8,0.3,11.7,,,,,0.001,0.006,0.007,0.000,7.8,2.8,5
10/06/2024,01:00,279,1.5,20.9,0.4,11.3,,,,,0.000,0.004,0.005,0.001,7.2,2.6,4
10/06/2024,02:00,274,2.2,12.4,0.4,11.2,,,,,0.001,0.004,0.004,0.001,8.2,3.0,5
10/06/2024,03:00,270,1.5,19.8,0.4,11.1,,,,,0.001,0.005,0.005,0.000,7.3,3.1,5
10/06/2024,04:00,256,2.4,9.6,0.4,11.2,,,,,0.003,0.008,0.010,0.001,7.4,3.2,5
10/06/2024,05:00,257,2.0,19.4,0.5,11.1,,,,,0.006,0.010,0.016,0.001,9.5,3.5,6
10/06/2024,06:00,297,0.5,18.8,0.2,8.7,,,,,0.054,0.015,0.069,0.001,12.4,4.3,10
10/06/2024,07:00,298,0.6,27.7,0.3,10.7,,,,,0.058,0.021,0.079,0.001,15.6,4.9,10
10/06/2024,08:00,226,2.6,14.1,0.6,17.0,,,,,0.003,0.004,0.007,0.001,10.3,3.4,5
10/06/2024,09:00,221,2.7,16.9,0.7,18.9,,,,,0.002,0.002,0.005,0.000,13.1,3.2,5
10/06/2024,10:00,213,2.4,21.0,0.8,20.5,,,,,0.002,0.002,0.004,0.001,8.1,2.9,4
10/06/2024,11:00,222,2.0,27.0,0.8,22.4,,,,,0.002,0.002,0.004,0.001,27.2,3.7,5
10/06/2024,12:00,224,1.4,31.4,0.9,24.1,,,,,0.001,0.002,0.003,0.000,9.4,2.7,4
10/06/2024,13:00,195,0.7,37.3,0.7,25.3,,,,,0.001,0.002,0.002,0.000,16.6,2.8,4
10/06/2024,14:00,63,1.5,23.8,0.4,25.6,,,,,0.001,0.002,0.002,0.001,9.2,2.5,4
10/06/2024,15:00,37,1.1,24.9,0.4,25.8,,,,,0.008,0.007,0.016,0.002,19.6,3.4,5
10/06/2024,16:00,28,1.1,14.0,0.4,22.2,,,,,0.001,0.010,0.012,0.003,21.4,3.9,6
10/06/2024,17:00,291,0.2,27.4,0.1,18.2,,,,,0.020,0.020,0.040,0.001,24.7,5.5,12
10/06/2024,18:00,298,0.3,27.9,0.1,15.0,,,,,0.053,0.024,0.078,0.001,36.1,8.1,17
10/06/2024,19:00,298,1.3,13.7,0.3,13.3,,,,,0.016,0.017,0.033,0.001,15.9,4.5,9
10/06/2024,20:00,295,1.4,13.5,0.3,12.1,,,,,0.007,0.013,0.020,0.001,21.0,4.5,8
10/06/2024,21:00,280,1.2,16.4,0.3,11.7,,,,,0.012,0.013,0.025,0.001,12.3,4.0,7
10/06/2024,22:00,265,1.6,18.4,0.3,12.1,,,,,0.005,0.011,0.016,0.001,10.7,3.6,6
10/06/2024,23:00,263,2.2,12.7,0.4,11.9,,,,,0.003,0.011,0.015,0.001,9.0,3.3,5
11/06/2024,00:00,268,1.3,17.3,0.4,11.0,,,,,0.008,0.011,0.020,0.001,8.7,3.1,5
11/06/2024,01:00,284,1.0,21.3,0.3,11.2,,,,,0.002,0.008,0.010,0.001,7.4,2.9,4
11/06/2024,02:00,260,1.4,23.7,0.4,11.5,,,,,0.002,0.008,0.010,0.001,8.2,3.0,4
11/06/2024,03:00,256,2.4,9.8,0.4,13.0,,,,,0.001,0.004,0.004,0.001,7.9,2.8,4
11/06/2024,04:00,248,3.4,8.4,0.6,13.1,,,,,0.001,0.004,0.005,0.000,10.1,3.0,4
11/06/2024,05:00,247,3.1,11.5,0.7,12.8,,,,,0.004,0.006,0.010,0.001,11.0,3.2,5
11/06/2024,06:00,237,2.5,15.9,0.8,12.9,,,,,0.004,0.008,0.012,0.001,14.0,3.6,6
11/06/2024,07:00,259,2.9,11.7,0.6,13.9,,,,,0.003,0.005,0.008,0.000,10.5,3.4,5
11/06/2024,08:00,254,3.2,10.6,0.6,16.6,,,,,0.004,0.004,0.008,0.001,10.2,3.4,5
11/06/2024,09:00,145,2.0,25.7,0.8,20.3,,,,,0.004,0.005,0.010,0.001,14.3,4.1,7
11/06/2024,10:00,151,2.1,22.7,0.8,21.5,,,,,0.002,0.004,0.006,0.000,17.9,4.5,9
11/06/2024,11:00,91,2.3,23.5,0.9,23.4,,,,,0.014,0.014,0.028,0.011,45.0,7.0,14
11/06/2024,12:00,61,3.5,15.0,0.9,22.9,,,,,0.000,0.001,0.001,0.001,12.4,4.3,8
11/06/2024,13:00,66,2.8,18.5,0.8,23.5,,,,,0.001,0.002,0.002,0.000,10.3,3.9,7
11/06/2024,14:00,68,2.5,15.7,0.7,23.5,,,,,0.004,0.001,0.005,0.000,9.2,3.9,7
11/06/2024,15:00,82,2.6,14.0,0.6,23.3,,,,,0.004,0.002,0.006,0.000,9.4,3.6,6
11/06/2024,16:00,85,1.1,36.7,0.4,21.7,,,,,0.000,0.001,0.001,0.000,8.3,3.4,5
11/06/2024,17:00,299,0.4,29.6,0.2,17.6,,,,,0.010,0.021,0.032,0.001,22.9,6.2,14
11/06/2024,18:00,270,0.3,31.5,0.1,15.1,,,,,0.051,0.023,0.074,0.001,33.8,8.1,17
11/06/2024,19:00,302,0.8,8.8,0.1,13.5,,,,,0.057,0.024,0.081,0.001,15.5,5.2,12
11/06/2024,20:00,305,1.2,10.3,0.2,13.1,,,,,0.007,0.018,0.024,0.000,14.6,4.9,10
11/06/2024,21:00,307,1.0,11.5,0.2,12.6,,,,,0.002,0.014,0.017,0.000,13.8,4.9,10
11/06/2024,22:00,307,0.8,13.4,0.2,11.9,,,,,0.003,0.013,0.016,0.000,11.9,4.6,9
11/06/2024,23:00,284,1.4,15.8,0.4,12.8,,,,,0.001,0.009,0.010,0.000,10.0,4.4,9
12/06/2024,00:00,294,1.2,18.4,0.3,12.8,,,,,0.000,0.006,0.006,0.000,10.4,4.4,9
12/06/2024,01:00,291,1.3,13.5,0.3,12.5,,,,,0.001,0.006,0.006,0.001,9.6,4.5,9
12/06/2024,02:00,270,1.5,20.1,0.4,12.7,,,,,0.000,0.004,0.004,0.000,9.1,4.5,10
12/06/2024,03:00,278,1.0,32.9,0.4,12.2,,,,,0.000,0.007,0.008,0.000,9.3,4.7,10
12/06/2024,04:00,288,0.7,41.5,0.3,11.8,,,,,0.001,0.007,0.008,0.000,9.3,4.7,11
12/06/2024,05:00,283,1.1,34.4,0.5,11.7,,,,,0.002,0.009,0.011,0.000,10.6,4.8,11
12/06/2024,06:00,321,0.6,47.3,0.3,11.5,,,,,0.004,0.013,0.017,0.000,10.2,4.9,11
12/06/2024,07:00,281,1.5,12.3,0.3,12.9,,,,,0.021,0.018,0.039,0.001,13.6,5.5,14
12/06/2024,08:00,293,1.4,15.1,0.3,16.3,,,,,0.008,0.011,0.020,0.001,15.8,5.3,12
12/06/2024,09:00,288,0.8,37.1,0.3,20.9,,,,,0.004,0.006,0.010,0.003,49.8,9.1,21
12/06/2024,10:00,258,1.9,22.4,0.6,23.5,,,,,0.002,0.005,0.007,0.003,25.6,10.5,27
12/06/2024,11:00,266,2.8,19.0,0.7,24.8,,,,,0.003,0.007,0.010,0.004,38.0,8.4,20
12/06/2024,12:00,267,2.8,27.1,0.9,26.1,,,,,0.001,0.004,0.005,0.002,23.9,6.5,14
12/06/2024,13:00,249,3.3,25.3,1.2,27.2,,,,,0.001,0.002,0.003,0.001,22.2,4.1,7
12/06/2024,14:00,238,3.3,24.8,1.1,27.2,,,,,0.001,0.002,0.003,0.000,29.2,4.1,7
12/06/2024,15:00,235,2.6,22.6,1.0,27.2,,,,,0.003,0.003,0.006,0.000,27.2,3.8,6
12/06/2024,16:00,268,1.7,18.7,0.6,25.8,,,,,0.001,0.005,0.006,0.000,18.5,3.5,5
12/06/2024,17:00,259,1.6,13.6,0.4,22.0,,,,,0.013,0.020,0.033,0.001,24.9,4.8,10
12/06/2024,18:00,247,1.8,8.7,0.3,19.2,,,,,0.029,0.024,0.053,0.001,22.2,4.4,9
12/06/2024,19:00,252,2.0,10.1,0.4,17.5,,,,,0.028,0.020,0.048,0.002,19.3,3.9,7
12/06/2024,20:00,257,1.8,9.6,0.3,14.2,,,,,0.023,0.019,0.042,0.001,15.3,4.0,6
12/06/2024,21:00,253,2.3,10.8,0.4,13.6,,,,,0.013,0.015,0.028,0.001,13.0,3.3,5
12/06/2024,22:00,272,1.9,11.7,0.4,12.6,,,,,0.008,0.013,0.021,0.001,13.3,3.3,5
12/06/2024,23:00,244,1.9,16.9,0.6,13.7,,,,,0.005,0.010,0.015,0.001,11.6,3.2,4
13/06/2024,00:00,212,3.2,11.9,0.7,19.1,,,,,0.001,0.002,0.003,0.000,9.2,2.2,3
13/06/2024,01:00,227,3.3,12.1,0.7,19.1,,,,,0.001,0.003,0.004,0.001,10.7,2.8,6
13/06/2024,02:00,256,0.9,25.6,0.4,12.8,,,,,0.003,0.006,0.009,0.000,9.1,3.3,5
13/06/2024,03:00,305,0.8,26.6,0.3,9.6,,,,,0.004,0.008,0.012,0.000,9.5,2.8,4
13/06/2024,04:00,208,2.8,27.3,1.1,14.0,,,,,0.005,0.010,0.015,0.001,13.9,4.2,7
13/06/2024,05:00,224,1.5,36.6,0.9,13.6,,,,,0.013,0.015,0.028,0.003,15.8,4.6,8
13/06/2024,06:00,214,1.4,48.4,0.6,12.6,,,,,0.031,0.018,0.049,0.001,21.6,5.4,10
13/06/2024,07:00,196,0.4,43.8,0.6,15.7,,,,,0.026,0.020,0.046,0.002,23.3,4.9,8
13/06/2024,08:00,192,2.2,24.5,0.9,18.1,,,,,0.010,0.011,0.020,0.006,17.9,4.7,7
13/06/2024,09:00,177,2.4,27.5,1.0,19.1,,,,,0.005,0.006,0.011,0.006,17.4,5.2,9
13/06/2024,10:00,169,2.3,26.2,1.0,20.3,,,,,,,,,,,
13/06/2024,11:00,199,2.7,26.3,1.1,21.8,,,,,0.005,0.007,0.012,0.005,31.1,5.0,8
13/06/2024,12:00,171,1.8,31.1,0.9,23.2,,,,,0.003,0.005,0.008,0.001,11.8,3.2,4
13/06/2024,13:00,96,2.6,19.5,0.9,23.2,,,,,0.003,0.003,0.005,0.002,12.7,3.2,4
13/06/2024,14:00,80,3.3,16.4,0.9,21.9,,,,,0.000,0.001,0.001,0.002,13.0,3.3,5
13/06/2024,15:00,81,3.1,16.4,0.8,20.9,,,,,0.006,0.004,0.010,0.001,13.3,3.5,6
13/06/2024,16:00,82,2.0,15.6,0.6,19.4,,,,,0.000,0.001,0.001,0.001,14.1,3.4,5
13/06/2024,17:00,317,0.2,16.6,0.2,16.5,,,,,0.006,0.012,0.019,0.001,15.8,4.2,7
13/06/2024,18:00,300,1.0,7.5,0.2,13.2,,,,,0.017,0.021,0.037,0.001,18.8,5.3,11
13/06/2024,19:00,294,1.1,8.3,0.2,11.9,,,,,0.024,0.020,0.044,0.001,14.3,4.5,10
13/06/2024,20:00,291,1.2,12.0,0.3,11.3,,,,,0.005,0.014,0.019,0.000,19.8,4.5,8
13/06/2024,21:00,297,1.7,10.2,0.3,10.9,,,,,0.002,0.011,0.013,0.000,13.9,4.7,9
13/06/2024,22:00,276,2.3,10.6,0.4,11.4,,,,,0.001,0.007,0.008,0.001,13.1,4.7,9
13/06/2024,23:00,269,1.6,17.0,0.4,11.0,,,,,0.001,0.008,0.009,0.001,11.6,4.4,8
14/06/2024,00:00,280,2.0,14.5,0.5,10.4,,,,,0.001,0.009,0.010,0.001,12.2,4.5,8
14/06/2024,01:00,288,1.0,18.7,0.3,9.9,,,,,0.001,0.005,0.006,0.001,10.8,4.2,7
14/06/2024,02:00,278,1.8,11.9,0.4,9.1,,,,,0.001,0.006,0.007,0.001,10.4,4.1,7
14/06/2024,03:00,260,2.8,9.8,0.5,9.6,,,,,0.001,0.004,0.005,0.001,11.4,4.3,8
14/06/2024,04:00,270,1.7,13.7,0.4,9.6,,,,,0.002,0.006,0.008,0.001,11.5,4.9,10
14/06/2024,05:00,265,1.6,17.3,0.4,9.5,,,,,0.010,0.013,0.023,0.001,15.4,6.1,14
14/06/2024,06:00,268,1.6,16.9,0.4,9.0,,,,,0.007,0.012,0.019,0.001,15.0,6.2,14
14/06/2024,07:00,260,2.3,13.9,0.6,10.5,,,,,0.006,0.009,0.015,0.001,14.2,5.5,12
14/06/2024,08:00,263,2.5,13.2,0.6,14.3,,,,,0.004,0.006,0.010,0.001,15.5,5.5,12
14/06/2024,09:00,246,2.6,15.7,0.7,18.1,,,,,0.001,0.002,0.004,0.001,17.3,5.0,10
14/06/2024,10:00,259,1.7,28.0,0.6,20.9,,,,,0.015,0.007,0.022,0.002,14.6,4.4,8
14/06/2024,11:00,53,1.2,28.3,0.6,22.5,,,,,0.012,0.016,0.028,0.003,15.9,4.3,7
14/06/2024,12:00,18,1.3,31.4,0.6,23.2,,,,,0.004,0.009,0.013,0.003,17.8,4.5,8
14/06/2024,13:00,50,1.8,29.9,0.7,23.7,,,,,0.003,0.007,0.009,0.001,15.1,4.1,7
14/06/2024,14:00,24,1.7,25.8,0.7,23.9,,,,,0.001,0.005,0.006,0.001,12.6,4.0,6
14/06/2024,15:00,8,1.7,23.1,0.6,23.8,,,,,0.031,0.022,0.053,0.001,12.3,4.3,8
14/06/2024,16:00,4,1.3,19.7,0.5,21.7,,,,,0.014,0.010,0.023,0.001,23.2,5.0,8
14/06/2024,17:00,344,1.0,18.5,0.4,18.9,,,,,0.000,0.001,0.001,0.001,12.3,4.3,8
14/06/2024,18:00,1,0.7,31.8,0.3,17.5,,,,,0.001,0.003,0.004,0.001,12.5,4.4,8
14/06/2024,19:00,345,0.3,42.7,0.2,15.6,,,,,0.003,0.013,0.016,0.001,14.1,4.8,9
14/06/2024,20:00,288,0.7,37.0,0.3,13.7,,,,,0.010,0.018,0.028,0.001,15.2,5.5,13
14/06/2024,21:00,286,1.3,17.9,0.3,12.9,,,,,0.002,0.016,0.018,0.000,11.1,4.7,10
14/06/2024,22:00,291,1.1,15.1,0.3,11.5,,,,,0.002,0.015,0.017,0.000,11.8,4.6,10
14/06/2024,23:00,281,1.6,13.2,0.3,11.8,,,,,0.001,0.010,0.011,0.000,11.2,4.6,9
15/06/2024,00:00,307,0.7,22.3,0.2,10.8,,,,,0.003,0.011,0.013,0.000,11.2,4.4,9
15/06/2024,01:00,309,0.9,17.0,0.2,9.9,,,,,0.001,0.006,0.007,0.001,10.0,4.4,8
15/06/2024,02:00,295,0.8,19.8,0.2,10.1,,,,,0.002,0.008,0.010,0.000,10.5,4.4,9
15/06/2024,03:00,284,0.9,20.7,0.3,10.6,,,,,0.004,0.008,0.012,0.000,10.4,4.6,10
15/06/2024,04:00,274,1.4,17.9,0.4,10.6,,,,,0.001,0.005,0.006,0.000,10.8,4.5,9
15/06/2024,05:00,285,1.3,17.7,0.3,10.3,,,,,0.002,0.007,0.009,0.000,9.8,4.4,9
15/06/2024,06:00,282,1.3,18.1,0.4,10.0,,,,,0.004,0.010,0.014,0.000,10.0,4.3,9
15/06/2024,07:00,291,1.0,22.6,0.4,11.9,,,,,0.003,0.007,0.010,0.000,13.2,4.7,9
15/06/2024,08:00,321,0.6,25.9,0.2,17.5,,,,,0.002,0.005,0.007,0.001,15.5,5.4,12
15/06/2024,09:00,90,1.1,32.3,0.4,20.8,,,,,0.001,0.003,0.005,0.003,17.7,6.0,14
15/06/2024,10:00,297,2.0,31.0,0.8,22.7,,,,,0.001,0.002,0.003,0.002,18.6,5.5,12
15/06/2024,11:00,309,2.3,26.1,0.8,24.2,,,,,0.001,0.003,0.004,0.004,14.5,5.0,11
15/06/2024,12:00,293,2.4,26.5,1.0,25.2,,,,,0.001,0.002,0.003,0.003,17.2,5.1,10
15/06/2024,13:00,289,2.2,23.3,0.8,26.0,,,,,0.003,0.004,0.007,0.002,37.8,6.5,12
15/06/2024,14:00,325,1.8,24.2,0.7,25.9,,,,,0.001,0.003,0.004,0.002,19.1,5.1,11
15/06/2024,15:00,334,1.8,21.3,0.8,25.6,,,,,0.006,0.004,0.010,0.002,15.9,4.7,11
15/06/2024,16:00,289,1.1,21.0,0.4,24.5,,,,,0.002,0.003,0.004,0.001,31.3,5.4,11
15/06/2024,17:00,290,0.7,19.4,0.2,19.4,,,,,0.023,0.026,0.050,0.001,18.2,4.9,11
15/06/2024,18:00,272,1.5,12.7,0.3,16.3,,,,,0.018,0.023,0.041,0.001,13.6,4.5,10
15/06/2024,19:00,260,2.2,7.7,0.3,14.3,,,,,0.007,0.017,0.024,0.001,12.8,4.2,9
15/06/2024,20:00,255,2.6,9.3,0.4,13.6,,,,,0.005,0.013,0.018,0.000,14.6,4.5,9
15/06/2024,21:00,290,1.3,26.8,0.4,12.5,,,,,0.001,0.009,0.011,0.000,12.3,4.3,10
15/06/2024,22:00,279,1.9,10.0,0.3,11.4,,,,,0.001,0.010,0.012,0.000,10.5,3.8,7
15/06/2024,23:00,290,1.5,10.7,0.3,10.0,,,,,0.001,0.012,0.013,0.000,10.5,4.0,8
16/06/2024,00:00,275,1.9,11.8,0.4,9.8,,,,,0.002,0.010,0.012,0.000,10.1,4.3,9
16/06/2024,01:00,246,1.6,17.6,0.6,11.9,,,,,0.005,0.009,0.014,0.001,9.9,4.0,8
16/06/2024,02:00,224,3.6,13.7,1.0,16.4,,,,,0.001,0.004,0.005,0.002,10.9,3.3,6
16/06/2024,03:00,221,4.1,11.4,0.9,16.1,,,,,0.000,0.001,0.001,0.000,9.6,2.9,5
16/06/2024,04:00,222,3.5,13.7,0.9,15.6,,,,,0.000,0.001,0.001,0.000,10.0,2.6,4
16/06/2024,05:00,229,2.4,22.2,0.7,14.0,,,,,0.002,0.004,0.005,0.000,8.2,2.6,4
16/06/2024,06:00,261,1.1,25.4,0.4,10.1,,,,,0.011,0.012,0.024,0.001,7.8,2.8,5
16/06/2024,07:00,299,0.9,29.0,0.3,10.5,,,,,0.018,0.013,0.032,0.001,8.1,2.9,5
16/06/2024,08:00,213,1.6,30.7,0.6,17.0,,,,,0.005,0.006,0.011,0.005,9.7,2.6,4
16/06/2024,09:00,222,1.9,26.1,0.6,18.2,,,,,0.001,0.001,0.002,0.000,7.6,2.3,4
16/06/2024,10:00,220,1.5,37.3,0.9,19.8,,,,,0.000,0.000,0.001,0.000,8.0,2.3,4
16/06/2024,11:00,228,1.8,39.5,0.9,21.5,,,,,0.001,0.001,0.002,0.001,14.9,2.4,4
16/06/2024,12:00,216,2.8,28.7,1.1,22.6,,,,,0.002,0.002,0.003,0.001,9.6,1.9,3
16/06/2024,13:00,243,3.1,26.0,1.2,23.1,,,,,0.001,0.001,0.001,0.000,11.5,1.5,2
16/06/2024,14:00,244,2.7,25.0,1.0,23.4,,,,,0.000,0.000,0.001,0.000,11.2,1.8,2
16/06/2024,15:00,238,2.5,21.3,0.9,23.6,,,,,0.001,0.001,0.001,0.000,13.8,1.7,2
16/06/2024,16:00,222,2.2,16.7,0.7,22.5,,,,,0.001,0.002,0.003,0.000,19.2,2.2,2
16/06/2024,17:00,238,2.0,16.0,0.6,20.2,,,,,0.001,0.006,0.006,0.001,8.1,1.5,2
16/06/2024,18:00,236,2.2,12.8,0.5,19.1,,,,,0.001,0.005,0.005,0.001,9.6,1.7,2
16/06/2024,19:00,243,1.9,15.9,0.5,17.2,,,,,0.004,0.009,0.012,0.001,8.3,1.6,2
16/06/2024,20:00,230,2.6,11.1,0.6,16.8,,,,,0.001,0.004,0.005,0.000,7.6,1.5,3
16/06/2024,21:00,251,2.2,11.6,0.4,13.1,,,,,0.007,0.010,0.017,0.000,6.5,1.8,3
16/06/2024,22:00,300,0.8,24.5,0.3,10.2,,,,,0.001,0.009,0.010,0.000,7.4,1.6,2
16/06/2024,23:00,312,0.9,21.6,0.3,8.9,,,,,0.001,0.008,0.009,0.000,7.3,1.7,2
17/06/2024,00:00,310,1.2,12.2,0.3,8.8,,,,,0.001,0.007,0.007,0.000,8.0,2.2,3
17/06/2024,01:00,295,1.3,12.1,0.2,8.9,,,,,0.000,0.005,0.005,0.001,7.9,2.5,4
17/06/2024,02:00,284,1.6,9.2,0.2,8.8,,,,,0.000,0.004,0.005,0.000,9.8,2.5,4
17/06/2024,03:00,291,1.4,13.2,0.3,7.8,,,,,0.001,0.005,0.006,0.000,6.3,2.2,3
17/06/2024,04:00,276,2.0,13.5,0.4,8.0,,,,,0.004,0.009,0.013,0.000,6.0,2.1,4
17/06/2024,05:00,275,1.3,15.4,0.3,7.6,,,,,0.019,0.014,0.033,0.000,8.5,2.7,5
17/06/2024,06:00,245,2.2,9.1,0.4,8.6,,,,,0.051,0.019,0.070,0.001,14.2,3.5,8
17/06/2024,07:00,255,1.8,13.1,0.5,10.9,,,,,0.031,0.012,0.043,0.001,17.7,4.1,7
17/06/2024,08:00,206,3.6,12.3,0.9,15.2,,,,,0.003,0.003,0.005,0.000,10.6,2.1,3
17/06/2024,09:00,206,3.6,12.8,0.9,16.5,,,,,0.001,0.001,0.002,0.000,9.3,1.8,3
17/06/2024,10:00,213,3.1,19.3,1.0,18.3,,,,,0.002,0.002,0.004,0.000,10.9,2.2,3
17/06/2024,11:00,249,3.5,27.2,1.2,19.8,,,,,0.001,0.003,0.004,0.000,26.4,2.6,3
17/06/2024,12:00,234,3.6,25.2,1.3,20.9,,,,,0.001,0.001,0.003,0.000,17.3,2.1,3
17/06/2024,13:00,228,3.1,25.3,1.1,21.9,,,,,0.001,0.001,0.003,0.000,13.5,1.7,2
17/06/2024,14:00,234,3.3,19.7,1.1,22.2,,,,,0.001,0.002,0.004,0.001,14.3,1.7,2
17/06/2024,15:00,217,3.3,26.2,1.1,21.8,,,,,0.002,0.003,0.005,0.000,32.2,2.8,4
17/06/2024,16:00,221,3.1,17.1,0.9,20.6,,,,,0.002,0.003,0.005,0.001,13.5,1.6,2
17/06/2024,17:00,217,2.3,21.8,0.7,18.9,,,,,0.001,0.004,0.005,0.001,9.9,1.6,2
17/06/2024,18:00,219,1.2,26.4,0.5,15.3,,,,,0.010,0.015,0.026,0.001,12.3,2.6,4
17/06/2024,19:00,236,1.6,16.7,0.4,12.6,,,,,0.019,0.018,0.037,0.001,13.4,2.4,4
17/06/2024,20:00,251,1.8,17.8,0.5,11.6,,,,,0.012,0.014,0.026,0.001,11.6,2.1,3
17/06/2024,21:00,234,2.3,15.0,0.6,12.3,,,,,0.005,0.008,0.013,0.000,9.6,1.7,2
17/06/2024,22:00,244,2.1,8.1,0.3,10.8,,,,,0.005,0.009,0.013,0.000,9.5,1.8,4
17/06/2024,23:00,225,3.5,9.0,0.7,15.1,,,,,0.002,0.002,0.004,0.000,8.4,1.4,2
18/06/2024,00:00,256,3.0,6.8,0.4,11.6,,,,,0.001,0.003,0.004,0.000,8.9,1.5,2
18/06/2024,01:00,253,2.1,13.6,0.4,9.5,,,,,0.000,0.004,0.004,0.000,8.3,1.7,2
18/06/2024,02:00,243,1.3,27.0,0.5,6.6,,,,,0.003,0.007,0.010,0.000,6.3,1.7,2
18/06/2024,03:00,218,2.6,14.9,0.7,11.8,,,,,0.002,0.004,0.005,0.000,6.6,1.8,2
18/06/2024,04:00,231,2.9,10.4,0.5,10.2,,,,,0.006,0.006,0.012,0.000,10.2,2.0,3
18/06/2024,05:00,231,1.5,12.0,0.4,4.7,,,,,0.062,0.020,0.082,0.001,10.2,3.0,7
18/06/2024,06:00,258,0.9,20.9,0.3,3.7,,,,,0.092,0.021,0.113,0.001,15.7,4.4,10
18/06/2024,07:00,292,1.0,24.3,0.2,6.3,,,,,0.061,0.017,0.077,0.001,30.2,6.2,12
18/06/2024,08:00,224,1.1,27.0,0.5,14.0,,,,,0.013,0.011,0.024,0.005,18.6,4.6,9
18/06/2024,09:00,197,2.1,23.0,0.7,15.6,,,,,0.007,0.007,0.014,0.001,12.5,3.2,5
18/06/2024,10:00,246,0.8,48.8,0.6,17.4,,,,,0.002,0.003,0.005,0.000,16.4,3.1,5
18/06/2024,11:00,266,0.9,51.5,0.8,19.0,,,,,0.001,0.002,0.003,0.000,16.1,3.2,5
18/06/2024,12:00,73,0.4,36.9,0.9,20.3,,,,,0.005,0.005,0.009,0.001,21.1,3.4,6
18/06/2024,13:00,54,1.5,33.1,0.9,21.1,,,,,0.003,0.011,0.014,0.000,18.8,3.4,6
18/06/2024,14:00,233,2.1,33.0,1.1,22.1,,,,,0.001,0.002,0.003,0.000,20.4,2.8,4
18/06/2024,15:00,252,2.5,21.2,0.9,22.0,,,,,0.002,0.003,0.005,0.000,84.1,6.3,9
18/06/2024,16:00,253,2.1,18.4,0.6,20.7,,,,,0.002,0.004,0.006,0.000,63.5,5.4,6
18/06/2024,17:00,249,1.7,11.8,0.4,18.1,,,,,0.007,0.012,0.019,0.001,19.2,3.4,6
18/06/2024,18:00,235,2.4,12.4,0.6,16.9,,,,,0.007,0.013,0.020,0.001,13.5,3.1,5
18/06/2024,19:00,225,2.6,14.3,0.6,15.8,,,,,0.004,0.009,0.013,0.001,12.2,2.8,4
18/06/2024,20:00,256,2.6,10.7,0.4,14.0,,,,,0.003,0.010,0.013,0.001,12.6,3.2,4
18/06/2024,21:00,276,1.2,21.0,0.3,10.1,,,,,0.003,0.011,0.015,0.000,15.4,3.5,5
18/06/2024,22:00,268,2.0,8.1,0.3,8.5,,,,,0.003,0.010,0.013,0.000,10.2,3.0,4
18/06/2024,23:00,272,1.6,11.0,0.3,8.2,,,,,0.002,0.009,0.011,0.000,9.2,2.9,4
19/06/2024,00:00,295,1.1,11.9,0.2,7.3,,,,,0.004,0.010,0.014,0.000,10.1,3.2,5
19/06/2024,01:00,282,1.8,8.1,0.3,7.7,,,,,0.001,0.007,0.008,0.001,8.2,2.9,4
19/06/2024,02:00,288,1.2,23.5,0.4,7.4,,,,,0.001,0.007,0.008,0.000,9.2,2.7,4
19/06/2024,03:00,298,0.8,29.4,0.3,6.8,,,,,0.002,0.008,0.010,0.000,8.1,2.6,4
19/06/2024,04:00,305,0.9,17.0,0.3,5.6,,,,,0.004,0.011,0.015,0.000,8.5,2.8,4
19/06/2024,05:00,308,0.8,24.1,0.3,5.8,,,,,0.012,0.015,0.027,0.000,9.2,3.2,6
19/06/2024,06:00,296,1.3,11.7,0.3,6.2,,,,,0.027,0.017,0.044,0.000,11.9,3.6,6
19/06/2024,07:00,307,0.7,20.8,0.3,9.8,,,,,0.009,0.012,0.021,0.000,11.2,3.7,6
19/06/2024,08:00,274,2.0,14.8,0.4,14.2,,,,,0.014,0.012,0.026,0.000,19.1,4.2,7
19/06/2024,09:00,271,2.0,14.4,0.5,18.4,,,,,0.002,0.003,0.004,0.000,12.0,3.0,4
19/06/2024,10:00,40,0.9,33.5,0.5,21.1,,,,,0.005,0.006,0.012,0.003,10.9,2.6,3
19/06/2024,11:00,62,1.9,21.9,0.5,22.0,,,,,0.014,0.015,0.029,0.007,26.3,4.3,7
19/06/2024,12:00,63,2.4,19.4,0.7,22.6,,,,,0.013,0.016,0.029,0.006,25.2,5.1,11
19/06/2024,13:00,36,1.9,26.3,0.7,23.8,,,,,0.007,0.012,0.019,0.005,13.5,2.7,4
19/06/2024,14:00,25,1.7,29.0,0.8,24.3,,,,,0.010,0.017,0.027,0.005,12.2,2.0,3
19/06/2024,15:00,39,2.0,20.1,0.7,22.7,,,,,0.001,0.003,0.004,0.003,15.6,3.5,6
19/06/2024,16:00,22,1.3,20.2,0.5,20.8,,,,,0.006,0.008,0.014,0.002,46.2,4.5,5
19/06/2024,17:00,84,0.2,37.0,0.2,17.2,,,,,0.020,0.019,0.039,0.001,17.6,3.2,6
19/06/2024,18:00,216,0.2,33.8,0.1,14.0,,,,,0.040,0.030,0.069,0.001,19.3,4.7,10
19/06/2024,19:00,302,0.6,18.7,0.1,12.2,,,,,0.036,0.026,0.062,0.001,13.9,3.6,6
19/06/2024,20:00,299,1.1,10.4,0.2,11.3,,,,,0.014,0.020,0.034,0.001,19.7,4.1,7
19/06/2024,21:00,283,1.5,16.8,0.3,11.7,,,,,0.001,0.013,0.015,0.001,12.4,3.6,6
19/06/2024,22:00,286,1.3,15.0,0.3,11.1,,,,,0.004,0.013,0.017,0.001,12.4,3.4,5
19/06/2024,23:00,300,1.0,10.3,0.2,9.1,,,,,0.004,0.013,0.017,0.001,12.4,3.6,6
20/06/2024,00:00,276,1.8,12.0,0.3,10.3,,,,,0.002,0.015,0.016,0.001,22.4,3.9,9
20/06/2024,01:00,269,1.7,17.0,0.5,11.0,,,,,0.001,0.012,0.014,0.002,11.2,3.3,5
20/06/2024,02:00,265,1.9,16.0,0.5,11.3,,,,,0.000,0.011,0.012,0.002,10.3,3.3,5
20/06/2024,03:00,261,1.8,15.9,0.5,11.3,,,,,0.001,0.011,0.012,0.003,9.6,3.2,5
20/06/2024,04:00,266,1.7,17.7,0.4,10.6,,,,,0.003,0.012,0.015,0.002,9.6,3.3,6
20/06/2024,05:00,258,1.3,22.8,0.4,10.6,,,,,0.015,0.017,0.031,0.003,10.7,3.4,7
20/06/2024,06:00,274,0.6,35.5,0.3,9.4,,,,,0.024,0.019,0.043,0.002,13.5,4.0,9
20/06/2024,07:00,269,1.6,14.0,0.4,11.1,,,,,0.020,0.016,0.036,0.003,18.1,4.8,11
20/06/2024,08:00,264,2.2,14.3,0.5,15.2,,,,,0.009,0.010,0.018,0.004,24.2,4.5,8
20/06/2024,09:00,297,1.3,24.4,0.4,19.6,,,,,0.004,0.007,0.011,0.003,17.2,4.6,9
20/06/2024,10:00,71,1.4,22.5,0.5,22.7,,,,,0.009,0.012,0.020,0.003,15.3,4.2,8
20/06/2024,11:00,62,1.9,20.9,0.6,23.7,,,,,0.004,0.008,0.012,0.002,14.8,3.4,5
20/06/2024,12:00,55,2.2,19.0,0.7,24.5,,,,,0.002,0.007,0.009,0.002,16.0,3.9,8
20/06/2024,13:00,76,3.0,15.8,0.7,24.2,,,,,0.004,0.009,0.014,0.002,10.8,3.5,6
20/06/2024,14:00,82,3.3,15.1,0.9,23.9,,,,,0.003,0.002,0.006,0.001,12.1,2.8,4
20/06/2024,15:00,44,2.2,18.4,0.8,23.7,,,,,0.001,0.004,0.005,0.001,9.0,2.7,4
20/06/2024,16:00,31,1.5,20.3,0.6,21.9,,,,,0.000,0.002,0.002,0.001,31.7,3.8,5
20/06/2024,17:00,17,1.1,22.3,0.4,19.6,,,,,0.000,0.003,0.003,0.001,6.4,2.0,3
20/06/2024,18:00,195,0.2,24.4,0.1,16.7,,,,,0.038,0.026,0.064,0.001,17.1,4.2,9
20/06/2024,19:00,299,0.9,8.6,0.1,14.3,,,,,0.038,0.024,0.062,0.001,13.1,3.8,8
20/06/2024,20:00,300,0.9,10.2,0.2,13.4,,,,,0.002,0.014,0.016,0.001,7.3,2.9,5
20/06/2024,21:00,304,0.9,10.4,0.2,12.7,,,,,0.005,0.015,0.019,0.000,9.2,3.3,6
20/06/2024,22:00,304,0.9,10.9,0.2,12.0,,,,,0.002,0.011,0.014,0.000,10.0,3.5,7
20/06/2024,23:00,288,1.3,10.1,0.2,12.0,,,,,0.006,0.010,0.016,0.000,10.6,3.7,7
21/06/2024,00:00,276,1.6,10.4,0.3,12.7,,,,,0.002,0.012,0.014,0.000,10.1,3.5,7
21/06/2024,01:00,285,1.1,11.9,0.2,11.6,,,,,0.011,0.012,0.023,0.001,9.9,3.6,7
21/06/2024,02:00,272,1.5,9.7,0.2,12.4,,,,,0.002,0.009,0.011,0.000,8.5,3.4,7
21/06/2024,03:00,272,1.6,9.9,0.2,12.3,,,,,0.003,0.011,0.014,0.000,8.3,3.3,7
21/06/2024,04:00,291,1.0,16.7,0.2,11.5,,,,,0.008,0.012,0.020,0.000,8.0,3.4,7
21/06/2024,05:00,268,1.7,12.6,0.3,11.6,,,,,0.009,0.012,0.021,0.000,9.5,3.4,8
21/06/2024,06:00,261,1.5,24.2,0.6,12.1,,,,,0.005,0.012,0.017,0.000,9.1,3.5,8
21/06/2024,07:00,257,2.2,12.7,0.5,14.1,,,,,0.006,0.010,0.016,0.001,13.4,3.5,7
21/06/2024,08:00,282,1.0,28.7,0.3,17.9,,,,,0.007,0.011,0.018,0.002,14.0,3.8,7
21/06/2024,09:00,58,0.5,42.5,0.3,23.1,,,,,0.005,0.007,0.012,0.002,19.3,4.2,9
21/06/2024,10:00,35,1.4,25.5,0.6,24.0,,,,,0.002,0.003,0.005,0.002,13.7,3.2,7
21/06/2024,11:00,15,2.2,25.2,0.8,25.1,,,,,0.001,0.002,0.003,0.001,8.0,2.0,3
21/06/2024,12:00,9,1.9,27.8,0.8,25.7,,,,,0.003,0.004,0.007,0.001,13.0,2.2,3
21/06/2024,13:00,3,1.7,30.2,0.8,26.1,,,,,0.007,0.012,0.020,0.001,17.1,2.7,4
21/06/2024,14:00,356,1.7,24.2,0.7,25.5,,,,,0.010,0.010,0.020,0.001,10.3,2.1,3
21/06/2024,15:00,348,1.3,26.0,0.5,24.3,,,,,0.000,0.001,0.001,0.001,7.0,1.9,3
21/06/2024,16:00,354,1.0,18.3,0.4,22.8,,,,,0.000,0.001,0.001,0.001,9.4,2.2,3
21/06/2024,17:00,347,0.6,23.9,0.3,21.0,,,,,0.000,0.001,0.001,0.001,11.8,2.7,4
21/06/2024,18:00,316,0.8,19.3,0.3,20.1,,,,,0.001,0.005,0.005,0.002,5.9,2.0,4
21/06/2024,19:00,326,0.5,25.2,0.2,19.6,,,,,0.000,0.005,0.006,0.002,6.5,2.0,3
21/06/2024,20:00,76,0.2,37.8,0.2,19.2,,,,,0.003,0.008,0.011,0.002,23.3,2.8,6
21/06/2024,21:00,280,0.6,17.8,0.2,18.1,,,,,0.016,0.015,0.031,0.001,13.0,2.8,5
21/06/2024,22:00,262,1.9,11.3,0.4,18.1,,,,,0.002,0.009,0.011,0.001,7.7,2.4,4
21/06/2024,23:00,309,0.6,19.3,0.2,17.4,,,,,0.002,0.009,0.012,0.001,7.3,2.4,4
22/06/2024,00:00,278,1.2,23.6,0.4,17.6,,,,,0.001,0.006,0.007,0.001,8.2,2.4,4
22/06/2024,01:00,269,0.8,40.4,0.3,17.9,,,,,0.000,0.003,0.003,0.001,7.9,2.7,4
22/06/2024,02:00,314,0.5,32.1,0.2,17.3,,,,,0.001,0.005,0.006,0.001,7.0,2.7,5
22/06/2024,03:00,289,0.6,37.0,0.3,17.2,,,,,0.001,0.006,0.007,0.001,7.1,2.7,5
22/06/2024,04:00,209,0.4,29.5,0.4,17.3,,,,,0.003,0.007,0.010,0.001,9.2,3.4,9
22/06/2024,05:00,160,1.7,26.2,0.7,19.0,,,,,0.002,0.007,0.009,0.001,15.0,6.5,17
22/06/2024,06:00,249,2.4,15.0,0.6,17.9,,,,,0.001,0.004,0.006,0.001,28.1,7.2,17
22/06/2024,07:00,252,2.8,11.6,0.6,17.4,,,,,0.001,0.004,0.005,0.001,21.6,6.5,16
22/06/2024,08:00,246,2.7,16.7,0.7,18.2,,,,,0.003,0.005,0.008,0.001,35.5,6.1,12
22/06/2024,09:00,245,2.8,16.3,0.7,18.8,,,,,0.002,0.003,0.006,0.002,19.2,5.0,10
22/06/2024,10:00,221,2.1,20.4,0.7,19.6,,,,,0.005,0.006,0.011,0.006,15.1,4.3,8
22/06/2024,11:00,148,1.6,26.4,0.6,20.0,,,,,0.004,0.007,0.012,0.004,13.5,4.1,8
22/06/2024,12:00,166,2.8,17.8,1.0,20.3,,,,,0.005,0.006,0.011,0.008,14.6,4.1,8
22/06/2024,13:00,192,1.7,20.3,0.7,20.4,,,,,0.007,0.008,0.015,0.009,48.4,5.8,10
22/06/2024,14:00,166,1.4,29.0,0.6,20.6,,,,,0.014,0.013,0.027,0.015,28.2,4.9,9
22/06/2024,15:00,143,1.8,22.2,0.6,20.3,,,,,0.002,0.005,0.007,0.003,13.4,3.9,7
22/06/2024,16:00,144,2.6,15.4,0.8,19.6,,,,,0.002,0.004,0.006,0.001,11.1,3.3,5
22/06/2024,17:00,149,2.5,20.7,0.9,19.1,,,,,0.001,0.005,0.006,0.001,15.0,3.0,5
22/06/2024,18:00,193,2.0,28.8,0.8,17.8,,,,,0.003,0.007,0.010,0.005,12.1,3.4,6
22/06/2024,19:00,276,0.7,38.3,0.4,16.3,,,,,0.000,0.003,0.004,0.001,8.7,2.6,4
22/06/2024,20:00,228,0.7,42.3,0.6,15.7,,,,,0.001,0.006,0.007,0.001,10.2,2.7,4
22/06/2024,21:00,268,1.8,15.5,0.5,15.0,,,,,0.000,0.003,0.003,0.001,8.3,2.4,4
22/06/2024,22:00,259,2.1,16.9,0.5,15.1,,,,,0.000,0.001,0.001,0.001,7.0,2.0,3
22/06/2024,23:00,260,2.0,23.4,0.4,15.2,,,,,0.001,0.001,0.002,0.001,9.5,1.9,3
23/06/2024,00:00,225,2.1,25.5,0.7,16.3,,,,,0.006,0.010,0.015,0.011,8.8,2.3,4
23/06/2024,01:00,247,2.7,15.2,0.7,16.0,,,,,0.002,0.004,0.006,0.003,6.1,1.8,2
23/06/2024,02:00,240,3.1,16.7,0.9,16.3,,,,,0.002,0.003,0.004,0.002,9.0,1.9,2
23/06/2024,03:00,247,2.6,13.5,0.7,15.6,,,,,0.000,0.001,0.002,0.001,5.8,1.8,2
23/06/2024,04:00,244,3.2,11.9,0.8,15.2,,,,,0.001,0.003,0.004,0.001,6.5,1.9,2
23/06/2024,05:00,232,2.6,13.7,0.8,15.0,,,,,0.003,0.006,0.010,0.005,6.5,1.9,3
23/06/2024,06:00,163,1.9,25.5,0.8,14.4,,,,,0.005,0.011,0.015,0.004,10.3,2.6,3
23/06/2024,07:00,176,1.3,41.6,0.9,14.4,,,,,0.003,0.007,0.010,0.001,9.9,2.3,3
23/06/2024,08:00,167,2.3,24.9,0.9,16.2,,,,,0.005,0.007,0.011,0.005,9.4,2.4,3
23/06/2024,09:00,193,2.9,22.8,1.0,17.5,,,,,0.008,0.007,0.015,0.010,25.9,3.2,4
23/06/2024,10:00,220,1.6,32.8,0.9,19.3,,,,,0.004,0.004,0.007,0.003,12.4,2.1,3
23/06/2024,11:00,217,2.9,25.2,1.0,20.5,,,,,0.001,0.001,0.001,0.001,77.7,4.4,3
23/06/2024,12:00,227,2.9,24.8,1.1,21.5,,,,,0.000,0.001,0.001,0.000,19.3,2.2,2
23/06/2024,13:00,228,2.5,21.3,0.9,22.2,,,,,0.001,0.000,0.002,0.001,67.1,4.6,5
23/06/2024,14:00,163,1.0,25.8,0.8,23.2,,,,,0.002,0.003,0.005,0.002,8.1,1.4,2
23/06/2024,15:00,59,2.2,14.4,0.6,22.0,,,,,0.001,0.003,0.004,0.003,6.9,1.6,2
23/06/2024,16:00,27,0.7,28.4,0.3,20.2,,,,,0.001,0.004,0.005,0.002,9.4,1.7,2
23/06/2024,17:00,308,0.8,17.1,0.2,15.1,,,,,0.004,0.013,0.016,0.002,11.7,2.8,4
23/06/2024,18:00,300,1.0,9.4,0.2,11.9,,,,,0.006,0.015,0.021,0.001,8.8,2.2,3
23/06/2024,19:00,301,1.4,14.5,0.4,10.8,,,,,0.002,0.015,0.017,0.001,9.7,2.4,4
23/06/2024,20:00,303,1.4,9.9,0.3,9.3,,,,,0.003,0.014,0.016,0.001,15.6,3.9,7
23/06/2024,21:00,285,1.4,12.4,0.3,8.1,,,,,0.006,0.013,0.018,0.001,14.7,3.9,7
23/06/2024,22:00,277,1.9,10.1,0.3,7.8,,,,,0.002,0.009,0.011,0.000,9.2,3.4,5
23/06/2024,23:00,294,1.1,17.1,0.2,5.8,,,,,0.004,0.010,0.013,0.000,10.7,3.5,6
24/06/2024,00:00,265,2.0,11.1,0.3,7.5,,,,,0.001,0.007,0.007,0.000,9.0,3.0,5
24/06/2024,01:00,263,3.1,8.7,0.4,8.7,,,,,0.001,0.004,0.005,0.001,7.6,2.3,3
24/06/2024,02:00,264,3.2,9.4,0.6,9.5,,,,,0.000,0.002,0.003,0.000,6.7,1.9,3
24/06/2024,03:00,260,3.8,9.4,0.7,9.4,,,,,0.000,0.001,0.002,0.000,5.4,2.1,3
24/06/2024,04:00,258,3.7,8.8,0.7,9.3,,,,,0.001,0.002,0.003,0.000,6.6,2.6,4
24/06/2024,05:00,252,3.6,9.6,0.6,10.0,,,,,0.004,0.007,0.011,0.001,8.4,3.1,5
24/06/2024,06:00,259,2.0,16.7,0.5,9.7,,,,,0.009,0.011,0.020,0.001,10.4,3.4,6
24/06/2024,07:00,267,1.3,21.5,0.4,9.7,,,,,0.012,0.014,0.026,0.001,12.2,3.9,7
24/06/2024,08:00,261,2.2,12.8,0.5,11.8,,,,,0.005,0.009,0.014,0.001,12.3,3.8,6
24/06/2024,09:00,265,2.3,16.5,0.5,14.8,,,,,0.004,0.007,0.011,0.001,10.9,3.5,6
24/06/2024,10:00,130,2.3,25.2,0.8,19.5,,,,,0.005,0.007,0.012,0.002,12.3,3.1,6
24/06/2024,11:00,83,2.3,28.4,0.8,21.3,,,,,0.005,0.007,0.012,0.006,10.5,2.1,3
24/06/2024,12:00,64,3.4,15.1,0.9,20.9,,,,,0.003,0.005,0.008,0.007,11.7,2.2,3
24/06/2024,13:00,62,3.4,14.6,0.9,21.0,,,,,0.001,0.001,0.002,0.004,6.2,2.1,2
24/06/2024,14:00,70,2.8,16.7,0.8,21.7,,,,,0.000,0.000,0.001,0.002,7.1,1.8,3
24/06/2024,15:00,83,2.9,14.3,0.7,21.2,,,,,0.005,0.003,0.008,0.000,6.8,2.1,3
24/06/2024,16:00,73,2.0,14.1,0.6,19.4,,,,,0.001,0.002,0.003,0.000,5.7,2.1,3
24/06/2024,17:00,12,0.3,25.6,0.2,16.5,,,,,0.005,0.011,0.016,0.000,10.4,3.4,5
24/06/2024,18:00,292,0.6,11.0,0.1,13.1,,,,,0.013,0.016,0.029,0.000,15.0,4.2,7
24/06/2024,19:00,298,0.7,12.0,0.1,11.3,,,,,0.043,0.021,0.064,0.001,14.8,4.0,8
24/06/2024,20:00,302,1.1,9.3,0.2,10.7,,,,,0.010,0.015,0.025,0.000,15.3,3.6,6
24/06/2024,21:00,275,1.7,8.4,0.3,11.4,,,,,0.002,0.010,0.012,0.000,10.4,3.5,5
24/06/2024,22:00,273,2.0,14.8,0.3,11.6,,,,,0.001,0.009,0.010,0.000,10.6,4.5,8
24/06/2024,23:00,269,2.2,11.0,0.4,10.8,,,,,0.002,0.009,0.011,0.000,9.9,4.2,8
25/06/2024,00:00,261,2.9,9.6,0.5,11.0,,,,,0.001,0.005,0.006,0.000,9.2,3.9,7
25/06/2024,01:00,260,2.5,10.6,0.5,11.6,,,,,0.000,0.004,0.004,0.001,7.9,3.6,6
25/06/2024,02:00,255,2.2,14.4,0.6,11.4,,,,,0.001,0.004,0.004,0.000,7.5,3.4,5
25/06/2024,03:00,255,2.2,13.8,0.6,11.4,,,,,0.001,0.005,0.006,0.000,8.0,3.6,6
25/06/2024,04:00,250,2.1,18.1,0.7,10.9,,,,,0.001,0.004,0.005,0.000,7.2,3.5,6
25/06/2024,05:00,237,1.8,18.5,0.6,11.5,,,,,0.003,0.006,0.009,0.000,7.8,3.3,6
25/06/2024,06:00,250,2.2,15.6,0.7,11.2,,,,,0.003,0.008,0.011,0.000,13.1,3.8,7
25/06/2024,07:00,253,2.5,14.7,0.7,11.9,,,,,0.003,0.007,0.010,0.000,9.8,3.7,6
25/06/2024,08:00,263,2.4,13.1,0.5,15.2,,,,,0.006,0.007,0.013,0.001,20.7,4.1,6
25/06/2024,09:00,146,0.5,32.8,0.5,19.9,,,,,0.013,0.008,0.021,0.007,11.3,3.7,7
25/06/2024,10:00,103,2.2,17.7,0.6,22.4,,,,,0.032,0.024,0.056,0.025,13.2,4.0,8
25/06/2024,11:00,72,2.9,18.0,0.8,23.3,,,,,0.004,0.006,0.010,0.007,11.6,3.5,5
25/06/2024,12:00,72,3.2,18.1,0.9,23.5,,,,,0.006,0.003,0.009,0.001,10.3,3.3,5
25/06/2024,13:00,85,3.2,16.1,0.8,23.5,,,,,0.004,0.004,0.008,0.001,9.8,3.0,4
25/06/2024,14:00,83,2.9,16.3,0.8,23.6,,,,,0.001,0.002,0.003,0.001,7.5,2.6,3
25/06/2024,15:00,83,2.8,15.5,0.8,22.9,,,,,0.005,0.005,0.010,0.001,9.2,3.4,4
25/06/2024,16:00,87,2.3,15.6,0.6,21.6,,,,,0.007,0.012,0.019,0.001,11.6,3.3,8
25/06/2024,17:00,99,1.5,14.4,0.4,20.0,,,,,0.000,0.011,0.011,0.001,11.3,3.5,5
25/06/2024,18:00,130,0.5,27.5,0.2,18.9,,,,,0.000,0.010,0.010,0.001,13.6,3.8,7
25/06/2024,19:00,272,0.2,37.0,0.1,17.2,,,,,0.008,0.016,0.025,0.001,14.1,4.3,17
25/06/2024,20:00,255,0.3,31.0,0.2,17.4,,,,,0.003,0.013,0.016,0.001,22.7,4.4,8
25/06/2024,21:00,279,0.3,24.8,0.2,17.3,,,,,0.005,0.014,0.019,0.001,11.2,3.6,7
25/06/2024,22:00,277,0.6,28.2,0.2,16.8,,,,,0.005,0.013,0.019,0.001,10.7,3.6,7
25/06/2024,23:00,280,0.8,30.6,0.2,17.1,,,,,0.001,0.010,0.010,0.001,8.0,3.4,7
26/06/2024,00:00,286,1.1,13.9,0.2,16.9,,,,,0.001,0.009,0.010,0.001,9.1,3.5,6
26/06/2024,01:00,286,0.7,20.4,0.2,16.5,,,,,0.002,0.009,0.011,0.001,8.4,3.8,7
26/06/2024,02:00,289,1.5,12.8,0.3,16.8,,,,,0.001,0.006,0.007,0.001,8.6,3.8,8
26/06/2024,03:00,272,0.4,32.9,0.2,16.9,,,,,0.005,0.007,0.012,0.001,8.3,3.7,7
26/06/2024,04:00,272,1.4,10.7,0.3,16.8,,,,,0.005,0.009,0.014,0.001,10.0,4.0,9
26/06/2024,05:00,250,0.5,20.0,0.3,17.0,,,,,0.007,0.012,0.019,0.001,11.4,4.6,11
26/06/2024,06:00,291,0.4,22.8,0.2,16.7,,,,,0.019,0.014,0.033,0.001,12.0,5.1,13
26/06/2024,07:00,266,1.2,16.3,0.4,17.1,,,,,0.012,0.012,0.024,0.001,11.4,4.9,12
26/06/2024,08:00,283,0.8,20.5,0.3,17.5,,,,,0.006,0.009,0.016,0.001,11.5,4.3,10
26/06/2024,09:00,238,0.6,27.7,0.4,18.6,,,,,,,,,,,
26/06/2024,10:00,236,0.9,16.9,0.4,18.7,,,,,,,,,,,
26/06/2024,11:00,165,0.6,31.7,0.3,20.0,,,,,,,,,,,
26/06/2024,12:00,131,1.1,18.2,0.3,20.1,,,,,0.005,0.010,0.015,0.002,11.7,6.8,25
26/06/2024,13:00,177,0.5,20.9,0.3,20.2,,,,,0.003,0.008,0.011,0.002,10.2,5.9,22
26/06/2024,14:00,180,0.5,25.5,0.5,19.8,,,,,0.003,0.009,0.012,0.002,19.2,7.5,27
26/06/2024,15:00,101,1.1,21.8,0.4,20.3,,,,,0.002,0.007,0.009,0.002,8.5,4.2,11
26/06/2024,16:00,69,0.6,17.9,0.2,19.8,,,,,0.001,0.009,0.010,0.001,9.9,4.0,8
26/06/2024,17:00,121,1.3,14.9,0.4,19.5,,,,,0.000,0.007,0.007,0.001,9.1,3.6,8
26/06/2024,18:00,109,0.4,31.7,0.2,19.2,,,,,0.000,0.005,0.005,0.001,7.9,3.4,8
26/06/2024,19:00,82,0.2,15.4,0.2,18.9,,,,,0.000,0.005,0.005,0.001,9.2,3.7,8
26/06/2024,20:00,161,1.6,24.0,0.6,19.1,,,,,0.001,0.005,0.006,0.001,9.3,4.4,12
26/06/2024,21:00,199,0.3,40.2,0.3,19.0,,,,,0.000,0.003,0.003,0.001,7.1,3.7,7
26/06/2024,22:00,128,0.4,17.2,0.2,18.8,,,,,0.000,0.004,0.004,0.001,7.6,3.5,6
26/06/2024,23:00,79,0.3,27.1,0.2,18.5,,,,,0.001,0.003,0.004,0.001,7.5,3.9,8
27/06/2024,00:00,129,0.3,23.3,0.2,18.4,,,,,0.001,0.004,0.005,0.001,8.8,4.3,8
27/06/2024,01:00,113,1.2,17.5,0.4,18.5,,,,,0.000,0.003,0.003,0.001,8.9,5.5,11
27/06/2024,02:00,99,0.6,18.8,0.2,18.3,,,,,0.000,0.002,0.002,0.001,7.3,4.0,7
27/06/2024,03:00,146,0.7,22.8,0.3,18.2,,,,,0.002,0.006,0.008,0.001,9.3,5.3,17
27/06/2024,04:00,133,1.0,22.7,0.3,18.0,,,,,0.000,0.004,0.004,0.001,8.4,4.3,13
27/06/2024,05:00,139,0.8,19.6,0.3,17.9,,,,,0.001,0.008,0.009,0.001,7.3,4.0,10
27/06/2024,06:00,148,1.2,18.6,0.4,18.0,,,,,0.001,0.008,0.009,0.001,8.2,4.3,13
27/06/2024,07:00,140,1.3,22.1,0.5,18.1,,,,,0.001,0.005,0.006,0.001,4.4,2.0,4
27/06/2024,08:00,164,0.3,24.3,0.3,18.2,,,,,0.004,0.008,0.012,0.001,6.2,3.3,9
27/06/2024,09:00,149,1.2,17.9,0.4,18.7,,,,,0.005,0.011,0.017,0.003,8.9,4.5,17
27/06/2024,10:00,146,0.7,35.5,0.4,19.0,,,,,0.004,0.009,0.013,0.003,8.8,4.9,17
27/06/2024,11:00,146,1.2,21.3,0.4,19.2,,,,,0.003,0.007,0.011,0.002,7.2,3.4,11
27/06/2024,12:00,158,1.3,28.5,0.6,19.3,,,,,0.003,0.005,0.008,0.002,5.1,1.8,3
27/06/2024,13:00,178,0.7,32.7,0.4,19.2,,,,,0.002,0.005,0.008,0.001,4.8,1.9,3
27/06/2024,14:00,192,0.6,29.0,0.4,19.4,,,,,0.003,0.006,0.009,0.001,4.3,1.7,3
27/06/2024,15:00,151,0.6,30.2,0.3,19.4,,,,,0.001,0.005,0.006,0.001,5.4,1.9,4
27/06/2024,16:00,171,0.9,22.3,0.4,19.1,,,,,0.001,0.005,0.006,0.001,6.0,2.5,8
27/06/2024,17:00,295,0.6,23.7,0.3,18.8,,,,,0.000,0.004,0.005,0.001,5.8,1.5,2
27/06/2024,18:00,309,0.2,32.2,0.2,18.6,,,,,0.001,0.006,0.007,0.001,5.9,2.0,3
27/06/2024,19:00,146,0.4,23.7,0.2,18.7,,,,,0.001,0.005,0.006,0.001,5.4,2.3,5
27/06/2024,20:00,104,0.3,27.6,0.2,18.7,,,,,0.000,0.003,0.003,0.001,7.8,4.1,14
27/06/2024,21:00,102,0.5,20.3,0.1,18.5,,,,,0.000,0.001,0.001,0.001,6.5,2.7,6
27/06/2024,22:00,101,0.3,28.7,0.1,18.3,,,,,0.000,0.003,0.003,0.001,7.2,2.3,4
27/06/2024,23:00,252,0.6,26.0,0.2,18.4,,,,,0.001,0.005,0.005,0.000,9.2,4.5,15
28/06/2024,00:00,244,0.6,34.8,0.3,18.1,,,,,0.000,0.003,0.003,0.000,7.5,4.0,12
28/06/2024,01:00,270,1.5,15.2,0.4,17.9,,,,,0.000,0.001,0.002,0.001,5.7,2.8,6
28/06/2024,02:00,258,1.8,13.7,0.4,17.9,,,,,0.000,0.001,0.001,0.001,5.7,2.4,4
28/06/2024,03:00,251,1.5,16.6,0.4,18.0,,,,,0.000,0.002,0.002,0.000,5.2,1.6,2
28/06/2024,04:00,265,1.2,13.7,0.3,17.9,,,,,0.000,0.002,0.002,0.000,5.5,1.6,2
28/06/2024,05:00,253,1.8,13.0,0.4,17.7,,,,,0.002,0.003,0.005,0.000,4.9,1.8,3
28/06/2024,06:00,251,2.1,13.2,0.5,17.7,,,,,0.002,0.004,0.006,0.000,5.4,1.8,3
28/06/2024,07:00,253,1.6,14.9,0.5,18.1,,,,,0.002,0.003,0.006,0.000,3.4,1.7,2
28/06/2024,08:00,258,2.0,15.8,0.5,19.1,,,,,0.003,0.003,0.006,0.000,6.9,1.9,2
28/06/2024,09:00,268,0.9,34.9,0.3,20.7,,,,,0.003,0.003,0.005,0.001,10.1,2.1,3
28/06/2024,10:00,70,2.1,14.3,0.5,22.1,,,,,0.008,0.006,0.014,0.001,9.9,2.7,5
28/06/2024,11:00,64,2.2,16.9,0.6,22.1,,,,,0.007,0.007,0.014,0.003,9.6,2.6,5
28/06/2024,12:00,72,2.8,15.8,0.8,22.8,,,,,0.002,0.002,0.005,0.002,5.9,1.8,3
28/06/2024,13:00,69,3.1,13.7,0.7,23.1,,,,,0.001,0.002,0.003,0.001,4.5,1.7,3
28/06/2024,14:00,73,2.9,13.6,0.7,22.8,,,,,0.002,0.003,0.004,0.001,6.2,2.9,6
28/06/2024,15:00,83,2.6,16.6,0.6,22.6,,,,,0.001,0.002,0.003,0.001,9.4,3.9,8
28/06/2024,16:00,61,1.6,18.0,0.5,21.2,,,,,0.000,0.001,0.001,0.001,9.1,3.9,8
28/06/2024,17:00,39,0.5,37.2,0.2,19.8,,,,,0.000,0.005,0.005,0.001,9.0,4.0,9
28/06/2024,18:00,11,0.4,28.8,0.2,19.1,,,,,0.000,0.006,0.007,0.000,11.5,4.6,11
28/06/2024,19:00,92,0.5,28.0,0.3,19.6,,,,,0.000,0.007,0.007,0.001,9.0,4.2,9
28/06/2024,20:00,89,0.4,18.7,0.3,19.4,,,,,0.000,0.005,0.005,0.001,10.5,4.4,10
28/06/2024,21:00,129,1.0,25.0,0.4,19.5,,,,,0.003,0.015,0.018,0.002,11.0,5.4,15
28/06/2024,22:00,134,1.0,22.1,0.4,19.8,,,,,0.000,0.002,0.002,0.005,13.1,6.3,19
28/06/2024,23:00,130,1.0,24.7,0.4,20.2,,,,,0.000,0.003,0.003,0.002,13.7,7.3,27
29/06/2024,00:00,146,1.2,16.7,0.4,20.3,,,,,0.000,0.006,0.006,0.001,14.0,7.4,31
29/06/2024,01:00,147,1.3,18.0,0.4,20.1,,,,,0.000,0.005,0.005,0.001,12.4,6.1,18
29/06/2024,02:00,154,0.8,27.9,0.4,20.1,,,,,0.000,0.007,0.007,0.001,13.6,7.0,24
29/06/2024,03:00,154,0.8,29.0,0.4,20.2,,,,,0.000,0.005,0.006,0.002,13.8,6.6,22
29/06/2024,04:00,150,1.3,18.4,0.5,20.1,,,,,0.000,0.006,0.006,0.001,12.0,5.8,19
29/06/2024,05:00,150,1.1,23.0,0.4,20.1,,,,,0.000,0.007,0.008,0.001,14.3,5.8,19
29/06/2024,06:00,132,0.7,38.9,0.3,20.1,,,,,0.000,0.005,0.006,0.001,15.0,7.8,42
29/06/2024,07:00,162,0.8,29.1,0.3,20.5,,,,,0.002,0.009,0.011,0.001,14.7,5.8,17
29/06/2024,08:00,147,0.9,40.5,0.4,21.4,,,,,0.002,0.008,0.010,0.001,14.7,6.0,20
29/06/2024,09:00,102,1.7,23.5,0.6,22.8,,,,,0.007,0.012,0.019,0.008,12.8,5.1,13
29/06/2024,10:00,83,2.6,18.1,0.7,23.8,,,,,0.003,0.006,0.009,0.008,12.7,5.0,11
29/06/2024,11:00,61,2.5,18.2,0.7,23.8,,,,,0.001,0.001,0.002,0.002,12.0,4.8,10
29/06/2024,12:00,77,2.8,13.1,0.6,23.5,,,,,0.000,0.001,0.001,0.001,13.1,4.9,10
29/06/2024,13:00,84,2.6,15.1,0.7,23.4,,,,,0.002,0.004,0.006,0.001,13.8,5.0,11
29/06/2024,14:00,90,2.6,14.1,0.7,23.3,,,,,0.003,0.006,0.009,0.001,13.4,5.0,11
29/06/2024,15:00,83,1.9,14.3,0.5,23.2,,,,,0.000,0.002,0.003,0.001,12.6,4.9,10
29/06/2024,16:00,89,1.3,17.2,0.4,22.4,,,,,0.001,0.006,0.007,0.001,14.5,5.2,12
29/06/2024,17:00,80,0.5,25.7,0.3,21.0,,,,,0.000,0.013,0.013,0.001,14.0,5.3,13
29/06/2024,18:00,8,0.1,50.9,0.2,19.5,,,,,0.001,0.012,0.013,0.001,14.3,5.5,13
29/06/2024,19:00,100,0.2,41.5,0.2,18.8,,,,,0.002,0.011,0.013,0.001,12.6,4.9,11
29/06/2024,20:00,278,0.3,39.7,0.1,18.1,,,,,0.007,0.010,0.017,0.000,9.0,4.1,9
29/06/2024,21:00,294,0.4,13.1,0.1,17.5,,,,,0.003,0.006,0.008,0.000,4.1,2.3,5
29/06/2024,22:00,294,0.7,10.6,0.1,17.1,,,,,0.006,0.007,0.013,0.000,5.7,3.0,6
29/06/2024,23:00,282,1.0,13.6,0.2,16.8,,,,,0.009,0.007,0.016,0.000,10.7,4.6,11
30/06/2024,00:00,294,1.1,9.4,0.2,16.1,,,,,0.005,0.006,0.011,0.000,11.6,4.6,11
30/06/2024,01:00,272,1.4,14.2,0.3,16.6,,,,,0.001,0.005,0.005,0.001,9.7,4.1,8
30/06/2024,02:00,262,1.8,15.2,0.4,16.8,,,,,0.000,0.002,0.003,0.000,6.2,3.7,8
30/06/2024,03:00,263,1.6,12.5,0.4,16.8,,,,,0.000,0.002,0.002,0.000,5.0,3.1,6
30/06/2024,04:00,271,1.0,15.8,0.2,16.0,,,,,0.003,0.003,0.006,0.000,6.7,2.9,6
30/06/2024,05:00,277,1.4,11.5,0.3,15.5,,,,,0.002,0.004,0.006,0.000,4.9,2.3,4
30/06/2024,06:00,264,1.9,12.6,0.4,15.4,,,,,0.002,0.004,0.005,0.000,3.6,2.0,4
30/06/2024,07:00,269,1.3,17.8,0.3,16.5,,,,,0.002,0.004,0.006,0.000,3.3,1.6,3
30/06/2024,08:00,293,0.9,14.7,0.2,18.8,,,,,0.003,0.003,0.006,0.001,6.8,2.5,7
30/06/2024,09:00,13,0.3,26.0,0.3,23.0,,,,,0.002,0.004,0.005,0.001,10.6,4.2,11
30/06/2024,10:00,43,1.6,31.2,0.7,24.7,,,,,0.001,0.003,0.004,0.001,10.5,3.8,7
30/06/2024,11:00,6,0.9,46.4,0.6,25.6,,,,,0.005,0.006,0.010,0.001,10.2,3.6,6
30/06/2024,12:00,37,1.7,26.3,0.7,26.1,,,,,0.001,0.002,0.003,0.001,9.1,3.5,5
30/06/2024,13:00,24,2.1,24.4,0.8,26.2,,,,,0.002,0.003,0.006,0.001,9.1,3.4,5
30/06/2024,14:00,359,1.7,25.0,0.7,25.6,,,,,0.001,0.004,0.005,0.000,9.2,3.3,4
30/06/2024,15:00,355,1.3,27.2,0.6,24.8,,,,,0.001,0.002,0.004,0.000,9.8,3.3,5
30/06/2024,16:00,5,1.1,25.7,0.5,23.9,,,,,0.011,0.008,0.020,0.001,11.4,3.8,6
30/06/2024,17:00,354,0.6,26.8,0.3,21.3,,,,,0.000,0.001,0.001,0.000,9.7,3.4,5
30/06/2024,18:00,107,0.2,38.7,0.1,19.5,,,,,0.012,0.012,0.024,0.000,13.6,3.9,8
30/06/2024,19:00,23,0.1,43.4,0.2,18.3,,,,,0.007,0.010,0.017,0.000,11.0,3.6,7
30/06/2024,20:00,97,0.4,25.6,0.2,18.1,,,,,0.003,0.003,0.006,0.000,8.0,3.1,5
30/06/2024,21:00,288,0.4,35.6,0.2,18.0,,,,,0.006,0.009,0.014,0.000,10.1,4.5,12
30/06/2024,22:00,298,0.4,36.9,0.1,17.2,,,,,0.004,0.006,0.009,0.000,8.0,3.5,7
30/06/2024,23:00,305,0.6,19.2,0.2,16.6,,,,,0.007,0.005,0.012,0.000,7.8,3.1,5
01/07/2024,00:00,328,0.1,25.2,0.1,16.4,,,,,0.001,0.004,0.005,0.000,7.3,3.0,5
01/07/2024,01:00,280,1.2,15.0,0.3,16.7,,,,,0.001,0.003,0.004,0.001,7.6,3.4,5
01/07/2024,02:00,295,0.5,24.7,0.2,17.0,,,,,0.000,0.003,0.003,0.000,4.9,2.5,5
01/07/2024,03:00,352,0.3,25.5,0.2,17.3,,,,,0.001,0.003,0.003,0.000,7.7,3.2,8
01/07/2024,04:00,290,0.5,27.2,0.2,17.0,,,,,0.001,0.003,0.004,0.000,6.9,4.0,11
01/07/2024,05:00,285,0.7,26.4,0.2,16.9,,,,,0.004,0.006,0.011,0.000,6.7,2.7,5
01/07/2024,06:00,292,1.0,14.0,0.3,16.9,,,,,0.009,0.009,0.018,0.000,8.2,3.1,6
01/07/2024,07:00,294,0.7,24.2,0.2,17.4,,,,,0.009,0.009,0.017,0.000,7.7,2.9,5
01/07/2024,08:00,307,0.7,24.2,0.2,19.1,,,,,0.010,0.007,0.017,0.001,22.9,4.5,9
01/07/2024,09:00,56,0.1,34.4,0.4,22.6,,,,,0.001,0.004,0.005,0.001,17.9,4.7,9
01/07/2024,10:00,57,1.7,27.8,0.6,24.1,,,,,0.002,0.003,0.005,0.000,12.1,4.2,8
01/07/2024,11:00,66,1.4,29.7,0.6,25.5,,,,,0.000,0.001,0.001,0.000,12.2,4.0,7
01/07/2024,12:00,84,0.8,30.4,0.6,25.2,,,,,0.001,0.002,0.002,0.000,11.9,4.0,7
01/07/2024,13:00,65,1.8,26.8,0.6,25.6,,,,,0.001,0.003,0.004,0.000,11.6,4.3,7
01/07/2024,14:00,73,2.2,16.2,0.6,24.9,,,,,0.000,0.001,0.001,0.000,9.2,3.7,7
01/07/2024,15:00,84,2.2,13.0,0.5,24.2,,,,,0.001,0.003,0.004,0.000,9.7,3.9,7
01/07/2024,16:00,93,1.6,14.1,0.4,23.0,,,,,0.019,0.008,0.027,0.001,11.5,4.5,14
01/07/2024,17:00,113,1.0,14.1,0.3,21.8,,,,,0.000,0.005,0.005,0.000,10.3,4.1,8
01/07/2024,18:00,102,0.4,33.5,0.1,20.6,,,,,0.000,0.004,0.004,0.000,10.0,4.0,8
01/07/2024,19:00,92,0.3,33.0,0.1,19.9,,,,,0.002,0.007,0.009,0.000,9.9,4.0,8
01/07/2024,20:00,137,0.2,20.0,0.1,19.6,,,,,0.007,0.009,0.017,0.000,12.2,4.2,9
01/07/2024,21:00,261,0.1,27.9,0.1,19.3,,,,,0.007,0.008,0.015,0.000,12.6,4.3,9
01/07/2024,22:00,295,0.5,21.4,0.1,19.5,,,,,0.005,0.006,0.011,0.000,9.9,4.0,8
01/07/2024,23:00,288,0.4,23.3,0.1,20.0,,,,,0.004,0.008,0.012,0.000,10.5,4.3,11
02/07/2024,00:00,299,0.3,32.3,0.2,20.1,,,,,0.000,0.007,0.007,0.000,9.5,4.3,12
02/07/2024,01:00,284,0.3,26.0,0.1,20.0,,,,,0.001,0.005,0.006,0.001,8.7,4.0,8
02/07/2024,02:00,283,0.3,25.8,0.1,19.8,,,,,0.001,0.005,0.006,0.000,9.3,4.2,10
02/07/2024,03:00,281,0.4,17.9,0.1,19.7,,,,,0.005,0.006,0.011,0.000,9.4,4.3,11
02/07/2024,04:00,305,0.3,16.2,0.1,19.6,,,,,0.007,0.007,0.014,0.000,10.1,4.4,12
02/07/2024,05:00,238,2.1,13.4,0.6,18.8,,,,,0.008,0.006,0.014,0.000,12.0,3.8,8
02/07/2024,06:00,227,2.2,12.8,0.5,18.2,,,,,0.001,0.004,0.005,0.000,7.7,1.4,2
02/07/2024,07:00,216,0.5,27.9,0.3,18.2,,,,,0.001,0.004,0.006,0.000,5.0,1.2,2
02/07/2024,08:00,230,1.6,15.9,0.5,18.5,,,,,0.002,0.004,0.006,0.000,5.1,1.4,3
02/07/2024,09:00,228,1.2,28.4,0.4,19.0,,,,,0.002,0.005,0.007,0.000,5.3,1.7,2
02/07/2024,10:00,211,1.7,21.6,0.6,19.7,,,,,0.002,0.002,0.004,0.000,5.8,1.4,2
02/07/2024,11:00,200,2.7,11.1,0.5,19.0,,,,,0.002,0.002,0.004,0.000,5.8,1.5,2
02/07/2024,12:00,224,1.8,11.8,0.4,19.2,,,,,0.002,0.002,0.004,0.000,6.1,1.4,2
02/07/2024,13:00,217,2.6,14.3,0.6,18.4,,,,,0.002,0.001,0.003,0.000,5.2,1.5,2
02/07/2024,14:00,205,2.2,15.1,0.6,18.3,,,,,0.002,0.002,0.004,0.000,5.8,1.7,2
02/07/2024,15:00,208,1.9,15.8,0.4,18.0,,,,,0.004,0.003,0.006,0.000,6.6,1.9,2
02/07/2024,16:00,242,1.9,13.5,0.4,17.3,,,,,0.003,0.004,0.007,0.000,6.3,2.3,3
02/07/2024,17:00,255,1.6,14.9,0.4,16.8,,,,,0.002,0.006,0.008,0.000,8.4,3.0,4
02/07/2024,18:00,230,2.0,14.1,0.5,16.8,,,,,0.001,0.005,0.006,0.000,5.9,2.9,5
02/07/2024,19:00,224,2.0,13.2,0.5,16.7,,,,,0.001,0.004,0.005,0.000,5.4,2.8,5
02/07/2024,20:00,233,2.2,14.0,0.5,16.5,,,,,0.001,0.002,0.003,0.000,6.1,3.0,5
02/07/2024,21:00,239,2.6,10.9,0.5,16.5,,,,,0.000,0.002,0.002,0.000,6.7,2.9,5
02/07/2024,22:00,238,2.4,11.1,0.5,16.3,,,,,0.001,0.002,0.002,0.000,8.4,3.4,7
02/07/2024,23:00,243,2.4,13.4,0.6,16.1,,,,,0.000,0.001,0.001,0.000,8.3,3.3,6
03/07/2024,00:00,241,2.8,10.1,0.5,15.9,,,,,0.001,0.001,0.002,0.000,8.4,3.0,5
03/07/2024,01:00,248,3.2,10.0,0.6,15.8,,,,,0.000,0.001,0.002,0.001,6.7,2.8,5
03/07/2024,02:00,250,2.8,12.1,0.6,15.7,,,,,0.000,0.001,0.001,0.000,7.1,2.7,5
03/07/2024,03:00,249,2.2,15.8,0.6,15.5,,,,,0.002,0.002,0.004,0.000,8.0,3.0,6
03/07/2024,04:00,243,1.7,19.3,0.6,15.4,,,,,0.003,0.003,0.006,0.001,9.1,2.4,5
03/07/2024,05:00,238,2.1,20.4,0.7,15.7,,,,,0.006,0.006,0.012,0.002,8.2,2.0,3
03/07/2024,06:00,255,2.8,10.0,0.5,15.5,,,,,0.003,0.005,0.008,0.001,8.0,1.6,2
03/07/2024,07:00,242,2.1,17.8,0.6,16.4,,,,,0.005,0.005,0.010,0.001,7.5,1.4,2
03/07/2024,08:00,244,2.2,16.8,0.6,17.2,,,,,0.003,0.003,0.006,0.001,8.1,1.5,2
03/07/2024,09:00,207,1.9,21.4,0.7,18.8,,,,,0.007,0.006,0.013,0.005,7.2,1.3,2
03/07/2024,10:00,171,2.5,23.3,1.0,20.2,,,,,0.008,0.006,0.014,0.012,9.0,2.4,3
03/07/2024,11:00,137,2.6,19.6,0.9,21.1,,,,,0.002,0.003,0.005,0.003,8.4,2.4,3
03/07/2024,12:00,145,2.4,20.9,0.8,21.3,,,,,0.001,0.004,0.006,0.001,8.7,3.0,4
03/07/2024,13:00,139,2.5,16.3,0.7,21.3,,,,,0.001,0.003,0.004,0.000,8.4,2.5,3
03/07/2024,14:00,142,2.7,18.4,0.8,21.8,,,,,0.002,0.003,0.005,0.000,9.3,2.6,4
03/07/2024,15:00,144,2.5,17.8,0.7,21.6,,,,,0.001,0.003,0.004,0.000,9.9,2.7,4
03/07/2024,16:00,136,2.9,16.2,0.8,20.7,,,,,0.001,0.007,0.008,0.000,9.9,2.9,5
03/07/2024,17:00,141,1.9,19.3,0.8,18.2,,,,,0.000,0.008,0.008,0.000,9.4,3.1,5
03/07/2024,18:00,144,2.2,17.9,0.8,18.1,,,,,0.000,0.004,0.004,0.000,9.5,3.3,5
03/07/2024,19:00,144,1.9,23.4,0.7,18.1,,,,,0.000,0.003,0.003,0.000,10.0,3.3,5
03/07/2024,20:00,155,2.1,20.3,0.8,18.1,,,,,0.000,0.003,0.003,0.000,9.1,3.6,5
03/07/2024,21:00,146,1.9,18.6,0.7,17.8,,,,,0.000,0.003,0.004,0.000,9.4,3.6,6
03/07/2024,22:00,145,1.9,18.0,0.7,17.5,,,,,0.000,0.007,0.007,0.000,11.6,4.4,10
03/07/2024,23:00,143,1.8,18.4,0.7,17.2,,,,,0.000,0.006,0.007,0.000,11.4,4.0,7
04/07/2024,00:00,141,1.6,20.5,0.6,17.1,,,,,0.000,0.008,0.009,0.000,12.7,5.0,10
04/07/2024,01:00,144,1.6,20.8,0.6,16.8,,,,,0.000,0.005,0.005,0.001,13.1,4.9,8
04/07/2024,02:00,152,2.8,15.5,0.8,16.8,,,,,0.000,0.004,0.005,0.000,12.6,4.5,7
04/07/2024,03:00,154,2.6,17.4,1.0,17.0,,,,,0.000,0.002,0.002,0.000,9.9,3.7,5
04/07/2024,04:00,151,2.7,18.9,0.9,16.9,,,,,0.000,0.003,0.003,0.000,9.5,3.5,5
04/07/2024,05:00,149,3.2,19.7,1.1,16.9,,,,,0.001,0.003,0.004,0.000,9.4,3.7,5
04/07/2024,06:00,153,3.1,19.2,1.2,16.0,,,,,0.001,0.005,0.006,0.000,10.7,4.1,6
04/07/2024,07:00,229,2.9,15.5,0.8,15.6,,,,,0.004,0.008,0.012,0.001,10.0,3.9,6
04/07/2024,08:00,231,3.3,13.2,0.9,16.0,,,,,0.003,0.005,0.008,0.001,9.0,3.7,6
04/07/2024,09:00,224,3.5,12.4,0.8,17.1,,,,,0.003,0.004,0.007,0.001,9.8,3.7,5
04/07/2024,10:00,198,2.9,19.9,0.9,19.1,,,,,0.007,0.008,0.015,0.009,14.3,4.8,8
04/07/2024,11:00,151,3.1,20.6,0.9,20.4,,,,,0.002,0.003,0.005,0.002,16.7,5.2,8
04/07/2024,12:00,132,3.1,21.4,1.1,21.3,,,,,0.001,0.004,0.005,0.001,17.7,5.3,7
04/07/2024,13:00,132,2.8,19.3,0.9,21.7,,,,,0.001,0.003,0.005,0.000,16.0,5.2,7
04/07/2024,14:00,116,4.0,16.8,1.2,21.5,,,,,0.004,0.009,0.013,0.005,17.0,5.3,7
04/07/2024,15:00,143,2.3,20.5,0.9,20.6,,,,,0.001,0.005,0.006,0.002,17.6,5.3,8
04/07/2024,16:00,145,3.7,16.3,1.2,19.9,,,,,0.001,0.006,0.008,0.001,14.3,4.6,7
04/07/2024,17:00,138,2.8,18.9,0.9,19.2,,,,,0.001,0.009,0.010,0.000,14.0,4.6,7
04/07/2024,18:00,140,2.5,19.0,0.9,19.0,,,,,0.000,0.010,0.010,0.000,15.8,5.8,10
04/07/2024,19:00,146,2.2,18.5,0.8,18.8,,,,,0.001,0.009,0.010,0.000,18.1,7.0,15
04/07/2024,20:00,139,2.5,18.6,0.9,18.8,,,,,0.000,0.009,0.009,0.000,19.7,7.0,13
04/07/2024,21:00,142,2.5,21.2,1.0,18.7,,,,,0.000,0.009,0.009,0.000,17.9,6.6,11
04/07/2024,22:00,158,2.5,18.5,0.9,18.3,,,,,0.000,0.003,0.003,0.000,17.9,6.2,9
04/07/2024,23:00,158,3.2,18.6,1.0,17.9,,,,,0.000,0.002,0.002,0.000,18.4,6.1,9
05/07/2024,00:00,153,3.6,18.2,1.3,17.3,,,,,0.000,0.002,0.002,0.000,15.6,5.5,8
05/07/2024,01:00,154,3.6,17.6,1.1,17.3,,,,,0.000,0.002,0.002,0.001,14.2,5.0,6
05/07/2024,02:00,155,3.2,17.0,1.1,17.2,,,,,0.000,0.001,0.001,0.000,12.8,4.5,6
05/07/2024,03:00,153,2.7,18.6,1.0,16.8,,,,,0.000,0.004,0.004,0.000,12.5,4.5,6
05/07/2024,04:00,158,2.8,19.3,0.9,16.5,,,,,0.000,0.002,0.003,0.000,12.8,4.7,6
05/07/2024,05:00,155,2.9,19.1,1.0,16.5,,,,,0.001,0.004,0.005,0.000,13.2,4.9,7
05/07/2024,06:00,153,2.8,17.7,0.9,16.6,,,,,0.001,0.005,0.006,0.000,14.2,4.8,7
05/07/2024,07:00,156,3.0,20.5,1.0,17.4,,,,,0.001,0.003,0.004,0.000,14.9,4.8,6
05/07/2024,08:00,154,3.3,19.2,1.1,18.4,,,,,0.002,0.004,0.006,0.000,15.6,5.0,7
05/07/2024,09:00,136,3.6,18.9,1.2,19.9,,,,,0.002,0.006,0.008,0.000,16.6,5.5,8
05/07/2024,10:00,127,5.1,17.7,1.4,21.3,,,,,0.001,0.002,0.003,0.000,15.4,5.2,7
05/07/2024,11:00,127,5.0,18.0,1.6,22.1,,,,,0.001,0.001,0.002,0.001,18.7,5.2,7
05/07/2024,12:00,104,5.1,16.3,1.4,22.7,,,,,0.009,0.013,0.022,0.010,16.5,5.2,6
05/07/2024,13:00,99,5.4,15.1,1.5,23.0,,,,,0.007,0.005,0.012,0.003,20.8,5.8,8
05/07/2024,14:00,102,5.3,14.5,1.5,22.7,,,,,0.001,0.003,0.003,0.002,20.3,5.7,8
05/07/2024,15:00,101,4.9,13.9,1.3,22.3,,,,,0.001,0.002,0.003,0.002,19.4,6.1,8
05/07/2024,16:00,106,4.1,15.2,1.2,21.2,,,,,0.001,0.003,0.004,0.002,19.3,5.9,7
05/07/2024,17:00,117,3.0,14.9,0.9,20.0,,,,,0.018,0.019,0.037,0.014,18.4,5.9,8
05/07/2024,18:00,122,1.8,14.8,0.5,19.1,,,,,0.000,0.003,0.003,0.005,17.2,5.5,8
05/07/2024,19:00,135,1.7,17.1,0.6,18.6,,,,,0.000,0.005,0.005,0.003,16.5,5.6,9
05/07/2024,20:00,144,1.6,16.9,0.5,18.1,,,,,0.000,0.009,0.010,0.001,16.7,5.9,13
05/07/2024,21:00,149,2.4,17.3,0.8,17.8,,,,,0.000,0.009,0.009,0.000,13.8,5.5,10
05/07/2024,22:00,154,2.7,17.0,0.9,17.5,,,,,0.000,0.002,0.003,0.000,11.3,4.4,7
05/07/2024,23:00,154,2.5,17.0,0.8,17.2,,,,,0.000,0.004,0.004,0.000,15.0,4.7,8
06/07/2024,00:00,152,2.4,19.2,0.8,16.9,,,,,0.000,0.002,0.002,0.000,37.9,5.2,8
06/07/2024,01:00,152,2.1,19.6,0.8,16.7,,,,,0.000,0.006,0.006,0.000,42.0,6.1,12
06/07/2024,02:00,155,2.1,17.7,0.7,16.5,,,,,0.000,0.003,0.003,0.000,67.1,9.2,14
06/07/2024,03:00,145,1.9,18.7,0.6,16.4,,,,,0.000,0.008,0.009,0.000,21.5,6.4,14
06/07/2024,04:00,140,2.1,19.9,0.8,16.5,,,,,0.000,0.008,0.009,0.000,30.9,7.3,14
06/07/2024,05:00,146,2.0,21.4,0.7,16.6,,,,,0.001,0.009,0.010,0.000,27.4,7.0,13
06/07/2024,06:00,143,1.9,21.0,0.8,16.6,,,,,0.001,0.011,0.012,0.000,30.3,7.5,15
06/07/2024,07:00,146,2.0,23.0,0.8,17.5,,,,,0.001,0.006,0.008,0.000,27.9,6.2,11
06/07/2024,08:00,140,3.1,21.3,1.1,19.5,,,,,0.002,0.006,0.008,0.000,24.2,6.4,11
06/07/2024,09:00,124,4.5,18.3,1.4,20.6,,,,,0.000,0.001,0.001,0.000,14.7,5.5,8
06/07/2024,10:00,121,4.6,17.9,1.5,21.7,,,,,0.000,0.001,0.001,0.000,14.7,5.2,7
06/07/2024,11:00,123,4.6,17.0,1.4,22.3,,,,,0.001,0.002,0.003,0.002,14.7,5.1,7
06/07/2024,12:00,109,4.9,17.6,1.4,23.1,,,,,0.005,0.007,0.012,0.006,16.0,5.1,7
06/07/2024,13:00,104,5.4,14.8,1.5,22.7,,,,,0.002,0.004,0.006,0.003,17.2,4.8,6
06/07/2024,14:00,102,5.5,13.7,1.5,22.2,,,,,0.002,0.003,0.004,0.002,15.6,4.6,6
06/07/2024,15:00,97,3.8,15.8,1.1,21.5,,,,,0.001,0.006,0.007,0.002,17.4,5.8,8
06/07/2024,16:00,109,3.8,14.9,1.1,21.2,,,,,0.011,0.015,0.026,0.012,16.2,5.4,7
06/07/2024,17:00,103,3.5,15.9,1.1,20.0,,,,,0.010,0.016,0.026,0.010,14.5,5.2,7
06/07/2024,18:00,129,2.0,16.3,0.6,19.2,,,,,0.000,0.007,0.007,0.003,16.8,5.6,8
06/07/2024,19:00,156,2.7,18.0,0.8,18.6,,,,,0.000,0.002,0.002,0.001,13.2,4.2,6
06/07/2024,20:00,151,2.5,19.5,0.8,18.0,,,,,0.000,0.003,0.003,0.000,11.2,4.0,6
06/07/2024,21:00,156,2.7,15.8,0.9,17.8,,,,,0.000,0.003,0.003,0.000,11.0,3.9,6
06/07/2024,22:00,153,2.7,20.8,1.0,17.8,,,,,0.000,0.003,0.004,0.000,12.5,4.3,7
06/07/2024,23:00,157,2.9,18.7,1.0,17.4,,,,,0.000,0.001,0.002,0.000,13.6,4.6,6
07/07/2024,00:00,156,2.8,19.2,1.0,17.3,,,,,0.000,0.001,0.001,0.000,13.6,4.2,6
07/07/2024,01:00,162,2.9,19.3,0.9,17.2,,,,,0.000,0.002,0.003,0.001,12.7,4.3,6
07/07/2024,02:00,156,2.8,18.6,0.9,17.1,,,,,0.000,0.002,0.002,0.000,12.4,4.1,5
07/07/2024,03:00,153,2.4,19.6,0.9,17.2,,,,,0.000,0.004,0.005,0.000,11.4,4.3,7
07/07/2024,04:00,135,2.9,19.0,1.0,17.4,,,,,0.000,0.004,0.004,0.000,10.3,4.3,7
07/07/2024,05:00,130,3.1,17.7,1.0,17.3,,,,,0.000,0.006,0.006,0.000,9.5,4.0,6
07/07/2024,06:00,138,2.4,18.0,0.8,17.3,,,,,0.000,0.008,0.009,0.000,10.7,4.4,8
07/07/2024,07:00,150,2.0,22.2,0.8,17.8,,,,,0.001,0.008,0.009,0.000,11.6,4.7,9
07/07/2024,08:00,148,2.8,20.2,0.9,19.3,,,,,0.002,0.005,0.007,0.000,12.7,4.6,8
07/07/2024,09:00,126,4.6,17.8,1.4,20.9,,,,,0.002,0.002,0.003,0.000,15.2,5.0,7
07/07/2024,10:00,119,4.4,19.7,1.5,22.2,,,,,0.003,0.004,0.007,0.003,17.4,5.4,7
07/07/2024,11:00,114,5.0,18.0,1.4,23.0,,,,,0.011,0.013,0.024,0.013,18.1,5.5,8
07/07/2024,12:00,105,6.0,14.1,1.6,22.6,,,,,0.013,0.014,0.027,0.013,17.5,5.3,7
07/07/2024,13:00,104,5.5,15.9,1.6,22.9,,,,,0.010,0.013,0.023,0.011,15.9,3.9,4
07/07/2024,14:00,106,4.9,15.4,1.3,22.9,,,,,0.008,0.011,0.019,0.011,15.5,3.6,4
07/07/2024,15:00,124,4.0,17.6,1.2,21.9,,,,,0.003,0.003,0.005,0.004,11.5,3.6,4
07/07/2024,16:00,104,4.4,15.2,1.2,21.1,,,,,0.016,0.016,0.032,0.017,13.8,4.2,5
07/07/2024,17:00,115,3.4,16.9,1.0,19.4,,,,,0.035,0.021,0.056,0.023,15.7,4.9,7
07/07/2024,18:00,130,2.1,18.2,0.7,18.9,,,,,0.000,0.006,0.006,0.007,15.8,6.0,11
07/07/2024,19:00,131,2.1,16.3,0.6,18.9,,,,,0.000,0.003,0.003,0.002,14.6,5.3,8
07/07/2024,20:00,135,2.4,16.7,0.8,18.9,,,,,0.000,0.008,0.008,0.001,13.5,5.0,8
07/07/2024,21:00,150,1.5,19.6,0.6,18.3,,,,,0.000,0.009,0.009,0.000,16.0,5.2,10
07/07/2024,22:00,137,1.7,21.5,0.7,18.1,,,,,0.000,0.010,0.011,0.000,16.7,5.6,11
07/07/2024,23:00,155,1.1,19.4,0.4,17.5,,,,,0.000,0.010,0.010,0.000,16.9,5.4,10
08/07/2024,00:00,155,1.6,19.7,0.6,17.8,,,,,0.000,0.006,0.006,0.000,16.5,5.1,8
08/07/2024,01:00,162,2.4,19.9,0.9,18.2,,,,,0.000,0.002,0.003,0.001,18.4,4.9,6
08/07/2024,02:00,157,1.7,18.6,0.6,17.5,,,,,0.000,0.005,0.005,0.000,21.4,4.9,7
08/07/2024,03:00,159,1.1,33.2,0.4,17.4,,,,,0.000,0.011,0.011,0.000,18.5,5.2,10
08/07/2024,04:00,160,1.1,24.7,0.4,17.3,,,,,0.001,0.005,0.006,0.000,17.2,4.9,7
08/07/2024,05:00,185,0.9,30.2,0.6,16.7,,,,,0.001,0.008,0.009,0.000,16.6,4.9,7
08/07/2024,06:00,254,1.3,27.5,0.5,16.1,,,,,0.001,0.007,0.008,0.000,12.2,4.4,6
08/07/2024,07:00,206,1.2,31.4,0.7,17.4,,,,,0.002,0.008,0.010,0.001,15.1,4.7,7
08/07/2024,08:00,152,1.9,20.9,0.7,19.8,,,,,0.004,0.009,0.012,0.001,14.7,5.0,9
08/07/2024,09:00,123,2.6,17.8,0.7,21.4,,,,,0.037,0.018,0.055,0.016,14.5,5.0,8
08/07/2024,10:00,111,3.5,17.5,1.0,22.7,,,,,0.037,0.020,0.057,0.033,16.0,5.6,10
08/07/2024,11:00,94,4.1,17.3,1.2,23.1,,,,,0.009,0.006,0.015,0.006,15.7,5.1,9
08/07/2024,12:00,79,3.3,18.0,1.0,23.2,,,,,0.001,0.002,0.002,0.002,16.2,5.1,8
08/07/2024,13:00,70,3.5,16.7,0.9,23.5,,,,,0.001,0.002,0.002,0.001,17.8,5.3,9
08/07/2024,14:00,64,3.5,15.3,0.9,23.3,,,,,0.001,0.003,0.004,0.001,16.2,5.3,9
08/07/2024,15:00,75,3.1,15.8,1.0,21.1,,,,,0.001,0.001,0.002,0.001,12.0,4.6,8
08/07/2024,16:00,92,2.6,16.8,0.8,20.7,,,,,0.000,0.003,0.004,0.001,12.2,4.7,8
08/07/2024,17:00,104,1.4,17.9,0.4,19.9,,,,,0.000,0.004,0.004,0.001,13.0,4.1,7
08/07/2024,18:00,109,1.1,17.9,0.3,19.3,,,,,0.000,0.013,0.013,0.003,15.4,5.2,10
08/07/2024,19:00,120,0.4,28.0,0.2,18.4,,,,,0.006,0.014,0.021,0.001,17.3,5.8,13
08/07/2024,20:00,177,0.2,43.0,0.2,17.7,,,,,0.003,0.012,0.015,0.001,15.9,5.3,11
08/07/2024,21:00,251,0.3,46.0,0.2,16.5,,,,,0.006,0.017,0.023,0.001,11.7,4.7,10
08/07/2024,22:00,264,0.9,25.6,0.2,16.2,,,,,0.004,0.013,0.017,0.000,10.9,4.4,9
08/07/2024,23:00,264,1.8,13.9,0.4,16.5,,,,,0.001,0.008,0.009,0.000,11.9,4.5,9
09/07/2024,00:00,272,1.5,15.0,0.3,16.5,,,,,0.000,0.003,0.003,0.000,11.6,5.0,9
09/07/2024,01:00,276,1.4,15.8,0.3,15.7,,,,,0.000,0.003,0.004,0.001,11.7,4.9,8
09/07/2024,02:00,261,2.3,13.0,0.5,16.1,,,,,0.001,0.003,0.004,0.000,11.7,4.9,8
09/07/2024,03:00,259,1.8,15.0,0.5,15.9,,,,,0.001,0.004,0.004,0.000,11.0,4.6,8
09/07/2024,04:00,261,1.8,13.5,0.5,16.1,,,,,0.001,0.003,0.003,0.000,10.8,4.3,7
09/07/2024,05:00,260,2.1,12.7,0.5,15.4,,,,,0.003,0.006,0.009,0.000,10.9,4.2,6
09/07/2024,06:00,260,2.3,11.7,0.6,15.2,,,,,0.004,0.007,0.010,0.000,12.7,4.2,6
09/07/2024,07:00,269,1.8,11.4,0.4,16.3,,,,,0.018,0.012,0.030,0.001,17.2,4.7,8
09/07/2024,08:00,276,1.3,19.4,0.3,18.8,,,,,0.008,0.007,0.015,0.001,25.2,5.3,9
09/07/2024,09:00,137,1.8,22.0,0.6,22.1,,,,,0.048,0.023,0.071,0.032,15.4,4.8,10
09/07/2024,10:00,112,1.9,27.6,0.7,23.3,,,,,0.035,0.021,0.056,0.034,15.3,4.2,8
09/07/2024,11:00,71,2.2,23.0,0.6,23.3,,,,,0.003,0.009,0.012,0.006,11.7,3.6,5
09/07/2024,12:00,72,3.2,16.7,0.9,23.8,,,,,0.001,0.001,0.002,0.001,9.4,3.2,4
09/07/2024,13:00,67,3.1,16.5,0.8,23.9,,,,,0.000,0.001,0.001,0.001,10.4,3.6,5
09/07/2024,14:00,70,3.1,14.2,0.8,23.8,,,,,0.000,0.000,0.000,0.001,11.4,3.9,6
09/07/2024,15:00,72,2.7,14.5,0.6,23.5,,,,,0.000,0.001,0.001,0.001,10.7,4.0,6
09/07/2024,16:00,83,2.2,24.6,0.7,22.3,,,,,0.000,0.001,0.001,0.001,11.8,4.0,7
09/07/2024,17:00,86,0.9,28.6,0.3,20.6,,,,,0.000,0.002,0.002,0.001,10.8,4.1,7
09/07/2024,18:00,121,0.4,40.9,0.2,19.5,,,,,0.007,0.013,0.019,0.001,15.1,4.7,11
09/07/2024,19:00,147,0.4,27.2,0.2,18.3,,,,,0.024,0.018,0.042,0.001,15.7,5.4,13
09/07/2024,20:00,278,0.5,32.5,0.2,17.9,,,,,0.015,0.014,0.028,0.001,13.8,4.8,10
09/07/2024,21:00,297,0.6,18.0,0.1,17.4,,,,,0.013,0.011,0.024,0.000,11.1,4.4,10
09/07/2024,22:00,215,0.4,40.3,0.2,17.7,,,,,0.010,0.011,0.021,0.000,11.5,4.8,12
09/07/2024,23:00,261,0.6,27.8,0.2,18.2,,,,,0.001,0.007,0.008,0.000,12.2,5.0,12
10/07/2024,00:00,291,0.9,19.0,0.2,17.7,,,,,0.000,0.006,0.006,0.000,9.9,4.3,11
10/07/2024,01:00,271,1.3,16.3,0.3,18.0,,,,,0.001,0.005,0.006,0.001,9.4,4.0,7
10/07/2024,02:00,260,1.9,18.0,0.5,18.0,,,,,0.000,0.003,0.004,0.001,9.4,3.9,7
10/07/2024,03:00,254,2.6,11.0,0.5,17.7,,,,,0.001,0.002,0.003,0.000,9.5,3.9,7
10/07/2024,04:00,255,2.4,12.6,0.5,17.1,,,,,0.001,0.002,0.003,0.000,8.9,3.7,6
10/07/2024,05:00,259,2.5,10.1,0.4,16.7,,,,,0.003,0.006,0.009,0.000,9.1,3.5,6
10/07/2024,06:00,259,2.2,11.1,0.4,16.4,,,,,0.010,0.009,0.019,0.000,11.3,3.9,7
10/07/2024,07:00,247,3.1,10.3,0.6,17.6,,,,,0.004,0.005,0.009,0.000,10.9,3.8,7
10/07/2024,08:00,248,2.5,14.7,0.6,19.8,,,,,0.003,0.004,0.007,0.001,12.3,4.3,7
10/07/2024,09:00,245,1.7,29.9,0.7,21.9,,,,,0.001,0.002,0.004,0.001,12.4,4.2,7
10/07/2024,10:00,275,1.6,33.6,0.7,24.0,,,,,0.001,0.003,0.004,0.002,16.4,4.4,8
10/07/2024,11:00,282,0.7,45.2,0.5,25.1,,,,,0.002,0.002,0.004,0.001,18.7,4.2,7
10/07/2024,12:00,67,2.6,14.0,0.5,24.7,,,,,0.001,0.003,0.004,0.001,12.4,4.1,7
10/07/2024,13:00,84,2.9,13.0,0.7,24.0,,,,,0.003,0.007,0.010,0.004,11.6,4.1,7
10/07/2024,14:00,74,1.7,20.1,0.5,22.0,,,,,0.000,0.004,0.004,0.002,15.2,5.1,10
10/07/2024,15:00,79,1.7,18.1,0.5,23.3,,,,,0.000,0.001,0.001,0.001,9.7,3.4,6
10/07/2024,16:00,87,2.0,17.4,0.5,21.8,,,,,0.000,0.002,0.002,0.001,11.1,3.5,6
10/07/2024,17:00,252,0.7,25.4,0.4,19.4,,,,,0.002,0.010,0.012,0.001,20.7,6.2,14
10/07/2024,18:00,293,0.9,11.5,0.2,17.9,,,,,0.001,0.011,0.012,0.001,17.5,5.2,12
10/07/2024,19:00,284,0.7,18.1,0.2,17.8,,,,,0.003,0.012,0.015,0.001,13.7,4.4,10
10/07/2024,20:00,285,1.2,9.8,0.2,18.2,,,,,0.001,0.009,0.010,0.001,13.2,4.2,9
10/07/2024,21:00,278,0.7,24.5,0.3,18.4,,,,,0.000,0.009,0.009,0.001,10.9,4.2,9
10/07/2024,22:00,198,0.4,25.1,0.4,18.9,,,,,0.001,0.004,0.006,0.001,11.2,4.0,8
10/07/2024,23:00,282,1.1,29.9,0.4,18.1,,,,,0.000,0.003,0.003,0.001,9.7,4.0,8
11/07/2024,00:00,266,1.8,15.6,0.5,17.4,,,,,0.001,0.004,0.005,0.000,9.9,4.0,8
11/07/2024,01:00,266,0.9,35.1,0.4,17.0,,,,,0.000,0.003,0.003,0.001,9.2,4.0,7
11/07/2024,02:00,200,2.4,26.7,1.0,18.6,,,,,0.002,0.005,0.006,0.001,12.1,4.8,10
11/07/2024,03:00,238,1.5,28.7,0.6,16.8,,,,,0.001,0.005,0.006,0.001,9.6,4.2,9
11/07/2024,04:00,255,2.6,11.0,0.6,15.6,,,,,0.001,0.003,0.004,0.001,9.5,4.0,8
11/07/2024,05:00,256,3.1,9.7,0.6,15.0,,,,,0.003,0.005,0.008,0.000,8.9,4.0,7
11/07/2024,06:00,255,2.9,10.3,0.5,14.9,,,,,0.004,0.006,0.010,0.000,10.0,4.0,7
11/07/2024,07:00,258,3.2,10.3,0.6,15.4,,,,,0.005,0.006,0.011,0.001,10.5,4.2,7
11/07/2024,08:00,265,3.4,10.9,0.7,17.3,,,,,0.005,0.004,0.009,0.001,11.9,4.2,8
11/07/2024,09:00,260,3.0,12.2,0.7,19.6,,,,,0.003,0.003,0.005,0.001,10.1,3.6,6
11/07/2024,10:00,234,2.9,16.3,0.8,21.6,,,,,0.002,0.002,0.004,0.002,9.1,3.9,7
11/07/2024,11:00,140,2.3,25.3,0.7,23.7,,,,,0.002,0.003,0.005,0.003,9.7,4.1,8
11/07/2024,12:00,130,1.3,28.4,0.7,24.8,,,,,0.001,0.003,0.005,0.001,10.1,4.7,11
11/07/2024,13:00,71,3.1,14.9,0.7,24.0,,,,,0.001,0.002,0.003,0.003,11.7,4.5,10
11/07/2024,14:00,67,2.8,14.0,0.7,24.2,,,,,0.000,0.001,0.002,0.003,10.0,4.5,10
11/07/2024,15:00,88,2.8,15.5,0.7,23.5,,,,,0.002,0.001,0.003,0.001,8.9,4.4,10
11/07/2024,16:00,84,1.7,17.8,0.5,21.8,,,,,0.000,0.001,0.001,0.001,10.1,4.5,10
11/07/2024,17:00,62,0.4,22.2,0.2,19.6,,,,,0.001,0.005,0.006,0.001,13.5,5.0,12
11/07/2024,18:00,296,0.7,16.6,0.2,17.2,,,,,0.001,0.007,0.008,0.000,12.4,5.2,13
11/07/2024,19:00,304,0.8,11.4,0.2,16.0,,,,,0.010,0.010,0.021,0.000,11.8,4.9,12
11/07/2024,20:00,296,1.2,9.5,0.2,15.8,,,,,0.003,0.009,0.012,0.000,9.4,4.7,11
11/07/2024,21:00,283,1.6,10.0,0.2,16.2,,,,,0.001,0.009,0.010,0.000,9.2,4.7,11
11/07/2024,22:00,298,1.0,15.8,0.2,16.0,,,,,0.001,0.007,0.008,0.000,9.9,4.8,12
11/07/2024,23:00,272,1.5,17.9,0.4,16.5,,,,,0.001,0.006,0.006,0.000,10.7,4.9,12
12/07/2024,00:00,272,1.4,20.5,0.4,17.0,,,,,0.000,0.006,0.007,0.000,10.3,4.9,12
12/07/2024,01:00,261,1.1,26.0,0.4,17.2,,,,,0.000,0.005,0.005,0.001,10.4,5.0,11
12/07/2024,02:00,277,1.1,25.6,0.4,16.9,,,,,0.001,0.006,0.007,0.001,10.7,5.3,21
12/07/2024,03:00,267,1.5,17.7,0.4,16.4,,,,,0.001,0.008,0.008,0.001,10.9,5.7,14
12/07/2024,04:00,295,1.1,13.7,0.3,14.7,,,,,0.007,0.009,0.016,0.001,11.3,5.8,14
12/07/2024,05:00,272,1.7,11.0,0.3,14.8,,,,,0.013,0.011,0.024,0.001,11.5,5.8,16
12/07/2024,06:00,270,1.8,11.6,0.3,14.1,,,,,0.013,0.010,0.022,0.000,10.8,5.4,13
12/07/2024,07:00,248,2.7,11.6,0.6,15.3,,,,,0.007,0.007,0.014,0.000,11.5,4.8,11
12/07/2024,08:00,247,2.5,13.7,0.6,18.2,,,,,0.004,0.005,0.008,0.001,13.3,5.1,12
12/07/2024,09:00,241,2.5,14.6,0.7,20.6,,,,,0.002,0.004,0.006,0.002,14.1,4.8,10
12/07/2024,10:00,207,0.6,48.3,0.5,23.5,,,,,0.002,0.003,0.005,0.003,11.0,4.6,9
12/07/2024,11:00,270,1.3,33.3,0.5,23.1,,,,,0.014,0.006,0.020,0.001,20.7,5.2,10
12/07/2024,12:00,286,1.2,33.4,0.5,24.2,,,,,0.001,0.002,0.003,0.001,15.7,4.2,7
12/07/2024,13:00,258,0.5,31.1,0.7,24.7,,,,,0.002,0.002,0.004,0.001,10.2,4.3,8
12/07/2024,14:00,31,1.6,19.0,0.4,24.0,,,,,0.000,0.002,0.002,0.001,11.6,4.0,7
12/07/2024,15:00,28,1.2,22.7,0.4,24.6,,,,,0.000,0.003,0.003,0.001,12.2,4.1,7
12/07/2024,16:00,17,1.1,22.4,0.5,23.0,,,,,0.000,0.001,0.001,0.001,14.2,4.5,9
12/07/2024,17:00,27,0.2,18.8,0.2,19.6,,,,,0.002,0.008,0.010,0.001,31.5,5.6,13
12/07/2024,18:00,56,0.1,41.8,0.2,16.7,,,,,0.007,0.020,0.027,0.001,17.6,5.8,14
12/07/2024,19:00,90,0.2,36.9,0.2,16.1,,,,,0.005,0.012,0.017,0.001,18.9,5.2,12
12/07/2024,20:00,184,0.2,21.8,0.1,15.0,,,,,0.011,0.018,0.029,0.001,17.7,5.3,12
12/07/2024,21:00,319,0.6,42.5,0.4,15.4,,,,,0.005,0.012,0.017,0.001,12.9,4.8,11
12/07/2024,22:00,303,1.1,18.3,0.4,17.4,,,,,0.001,0.005,0.006,0.001,10.5,4.3,9
12/07/2024,23:00,307,1.0,27.1,0.4,14.3,,,,,0.001,0.007,0.007,0.001,10.4,4.7,10
13/07/2024,00:00,317,0.7,26.6,0.3,13.3,,,,,0.000,0.006,0.007,0.000,9.3,4.7,10
13/07/2024,01:00,281,1.0,21.3,0.3,13.0,,,,,0.000,0.008,0.008,0.001,10.3,4.9,11
13/07/2024,02:00,272,1.8,12.6,0.4,13.9,,,,,0.000,0.009,0.009,0.000,9.7,5.0,11
13/07/2024,03:00,234,1.1,30.1,0.4,16.7,,,,,0.000,0.003,0.003,0.001,9.1,4.6,10
13/07/2024,04:00,322,0.4,28.6,0.2,15.9,,,,,0.000,0.002,0.002,0.001,10.8,5.0,11
13/07/2024,05:00,290,0.6,37.7,0.3,15.1,,,,,0.002,0.007,0.009,0.000,10.8,5.1,12
13/07/2024,06:00,279,1.0,14.0,0.3,14.4,,,,,0.024,0.014,0.038,0.001,12.0,5.1,12
13/07/2024,07:00,266,2.2,10.6,0.4,15.1,,,,,0.002,0.005,0.007,0.000,10.0,4.8,11
13/07/2024,08:00,233,2.3,16.5,0.6,18.7,,,,,0.001,0.003,0.004,0.001,17.8,4.7,9
13/07/2024,09:00,228,3.4,18.5,1.0,20.0,,,,,0.001,0.002,0.003,0.001,11.1,3.4,6
13/07/2024,10:00,216,3.1,20.0,1.1,21.6,,,,,0.001,0.001,0.002,0.001,7.3,2.7,4
13/07/2024,11:00,243,3.0,24.8,1.0,22.8,,,,,0.001,0.001,0.002,0.001,29.6,3.4,5
13/07/2024,12:00,237,3.7,22.6,1.4,23.1,,,,,0.001,0.001,0.001,0.000,14.6,2.7,4
13/07/2024,13:00,221,3.4,19.7,1.2,23.1,,,,,0.001,0.001,0.002,0.000,9.8,2.0,3
13/07/2024,14:00,235,3.6,21.3,1.4,23.0,,,,,0.002,0.002,0.004,0.001,18.1,2.3,3
13/07/2024,15:00,240,3.4,21.3,1.3,22.8,,,,,0.001,0.001,0.002,0.000,10.8,1.6,2
13/07/2024,16:00,217,3.0,20.2,1.0,21.5,,,,,0.001,0.002,0.003,0.001,10.2,1.4,2
13/07/2024,17:00,221,2.2,17.5,0.7,20.0,,,,,0.001,0.002,0.002,0.000,6.4,1.1,1
13/07/2024,18:00,213,2.2,11.6,0.5,18.6,,,,,0.003,0.006,0.009,0.001,5.4,1.2,2
13/07/2024,19:00,236,1.7,13.3,0.4,16.8,,,,,0.003,0.008,0.011,0.001,5.3,1.3,2
13/07/2024,20:00,254,2.1,12.3,0.4,15.5,,,,,0.003,0.009,0.011,0.001,6.1,1.4,2
13/07/2024,21:00,230,2.3,13.7,0.6,16.2,,,,,0.002,0.006,0.008,0.000,5.0,1.3,2
13/07/2024,22:00,231,2.4,15.9,0.7,16.7,,,,,0.000,0.000,0.001,0.000,5.6,1.3,2
13/07/2024,23:00,238,3.4,11.0,0.8,15.8,,,,,0.000,0.000,0.001,0.000,6.8,1.6,2
14/07/2024,00:00,232,2.4,11.3,0.5,14.4,,,,,0.001,0.001,0.002,0.000,5.1,1.4,2
14/07/2024,01:00,250,2.3,10.6,0.4,12.5,,,,,0.000,0.003,0.003,0.001,5.6,1.3,2
14/07/2024,02:00,232,3.0,9.5,0.6,13.0,,,,,0.001,0.002,0.003,0.000,5.8,1.2,1
14/07/2024,03:00,233,3.5,10.0,0.6,12.9,,,,,0.000,0.001,0.001,0.000,2.1,0.8,1
14/07/2024,04:00,223,3.4,8.1,0.6,12.2,,,,,0.000,0.000,0.001,0.000,2.3,0.8,1
14/07/2024,05:00,217,3.1,5.9,0.4,11.4,,,,,0.001,0.001,0.001,0.000,2.6,0.8,1
14/07/2024,06:00,212,3.8,7.7,0.7,11.4,,,,,0.001,0.001,0.002,0.000,6.4,0.9,1
14/07/2024,07:00,223,2.8,12.9,0.6,12.1,,,,,0.001,0.001,0.001,0.000,1.7,0.6,0
14/07/2024,08:00,226,2.8,18.7,0.9,13.8,,,,,0.001,0.002,0.003,0.000,4.2,0.7,1
14/07/2024,09:00,218,3.5,15.2,0.9,15.1,,,,,0.002,0.002,0.004,0.001,19.2,1.5,1
14/07/2024,10:00,216,2.5,22.9,1.0,16.9,,,,,0.001,0.001,0.002,0.000,5.6,0.8,0
14/07/2024,11:00,211,2.9,21.4,1.1,18.6,,,,,0.000,0.000,0.001,0.000,12.1,1.0,1
14/07/2024,12:00,261,2.6,22.4,0.9,19.9,,,,,0.000,0.000,0.001,0.000,4.0,0.8,1
14/07/2024,13:00,253,2.5,20.7,0.9,20.0,,,,,0.000,0.001,0.001,0.000,5.8,1.0,1
14/07/2024,14:00,263,2.7,17.6,0.9,20.1,,,,,0.000,0.001,0.002,0.000,5.9,1.2,1
14/07/2024,15:00,263,2.1,21.4,0.6,20.1,,,,,0.002,0.005,0.007,0.002,13.0,1.9,2
14/07/2024,16:00,261,1.5,9.1,0.3,18.7,,,,,0.002,0.007,0.009,0.001,34.3,2.8,3
14/07/2024,17:00,253,1.6,7.5,0.2,16.6,,,,,0.007,0.015,0.022,0.001,12.6,2.3,3
14/07/2024,18:00,240,2.1,8.0,0.4,16.1,,,,,0.011,0.013,0.024,0.001,10.8,2.5,4
14/07/2024,19:00,252,1.7,10.2,0.3,14.6,,,,,0.009,0.014,0.023,0.001,9.8,2.2,3
14/07/2024,20:00,237,2.3,13.4,0.6,16.1,,,,,0.006,0.009,0.014,0.000,10.2,2.2,3
14/07/2024,21:00,241,2.1,13.9,0.6,16.2,,,,,0.001,0.005,0.006,0.000,9.6,2.0,3
14/07/2024,22:00,230,2.2,17.5,0.7,16.2,,,,,0.000,0.003,0.004,0.000,8.6,2.0,2
14/07/2024,23:00,249,2.5,11.5,0.5,15.2,,,,,0.000,0.003,0.003,0.000,7.0,2.2,3
15/07/2024,00:00,283,1.0,23.6,0.3,12.2,,,,,0.001,0.006,0.007,0.000,7.8,2.3,3
15/07/2024,01:00,282,1.2,22.7,0.3,12.0,,,,,0.000,0.003,0.004,0.001,6.7,2.5,3
15/07/2024,02:00,268,1.6,16.9,0.4,12.1,,,,,0.001,0.009,0.010,0.000,8.6,2.9,4
15/07/2024,03:00,296,1.2,17.3,0.3,10.6,,,,,0.000,0.006,0.007,0.000,7.2,2.6,4
15/07/2024,04:00,297,0.9,23.6,0.3,8.7,,,,,0.001,0.006,0.007,0.000,6.5,2.4,3
15/07/2024,05:00,294,0.6,33.0,0.3,8.8,,,,,0.005,0.011,0.016,0.000,6.8,2.4,3
15/07/2024,06:00,279,1.2,17.5,0.3,8.1,,,,,0.021,0.015,0.036,0.000,9.5,3.0,5
15/07/2024,07:00,277,1.5,16.2,0.3,10.3,,,,,0.016,0.012,0.028,0.000,9.3,3.0,4
15/07/2024,08:00,238,1.5,21.5,0.6,14.6,,,,,0.007,0.008,0.015,0.006,10.0,3.0,4
15/07/2024,09:00,219,2.5,19.2,0.7,16.6,,,,,0.003,0.003,0.006,0.010,7.7,2.6,3
15/07/2024,10:00,250,1.5,42.8,0.8,18.0,,,,,0.001,0.001,0.002,0.001,8.5,2.2,2
15/07/2024,11:00,269,1.9,36.2,0.9,19.0,,,,,0.001,0.001,0.001,0.000,10.1,2.4,2
15/07/2024,12:00,229,2.3,29.3,1.0,19.9,,,,,0.001,0.002,0.003,0.000,9.3,2.3,2
15/07/2024,13:00,275,1.8,35.2,1.0,20.8,,,,,0.001,0.002,0.003,0.001,11.6,2.6,3
15/07/2024,14:00,243,2.5,34.2,1.0,21.1,,,,,0.001,0.002,0.003,0.000,14.8,2.4,3
15/07/2024,15:00,236,2.5,27.4,1.0,21.0,,,,,0.001,0.003,0.004,0.000,21.5,3.2,4
15/07/2024,16:00,249,2.3,20.9,0.8,20.1,,,,,0.001,0.003,0.004,0.000,23.2,2.8,4
15/07/2024,17:00,248,0.9,20.5,0.3,16.7,,,,,0.008,0.015,0.023,0.000,65.2,4.8,10
15/07/2024,18:00,278,0.9,14.1,0.2,12.9,,,,,0.027,0.026,0.053,0.001,44.1,5.4,12
15/07/2024,19:00,285,1.7,4.6,0.2,10.9,,,,,0.025,0.022,0.048,0.001,18.3,4.5,9
15/07/2024,20:00,268,2.6,5.5,0.2,10.3,,,,,0.005,0.016,0.020,0.000,14.8,3.9,6
15/07/2024,21:00,286,1.8,18.8,0.3,9.5,,,,,0.002,0.012,0.014,0.000,15.2,3.7,5
15/07/2024,22:00,300,1.2,11.1,0.3,8.2,,,,,0.002,0.012,0.014,0.000,10.3,3.4,5
15/07/2024,23:00,300,1.4,10.8,0.3,7.4,,,,,0.002,0.012,0.014,0.000,11.3,3.5,5
16/07/2024,00:00,303,1.1,10.6,0.2,6.8,,,,,0.002,0.009,0.011,0.000,9.3,3.0,4
16/07/2024,01:00,276,1.9,18.9,0.4,7.9,,,,,0.000,0.005,0.005,0.000,7.2,2.4,3
16/07/2024,02:00,266,1.9,16.7,0.5,8.5,,,,,0.000,0.006,0.006,0.000,6.9,2.4,3
16/07/2024,03:00,293,1.6,15.9,0.4,6.9,,,,,0.001,0.007,0.008,0.000,7.0,2.4,3
16/07/2024,04:00,286,1.4,14.4,0.4,6.8,,,,,0.001,0.006,0.006,0.000,6.9,2.3,3
16/07/2024,05:00,278,1.6,16.9,0.4,6.8,,,,,0.006,0.011,0.017,0.000,8.5,2.7,4
16/07/2024,06:00,294,1.0,22.5,0.4,6.4,,,,,0.009,0.015,0.025,0.000,14.4,2.9,4
16/07/2024,07:00,271,1.7,15.2,0.4,8.6,,,,,0.013,0.013,0.026,0.000,11.0,3.3,5
16/07/2024,08:00,277,2.3,11.0,0.4,13.1,,,,,0.008,0.008,0.016,0.000,16.9,3.5,5
16/07/2024,09:00,242,2.1,21.0,0.6,17.7,,,,,0.007,0.009,0.016,0.005,25.4,3.9,5
16/07/2024,10:00,231,2.7,19.3,0.8,19.2,,,,,0.002,0.003,0.005,0.001,31.0,3.6,5
16/07/2024,11:00,245,2.3,34.1,1.1,20.1,,,,,0.001,0.001,0.002,0.000,22.4,5.6,11
16/07/2024,12:00,276,3.8,21.4,1.4,21.1,,,,,0.001,0.001,0.001,0.000,14.9,2.7,3
16/07/2024,13:00,282,3.7,24.7,1.2,21.2,,,,,0.001,0.001,0.001,0.000,35.3,3.6,4
16/07/2024,14:00,277,3.7,21.1,1.2,21.2,,,,,0.001,0.001,0.002,0.000,15.8,2.7,3
16/07/2024,15:00,274,3.1,19.2,1.0,21.3,,,,,0.001,0.001,0.002,0.000,13.5,2.7,3
16/07/2024,16:00,252,2.2,23.5,0.7,20.6,,,,,0.001,0.003,0.004,0.000,11.9,2.4,3
16/07/2024,17:00,276,0.9,10.1,0.2,16.3,,,,,0.017,0.020,0.038,0.000,26.2,4.3,8
16/07/2024,18:00,290,1.3,9.0,0.2,12.5,,,,,0.030,0.026,0.056,0.001,17.2,4.0,8
16/07/2024,19:00,291,1.6,9.0,0.3,10.7,,,,,0.015,0.019,0.034,0.000,18.1,3.7,6
16/07/2024,20:00,294,1.7,7.8,0.3,9.5,,,,,0.009,0.016,0.026,0.000,22.0,4.2,6
16/07/2024,21:00,306,1.1,16.4,0.2,8.7,,,,,0.004,0.013,0.018,0.000,21.3,4.9,8
16/07/2024,22:00,302,1.0,11.9,0.3,7.3,,,,,0.004,0.011,0.015,0.000,21.4,5.3,10
16/07/2024,23:00,303,1.1,16.9,0.3,6.6,,,,,0.006,0.011,0.017,0.000,12.1,3.9,6
17/07/2024,00:00,274,1.9,17.6,0.4,7.9,,,,,0.003,0.010,0.013,0.000,10.7,3.0,4
17/07/2024,01:00,257,3.7,8.2,0.6,9.0,,,,,0.000,0.003,0.004,0.000,8.0,2.5,3
17/07/2024,02:00,244,3.9,9.2,0.7,10.7,,,,,0.000,0.002,0.002,0.000,8.2,1.8,2
17/07/2024,03:00,252,3.4,7.6,0.4,9.2,,,,,0.002,0.005,0.007,0.000,8.6,1.9,2
17/07/2024,04:00,268,2.7,5.1,0.3,6.8,,,,,0.010,0.011,0.021,0.000,9.3,2.3,3
17/07/2024,05:00,291,1.3,17.7,0.3,5.6,,,,,0.012,0.013,0.025,0.000,8.8,2.6,4
17/07/2024,06:00,265,1.5,26.1,0.5,6.4,,,,,0.022,0.015,0.037,0.000,11.1,3.9,8
17/07/2024,07:00,254,1.8,20.3,0.5,9.4,,,,,0.021,0.012,0.033,0.000,14.0,4.5,8
17/07/2024,08:00,232,3.5,12.4,0.9,13.8,,,,,0.003,0.004,0.007,0.000,19.1,2.1,3
17/07/2024,09:00,211,3.9,16.4,1.0,15.3,,,,,0.001,0.001,0.003,0.000,9.9,1.5,1
17/07/2024,10:00,245,2.8,24.7,1.0,16.8,,,,,0.001,0.002,0.003,0.000,11.2,2.0,2
17/07/2024,11:00,255,2.9,23.7,1.2,18.0,,,,,0.001,0.002,0.004,0.001,14.3,1.9,2
17/07/2024,12:00,283,4.1,20.3,1.4,18.6,,,,,0.001,0.001,0.002,0.000,23.5,2.3,2
17/07/2024,13:00,287,3.8,20.0,1.3,18.9,,,,,0.001,0.001,0.002,0.000,28.3,2.8,3
17/07/2024,14:00,266,3.5,22.9,1.2,19.2,,,,,0.001,0.002,0.002,0.000,33.8,3.5,4
17/07/2024,15:00,265,3.6,20.2,1.2,18.8,,,,,0.001,0.002,0.002,0.000,13.2,1.9,2
17/07/2024,16:00,266,2.5,19.8,0.9,18.3,,,,,0.001,0.002,0.003,0.000,11.0,1.6,2
17/07/2024,17:00,291,0.8,14.6,0.2,14.4,,,,,0.013,0.015,0.028,0.000,17.4,3.3,5
17/07/2024,18:00,258,1.1,10.6,0.2,11.1,,,,,0.055,0.026,0.081,0.001,18.7,3.7,7
17/07/2024,19:00,248,1.8,7.5,0.3,10.3,,,,,0.027,0.018,0.045,0.000,12.3,2.6,4
17/07/2024,20:00,257,1.7,10.8,0.3,8.8,,,,,0.015,0.016,0.031,0.000,9.0,2.0,3
17/07/2024,21:00,269,2.0,7.9,0.2,7.5,,,,,0.009,0.013,0.022,0.000,9.6,3.1,6
17/07/2024,22:00,275,2.1,3.1,0.1,6.2,,,,,0.007,0.011,0.018,0.000,9.4,2.3,3
17/07/2024,23:00,261,2.1,6.8,0.2,5.5,,,,,0.004,0.008,0.012,0.000,7.5,2.0,2
18/07/2024,00:00,251,2.7,6.8,0.3,5.5,,,,,0.007,0.012,0.019,0.000,9.5,2.6,4
18/07/2024,01:00,255,2.2,7.2,0.3,5.1,,,,,0.005,0.010,0.015,0.000,6.0,1.8,2
18/07/2024,02:00,271,2.2,8.3,0.3,4.2,,,,,0.004,0.011,0.015,0.000,7.0,2.1,3
18/07/2024,03:00,298,0.7,11.9,0.2,3.4,,,,,0.010,0.009,0.019,0.000,8.0,2.5,3
18/07/2024,04:00,303,1.1,9.4,0.3,3.0,,,,,0.015,0.010,0.025,0.000,7.3,2.7,3
18/07/2024,05:00,285,2.4,5.7,0.3,3.5,,,,,0.032,0.014,0.046,0.000,9.0,3.2,4
18/07/2024,06:00,279,2.7,4.6,0.2,3.7,,,,,0.052,0.016,0.068,0.001,13.5,4.0,7
18/07/2024,07:00,267,2.5,9.0,0.3,7.0,,,,,0.045,0.017,0.062,0.001,31.6,5.1,9
18/07/2024,08:00,243,2.8,17.4,0.8,13.0,,,,,0.006,0.008,0.015,0.001,17.8,2.9,3
18/07/2024,09:00,219,3.3,19.6,1.2,14.8,,,,,0.002,0.003,0.006,0.001,9.8,1.9,2
18/07/2024,10:00,212,4.0,23.6,1.4,16.0,,,,,0.002,0.001,0.003,0.000,7.9,1.3,1
18/07/2024,11:00,215,4.4,21.3,1.4,16.7,,,,,0.001,0.001,0.002,0.000,9.9,1.2,1
18/07/2024,12:00,237,4.6,20.6,1.3,17.4,,,,,0.001,0.002,0.003,0.001,32.0,2.1,3
18/07/2024,13:00,231,3.6,25.6,1.3,18.0,,,,,0.002,0.003,0.004,0.001,10.4,1.8,2
18/07/2024,14:00,247,3.8,24.0,1.4,18.4,,,,,0.001,0.002,0.004,0.001,10.4,1.6,2
18/07/2024,15:00,253,3.8,21.6,1.4,18.3,,,,,0.001,0.002,0.003,0.000,22.7,2.4,2
18/07/2024,16:00,232,3.4,21.5,1.3,17.9,,,,,0.001,0.002,0.003,0.000,11.9,1.6,2
18/07/2024,17:00,216,2.3,17.2,0.7,16.8,,,,,0.001,0.003,0.004,0.000,10.2,1.6,2
18/07/2024,18:00,251,1.1,22.5,0.5,14.5,,,,,0.001,0.008,0.009,0.001,10.0,2.0,3
18/07/2024,19:00,257,1.5,9.3,0.3,11.1,,,,,0.011,0.014,0.025,0.001,11.1,2.5,3
18/07/2024,20:00,266,2.1,8.8,0.3,10.2,,,,,0.010,0.015,0.025,0.000,10.2,2.1,3
18/07/2024,21:00,257,1.7,12.1,0.3,9.2,,,,,0.008,0.013,0.021,0.000,7.7,1.9,2
18/07/2024,22:00,249,1.8,13.3,0.3,8.1,,,,,0.003,0.009,0.012,0.000,7.8,1.9,2
18/07/2024,23:00,261,2.3,6.9,0.2,7.2,,,,,0.002,0.007,0.009,0.000,7.8,1.6,2
19/07/2024,00:00,272,2.3,6.1,0.2,6.3,,,,,0.003,0.007,0.010,0.000,5.5,1.7,2
19/07/2024,01:00,261,2.3,7.7,0.3,6.6,,,,,0.005,0.009,0.014,0.000,5.5,1.5,2
19/07/2024,02:00,257,2.0,11.8,0.4,7.0,,,,,0.002,0.007,0.010,0.000,5.7,1.5,2
19/07/2024,03:00,258,1.8,9.8,0.3,6.0,,,,,0.007,0.009,0.016,0.000,6.5,1.6,2
19/07/2024,04:00,258,1.7,16.6,0.5,7.8,,,,,0.006,0.012,0.018,0.000,5.8,1.5,2
19/07/2024,05:00,262,0.4,37.6,0.3,5.5,,,,,0.055,0.019,0.074,0.001,12.1,3.2,6
19/07/2024,06:00,297,0.7,23.6,0.3,4.5,,,,,0.063,0.017,0.080,0.001,12.5,3.3,6
19/07/2024,07:00,272,1.4,26.6,0.5,7.8,,,,,0.049,0.015,0.064,0.001,14.2,3.6,6
19/07/2024,08:00,301,1.1,25.0,0.4,14.0,,,,,0.006,0.008,0.013,0.001,15.4,3.0,4
19/07/2024,09:00,297,0.6,33.4,0.5,16.4,,,,,0.002,0.003,0.005,0.001,13.9,2.6,3
19/07/2024,10:00,258,1.0,37.9,0.6,17.9,,,,,0.001,0.003,0.004,0.001,9.1,2.0,2
19/07/2024,11:00,250,1.9,31.7,1.0,18.4,,,,,0.001,0.001,0.003,0.000,23.2,2.6,3
19/07/2024,12:00,245,1.6,42.5,0.7,19.9,,,,,0.001,0.001,0.002,0.000,11.3,1.9,2
19/07/2024,13:00,321,0.5,41.1,0.8,21.2,,,,,0.001,0.003,0.004,0.001,14.1,6.1,17
19/07/2024,14:00,37,1.6,24.0,0.6,21.8,,,,,0.004,0.009,0.013,0.001,26.4,7.9,18
19/07/2024,15:00,5,1.3,25.3,0.5,22.1,,,,,0.002,0.006,0.008,0.000,20.4,4.9,9
19/07/2024,16:00,27,1.4,19.1,0.5,20.2,,,,,0.000,0.002,0.002,0.001,10.2,2.0,3
19/07/2024,17:00,357,0.6,28.4,0.3,17.3,,,,,0.000,0.003,0.003,0.000,9.7,2.1,3
19/07/2024,18:00,136,0.1,31.8,0.2,14.2,,,,,0.007,0.018,0.025,0.001,13.7,3.3,5
19/07/2024,19:00,292,0.6,25.9,0.2,11.2,,,,,0.011,0.019,0.030,0.001,11.3,3.4,6
19/07/2024,20:00,301,0.9,16.5,0.2,9.4,,,,,0.011,0.014,0.025,0.000,14.0,3.6,6
19/07/2024,21:00,300,1.1,14.0,0.3,8.6,,,,,0.011,0.013,0.024,0.000,11.9,5.0,10
19/07/2024,22:00,298,0.9,17.9,0.2,7.3,,,,,0.008,0.010,0.019,0.000,12.8,5.8,12
19/07/2024,23:00,298,0.9,11.6,0.2,6.7,,,,,0.004,0.009,0.013,0.000,14.7,7.2,17
20/07/2024,00:00,300,0.8,19.1,0.2,5.8,,,,,0.008,0.007,0.015,0.000,13.4,6.6,15
20/07/2024,01:00,287,1.5,9.8,0.3,6.3,,,,,0.003,0.006,0.009,0.000,15.5,8.5,22
20/07/2024,02:00,302,1.0,13.3,0.2,5.1,,,,,0.003,0.005,0.008,0.000,17.0,9.6,24
20/07/2024,03:00,290,1.1,17.6,0.3,5.2,,,,,0.005,0.007,0.012,0.000,23.2,14.8,41
20/07/2024,04:00,292,0.8,22.5,0.3,4.3,,,,,0.010,0.006,0.016,0.000,25.2,15.9,44
20/07/2024,05:00,292,1.3,10.1,0.3,4.4,,,,,0.014,0.008,0.022,0.000,26.6,17.2,48
20/07/2024,06:00,273,0.8,34.3,0.3,4.9,,,,,0.025,0.011,0.036,0.000,18.7,10.7,28
20/07/2024,07:00,277,1.6,16.0,0.4,8.1,,,,,0.004,0.007,0.010,0.000,16.2,6.4,14
20/07/2024,08:00,298,1.2,15.0,0.3,12.7,,,,,0.009,0.009,0.018,0.000,23.3,6.5,15
20/07/2024,09:00,66,0.4,34.9,0.3,19.1,,,,,0.004,0.005,0.009,0.002,17.7,5.7,12
20/07/2024,10:00,343,0.3,23.7,0.6,21.1,,,,,0.003,0.003,0.006,0.002,25.9,5.0,9
20/07/2024,11:00,249,1.8,28.3,0.8,22.9,,,,,0.001,0.002,0.003,0.000,39.3,4.7,7
20/07/2024,12:00,269,1.2,47.7,0.8,24.1,,,,,0.000,0.001,0.001,0.000,12.0,3.7,5
20/07/2024,13:00,234,2.3,32.6,1.0,25.1,,,,,0.000,0.001,0.001,0.000,15.0,3.2,5
20/07/2024,14:00,221,2.5,27.0,0.9,25.4,,,,,0.000,0.000,0.001,0.000,16.0,3.7,6
20/07/2024,15:00,239,2.6,23.3,0.9,25.1,,,,,0.001,0.001,0.002,0.000,19.0,2.4,3
20/07/2024,16:00,266,1.6,17.1,0.5,24.3,,,,,0.000,0.001,0.002,0.000,12.6,6.8,19
20/07/2024,17:00,282,0.9,12.0,0.2,18.5,,,,,0.020,0.023,0.043,0.001,22.9,10.1,27
20/07/2024,18:00,294,1.1,12.7,0.2,13.7,,,,,0.014,0.020,0.034,0.000,25.6,13.6,36
20/07/2024,19:00,312,0.7,14.0,0.2,10.9,,,,,0.006,0.014,0.020,0.000,22.2,11.3,30
20/07/2024,20:00,307,1.2,13.9,0.3,9.6,,,,,0.002,0.011,0.014,0.000,30.2,13.3,34
20/07/2024,21:00,304,1.3,11.6,0.3,9.0,,,,,0.001,0.010,0.011,0.000,43.6,25.0,70
20/07/2024,22:00,300,1.3,13.9,0.3,8.5,,,,,0.004,0.011,0.015,0.000,46.0,28.2,72
20/07/2024,23:00,301,1.2,12.0,0.3,7.4,,,,,0.003,0.008,0.011,0.000,34.7,22.2,58
21/07/2024,00:00,285,1.5,12.2,0.3,8.0,,,,,0.002,0.007,0.009,0.000,38.9,26.4,81
21/07/2024,01:00,263,3.4,9.3,0.5,10.3,,,,,0.000,0.002,0.002,0.000,20.2,10.5,18
21/07/2024,02:00,262,3.6,6.8,0.5,11.2,,,,,0.000,0.002,0.002,0.000,12.3,5.5,11
21/07/2024,03:00,267,3.0,7.5,0.5,10.9,,,,,0.001,0.003,0.004,0.000,10.7,4.7,9
21/07/2024,04:00,251,2.8,6.9,0.4,11.8,,,,,0.002,0.004,0.007,0.000,10.5,3.9,8
21/07/2024,05:00,240,2.7,8.9,0.5,12.3,,,,,0.004,0.006,0.010,0.000,9.1,2.8,4
21/07/2024,06:00,236,2.1,10.8,0.5,10.3,,,,,0.014,0.012,0.026,0.001,11.7,3.5,6
21/07/2024,07:00,217,2.0,21.8,0.7,13.8,,,,,0.008,0.010,0.018,0.005,29.6,4.8,6
21/07/2024,08:00,196,3.2,20.7,1.0,16.2,,,,,0.009,0.011,0.020,0.016,18.1,5.3,8
21/07/2024,09:00,214,3.6,15.7,1.0,17.3,,,,,0.002,0.004,0.007,0.002,32.3,5.3,7
21/07/2024,10:00,223,1.7,41.7,0.8,19.0,,,,,0.001,0.002,0.003,0.002,16.1,4.6,6
21/07/2024,11:00,224,1.6,30.5,0.9,20.5,,,,,0.000,0.000,0.001,0.001,14.7,4.4,6
21/07/2024,12:00,136,0.2,42.6,0.9,22.3,,,,,0.001,0.001,0.001,0.001,13.6,4.5,7
21/07/2024,13:00,124,0.6,32.7,0.8,23.0,,,,,0.003,0.001,0.004,0.002,14.0,4.9,7
21/07/2024,14:00,209,1.5,35.7,0.9,23.5,,,,,0.002,0.002,0.004,0.002,15.2,4.8,7
21/07/2024,15:00,108,1.3,35.8,0.7,24.0,,,,,0.003,0.005,0.008,0.003,15.7,5.3,8
21/07/2024,16:00,71,1.7,16.9,0.5,21.3,,,,,0.000,0.002,0.002,0.001,15.7,5.3,8
21/07/2024,17:00,336,0.1,39.0,0.1,16.9,,,,,0.008,0.014,0.022,0.001,22.4,6.0,10
21/07/2024,18:00,301,0.5,33.7,0.1,12.7,,,,,0.022,0.020,0.043,0.001,22.4,6.3,12
21/07/2024,19:00,304,0.9,23.8,0.3,10.7,,,,,0.013,0.016,0.029,0.000,16.4,5.7,10
21/07/2024,20:00,309,1.0,19.5,0.3,9.5,,,,,0.002,0.011,0.013,0.000,16.4,5.2,9
21/07/2024,21:00,219,0.7,30.5,0.6,10.9,,,,,0.001,0.009,0.010,0.001,16.0,5.3,9
21/07/2024,22:00,200,1.2,38.5,0.7,12.4,,,,,0.003,0.009,0.011,0.003,14.2,5.0,8
21/07/2024,23:00,202,1.8,28.1,0.8,13.0,,,,,0.001,0.007,0.008,0.001,20.4,4.9,8
22/07/2024,00:00,244,1.1,32.0,0.6,9.7,,,,,0.001,0.004,0.006,0.001,12.9,4.2,7
22/07/2024,01:00,267,1.3,23.5,0.4,7.5,,,,,0.001,0.004,0.005,0.001,11.7,4.0,5
22/07/2024,02:00,264,1.6,25.2,0.5,7.3,,,,,0.003,0.005,0.008,0.000,10.5,3.8,5
22/07/2024,03:00,229,2.1,26.5,0.8,10.1,,,,,0.002,0.007,0.009,0.002,12.9,4.1,6
22/07/2024,04:00,237,2.8,13.6,0.7,11.9,,,,,0.002,0.005,0.007,0.001,11.5,4.3,7
22/07/2024,05:00,256,2.3,18.3,0.6,10.0,,,,,0.007,0.012,0.019,0.001,11.4,4.5,8
22/07/2024,06:00,257,3.9,7.8,0.6,9.4,,,,,0.003,0.006,0.009,0.000,17.3,4.9,8
22/07/2024,07:00,262,3.7,9.1,0.6,10.5,,,,,0.003,0.006,0.010,0.000,14.5,5.1,8
22/07/2024,08:00,247,3.2,14.3,0.8,13.9,,,,,0.003,0.004,0.007,0.001,15.9,5.1,8
22/07/2024,09:00,190,1.7,26.3,0.8,16.9,,,,,0.004,0.005,0.009,0.004,17.9,5.2,8
22/07/2024,10:00,157,1.6,39.1,0.8,19.6,,,,,0.002,0.004,0.007,0.002,16.2,5.5,9
22/07/2024,11:00,111,1.5,30.5,0.7,21.8,,,,,0.009,0.014,0.022,0.007,16.5,5.6,9
22/07/2024,12:00,64,2.8,16.2,0.7,22.0,,,,,0.003,0.005,0.008,0.005,19.6,5.9,9
22/07/2024,13:00,56,2.9,15.6,0.7,22.0,,,,,0.001,0.002,0.003,0.001,20.6,5.9,9
22/07/2024,14:00,70,3.1,15.5,0.8,22.1,,,,,0.001,0.004,0.005,0.001,20.3,5.8,9
22/07/2024,15:00,66,2.8,14.6,0.7,21.6,,,,,0.000,0.001,0.001,0.000,17.5,5.8,9
22/07/2024,16:00,78,2.4,16.1,0.7,20.8,,,,,0.000,0.003,0.003,0.001,17.1,6.0,10
22/07/2024,17:00,84,1.2,17.5,0.4,18.7,,,,,0.000,0.005,0.005,0.001,17.4,6.3,11
22/07/2024,18:00,290,0.6,19.2,0.1,15.7,,,,,0.009,0.017,0.026,0.001,20.6,6.5,13
22/07/2024,19:00,295,0.9,8.5,0.2,14.0,,,,,0.007,0.015,0.022,0.000,17.3,6.2,11
22/07/2024,20:00,282,0.6,27.1,0.2,13.0,,,,,0.011,0.019,0.030,0.000,43.5,24.8,76
22/07/2024,21:00,271,0.6,31.9,0.2,12.6,,,,,0.007,0.014,0.021,0.000,72.4,47.5,139
22/07/2024,22:00,264,1.9,16.0,0.4,13.9,,,,,0.001,0.008,0.010,0.000,36.1,20.8,53
22/07/2024,23:00,260,2.4,11.8,0.5,14.2,,,,,0.000,0.006,0.006,0.000,19.1,8.1,17
23/07/2024,00:00,261,2.4,12.0,0.6,13.4,,,,,0.000,0.004,0.004,0.000,19.9,9.1,20
23/07/2024,01:00,255,3.1,11.5,0.7,13.1,,,,,0.000,0.002,0.002,0.001,16.9,7.2,13
23/07/2024,02:00,254,3.5,9.9,0.7,12.8,,,,,0.000,0.001,0.002,0.000,14.6,6.3,12
23/07/2024,03:00,256,3.4,9.5,0.7,12.0,,,,,0.001,0.002,0.003,0.000,20.2,10.7,25
23/07/2024,04:00,256,3.7,9.1,0.6,11.9,,,,,0.001,0.003,0.004,0.000,18.5,9.4,20
23/07/2024,05:00,256,4.1,8.5,0.7,11.9,,,,,0.002,0.005,0.007,0.000,16.8,7.8,16
23/07/2024,06:00,255,3.9,8.4,0.7,11.7,,,,,0.003,0.006,0.009,0.000,17.2,7.3,14
23/07/2024,07:00,258,3.3,9.7,0.6,12.8,,,,,0.002,0.005,0.007,0.000,16.8,7.5,14
23/07/2024,08:00,264,2.7,17.0,0.7,15.9,,,,,0.003,0.004,0.008,0.001,20.8,7.4,14
23/07/2024,09:00,152,2.2,32.5,0.9,19.6,,,,,0.002,0.004,0.006,0.001,19.0,6.6,10
23/07/2024,10:00,150,2.4,26.9,1.0,21.3,,,,,,,,,,,
23/07/2024,11:00,115,2.8,28.3,1.1,23.1,,,,,,,,,,,
23/07/2024,12:00,71,3.2,18.3,1.0,22.9,,,,,,,,,,,
23/07/2024,13:00,66,3.4,16.4,0.9,22.5,,,,,,,,,,,
23/07/2024,14:00,66,3.0,17.0,0.8,22.4,,,,,,,,,15.1,5.9,
23/07/2024,15:00,81,3.1,16.0,0.9,21.9,,,,,,,,,16.3,6.3,
23/07/2024,16:00,81,2.5,15.5,0.7,21.0,,,,,0.004,0.003,0.007,0.000,19.1,6.7,12
23/07/2024,17:00,91,1.6,19.3,0.6,19.2,,,,,0.000,0.001,0.001,0.000,17.1,6.6,11
23/07/2024,18:00,118,0.7,38.8,0.4,18.1,,,,,0.000,0.004,0.004,0.000,17.5,6.4,12
23/07/2024,19:00,125,1.1,20.8,0.4,18.2,,,,,0.003,0.021,0.025,0.006,15.8,6.3,12
23/07/2024,20:00,125,0.8,20.5,0.3,16.5,,,,,0.001,0.013,0.014,0.004,16.5,6.7,14
23/07/2024,21:00,144,0.9,20.0,0.3,16.3,,,,,0.004,0.013,0.017,0.005,17.8,7.5,17
23/07/2024,22:00,149,1.2,19.4,0.5,17.2,,,,,0.000,0.007,0.007,0.002,15.0,6.7,14
23/07/2024,23:00,255,1.2,31.2,0.6,15.5,,,,,0.000,0.003,0.003,0.000,15.4,7.1,15
24/07/2024,00:00,274,1.8,14.6,0.4,14.6,,,,,0.000,0.003,0.003,0.000,15.4,7.8,16
24/07/2024,01:00,255,0.9,37.3,0.5,14.7,,,,,0.000,0.004,0.004,0.000,17.3,8.3,16
24/07/2024,02:00,253,1.7,24.5,0.6,14.5,,,,,0.000,0.003,0.004,0.000,17.1,8.2,17
24/07/2024,03:00,262,2.3,12.7,0.5,14.0,,,,,0.000,0.003,0.003,0.000,16.0,7.9,16
24/07/2024,04:00,262,2.6,12.3,0.6,13.4,,,,,0.001,0.004,0.005,0.000,17.3,8.7,17
24/07/2024,05:00,261,2.7,13.9,0.6,13.3,,,,,0.002,0.006,0.008,0.000,16.0,8.2,17
24/07/2024,06:00,256,2.8,12.1,0.7,13.2,,,,,0.002,0.006,0.008,0.000,16.5,8.1,17
24/07/2024,07:00,258,3.3,11.7,0.7,14.0,,,,,0.004,0.006,0.010,0.000,19.6,9.1,20
24/07/2024,08:00,195,1.7,27.7,0.8,18.1,,,,,0.003,0.004,0.008,0.000,31.1,8.0,16
24/07/2024,09:00,129,2.9,20.5,1.0,21.2,,,,,0.006,0.006,0.012,0.001,18.2,6.1,13
24/07/2024,10:00,113,4.5,18.7,1.4,22.7,,,,,0.004,0.007,0.011,0.008,15.8,4.8,7
24/07/2024,11:00,103,5.2,16.3,1.5,22.8,,,,,0.004,0.008,0.012,0.006,15.1,4.3,5
24/07/2024,12:00,112,4.5,15.0,1.3,23.6,,,,,0.010,0.015,0.026,0.007,15.5,4.2,6
24/07/2024,13:00,87,4.3,16.3,1.3,23.8,,,,,0.002,0.004,0.005,0.003,11.4,4.0,4
24/07/2024,14:00,87,4.2,15.3,1.1,23.6,,,,,0.003,0.006,0.008,0.002,10.8,3.8,4
24/07/2024,15:00,91,4.2,15.1,1.1,23.0,,,,,0.003,0.005,0.008,0.003,11.9,3.9,4
24/07/2024,16:00,93,3.5,14.8,1.0,22.0,,,,,0.009,0.009,0.018,0.006,12.2,4.2,5
24/07/2024,17:00,96,2.6,14.4,0.7,20.3,,,,,0.000,0.002,0.002,0.001,13.4,4.2,5
24/07/2024,18:00,105,1.8,15.0,0.6,19.4,,,,,0.000,0.003,0.003,0.001,13.4,4.2,5
24/07/2024,19:00,119,1.5,16.4,0.5,18.8,,,,,0.003,0.017,0.020,0.005,13.0,4.2,5
24/07/2024,20:00,116,2.1,16.1,0.8,19.1,,,,,0.011,0.030,0.041,0.013,12.5,4.4,6
24/07/2024,21:00,133,2.0,15.0,0.6,18.7,,,,,0.002,0.014,0.017,0.009,12.5,4.6,7
24/07/2024,22:00,140,1.7,18.0,0.6,18.4,,,,,0.000,0.007,0.007,0.005,14.6,6.2,17
24/07/2024,23:00,167,1.3,22.2,0.5,18.5,,,,,0.000,0.011,0.012,0.001,14.6,6.2,15
25/07/2024,00:00,246,1.6,22.0,0.6,17.1,,,,,0.001,0.005,0.006,0.001,11.0,4.3,7
25/07/2024,01:00,164,1.3,23.6,0.5,17.4,,,,,0.000,0.006,0.006,0.001,11.2,4.4,6
25/07/2024,02:00,178,0.8,31.2,0.4,17.0,,,,,0.000,0.006,0.006,0.001,10.4,3.8,6
25/07/2024,03:00,173,0.4,39.6,0.3,15.2,,,,,0.002,0.010,0.012,0.000,10.3,4.6,9
25/07/2024,04:00,142,1.3,22.3,0.5,16.2,,,,,0.001,0.009,0.010,0.000,11.8,5.4,16
25/07/2024,05:00,135,0.9,30.9,0.4,16.9,,,,,0.002,0.017,0.019,0.000,15.4,7.3,25
25/07/2024,06:00,143,1.4,19.1,0.6,16.9,,,,,0.003,0.019,0.022,0.000,15.4,7.8,28
25/07/2024,07:00,141,0.8,41.2,0.4,17.5,,,,,,,,,13.8,6.2,
25/07/2024,08:00,113,1.2,29.9,0.5,20.6,,,,,,,,,18.5,7.0,
25/07/2024,09:00,78,2.5,17.8,0.8,22.1,,,,,0.004,0.007,0.011,0.010,20.3,7.0,12
25/07/2024,10:00,81,3.1,18.3,0.9,22.9,,,,,,,,,,,
25/07/2024,11:00,79,4.3,14.9,1.1,23.2,,,,,0.000,0.001,0.002,0.001,21.6,7.2,12
25/07/2024,12:00,83,4.5,13.3,1.2,23.3,,,,,0.000,0.000,0.000,0.000,18.0,6.5,10
25/07/2024,13:00,84,4.4,13.8,1.1,23.3,,,,,0.000,0.000,0.001,0.000,18.5,6.7,10
25/07/2024,14:00,84,3.7,14.9,1.0,23.0,,,,,0.000,0.000,0.001,0.001,18.0,6.8,11
25/07/2024,15:00,84,3.1,14.5,0.8,21.9,,,,,0.000,0.001,0.001,0.001,18.2,6.7,10
25/07/2024,16:00,89,2.4,15.5,0.6,21.9,,,,,0.000,0.001,0.001,0.001,19.6,7.0,11
25/07/2024,17:00,104,0.8,28.7,0.3,20.0,,,,,0.002,0.005,0.007,0.000,22.4,7.3,13
25/07/2024,18:00,180,0.2,34.7,0.2,18.7,,,,,0.003,0.014,0.017,0.001,28.3,8.2,15
25/07/2024,19:00,151,0.4,29.1,0.2,18.5,,,,,0.001,0.011,0.012,0.001,22.0,7.1,13
25/07/2024,20:00,177,0.2,24.6,0.1,17.1,,,,,0.012,0.018,0.029,0.001,23.7,7.7,15
25/07/2024,21:00,141,0.8,12.7,0.2,17.1,,,,,0.012,0.020,0.032,0.001,20.5,7.9,20
25/07/2024,22:00,151,0.4,42.8,0.2,16.7,,,,,0.003,0.016,0.020,0.001,19.3,7.6,18
25/07/2024,23:00,265,1.2,24.6,0.4,16.1,,,,,0.002,0.007,0.009,0.001,16.2,6.6,12
26/07/2024,00:00,288,1.2,15.2,0.3,15.1,,,,,0.000,0.004,0.004,0.001,15.3,6.2,11
26/07/2024,01:00,298,1.1,13.9,0.3,13.8,,,,,0.001,0.007,0.008,0.001,13.1,5.8,9
26/07/2024,02:00,299,1.0,18.6,0.2,12.7,,,,,0.006,0.009,0.015,0.000,12.5,5.9,11
26/07/2024,03:00,303,1.0,11.8,0.3,12.3,,,,,0.004,0.009,0.013,0.000,13.4,5.9,11
26/07/2024,04:00,215,1.0,32.7,0.5,14.8,,,,,0.004,0.009,0.013,0.000,15.2,6.4,12
26/07/2024,05:00,270,1.2,20.2,0.4,14.6,,,,,0.003,0.010,0.014,0.000,14.4,6.2,11
26/07/2024,06:00,301,0.9,10.3,0.2,13.5,,,,,0.027,0.017,0.044,0.001,16.2,6.5,14
26/07/2024,07:00,299,1.0,11.9,0.2,14.0,,,,,0.061,0.016,0.077,0.001,19.1,7.0,16
26/07/2024,08:00,279,0.6,28.7,0.3,17.1,,,,,0.010,0.013,0.023,0.001,16.5,6.2,14
26/07/2024,09:00,124,1.5,24.7,0.6,20.3,,,,,0.005,0.010,0.015,0.005,17.0,5.5,11
26/07/2024,10:00,94,1.8,28.2,0.7,22.3,,,,,0.009,0.014,0.023,0.012,16.3,5.4,10
26/07/2024,11:00,66,2.6,15.5,0.7,22.6,,,,,0.003,0.005,0.009,0.005,14.8,5.3,9
26/07/2024,12:00,71,2.4,18.3,0.7,22.9,,,,,0.000,0.000,0.001,0.001,15.1,5.3,8
26/07/2024,13:00,81,3.2,15.0,0.9,21.8,,,,,0.001,0.001,0.003,0.001,14.2,5.3,9
26/07/2024,14:00,55,2.1,18.2,0.6,21.8,,,,,0.000,0.001,0.001,0.001,10.3,4.0,6
26/07/2024,15:00,74,1.3,21.9,0.4,21.4,,,,,0.000,0.000,0.000,0.000,11.3,4.3,6
26/07/2024,16:00,83,1.8,15.3,0.5,20.5,,,,,0.000,0.001,0.001,0.001,13.5,4.9,9
26/07/2024,17:00,80,1.0,19.0,0.3,19.4,,,,,0.001,0.005,0.005,0.001,16.3,8.8,15
26/07/2024,18:00,221,0.1,34.3,0.1,18.1,,,,,0.007,0.015,0.023,0.001,14.6,5.4,12
26/07/2024,19:00,132,0.1,40.4,0.2,17.3,,,,,0.003,0.011,0.014,0.000,20.0,6.4,13
26/07/2024,20:00,286,0.5,19.9,0.1,16.9,,,,,0.008,0.014,0.022,0.001,13.6,5.3,12
26/07/2024,21:00,268,0.3,35.9,0.2,16.5,,,,,0.014,0.016,0.030,0.001,12.6,5.3,12
26/07/2024,22:00,289,0.6,23.4,0.2,16.4,,,,,0.003,0.011,0.014,0.000,12.4,5.2,11
26/07/2024,23:00,291,1.0,13.7,0.2,16.4,,,,,0.001,0.009,0.011,0.001,12.6,5.4,12
27/07/2024,00:00,284,1.4,9.8,0.2,16.5,,,,,0.000,0.006,0.007,0.001,13.2,5.7,13
27/07/2024,01:00,286,1.2,12.0,0.2,16.3,,,,,0.000,0.004,0.004,0.001,12.4,5.4,9
27/07/2024,02:00,280,1.9,9.6,0.4,15.7,,,,,0.001,0.005,0.006,0.000,11.4,5.2,10
27/07/2024,03:00,264,2.2,11.9,0.5,16.1,,,,,0.000,0.004,0.004,0.000,11.6,5.0,9
27/07/2024,04:00,266,1.4,15.6,0.4,16.5,,,,,0.000,0.003,0.003,0.000,11.8,4.8,8
27/07/2024,05:00,279,1.1,21.5,0.3,16.3,,,,,0.001,0.006,0.006,0.000,11.0,4.6,8
27/07/2024,06:00,275,1.9,11.8,0.4,16.4,,,,,0.002,0.009,0.010,0.000,11.5,4.7,8
27/07/2024,07:00,261,2.4,11.2,0.5,16.9,,,,,0.002,0.005,0.007,0.000,18.2,5.0,8
27/07/2024,08:00,259,2.4,13.7,0.6,18.2,,,,,0.002,0.004,0.006,0.000,12.3,4.8,8
27/07/2024,09:00,198,0.1,15.9,0.4,20.7,,,,,0.001,0.003,0.005,0.001,12.9,4.8,9
27/07/2024,10:00,95,1.6,22.6,0.5,22.8,,,,,0.030,0.021,0.051,0.022,14.7,5.1,10
27/07/2024,11:00,78,1.6,27.0,0.6,24.2,,,,,0.007,0.011,0.019,0.009,16.2,5.4,10
27/07/2024,12:00,81,2.8,16.3,0.6,24.2,,,,,0.002,0.004,0.005,0.003,15.5,5.3,9
27/07/2024,13:00,78,2.8,13.8,0.7,23.7,,,,,0.010,0.006,0.015,0.001,14.3,5.1,10
27/07/2024,14:00,82,3.1,13.4,0.8,22.9,,,,,0.001,0.001,0.002,0.001,13.8,4.8,8
27/07/2024,15:00,84,2.2,14.9,0.6,22.8,,,,,0.000,0.002,0.002,0.001,14.1,5.3,9
27/07/2024,16:00,87,1.8,14.5,0.4,21.9,,,,,0.000,0.001,0.001,0.001,13.6,5.2,10
27/07/2024,17:00,35,0.5,21.0,0.2,20.6,,,,,0.000,0.002,0.002,0.001,15.0,5.0,11
27/07/2024,18:00,356,0.3,21.3,0.2,19.5,,,,,0.000,0.004,0.005,0.000,20.0,5.7,11
27/07/2024,19:00,141,0.2,29.0,0.1,18.7,,,,,0.002,0.010,0.012,0.000,18.4,5.7,12
27/07/2024,20:00,185,0.1,46.3,0.1,18.0,,,,,0.016,0.017,0.033,0.001,16.9,5.4,11
27/07/2024,21:00,271,0.3,25.5,0.1,17.8,,,,,0.016,0.017,0.033,0.001,14.8,4.9,10
27/07/2024,22:00,293,0.4,23.3,0.1,17.5,,,,,0.007,0.012,0.019,0.000,11.3,4.4,9
27/07/2024,23:00,278,0.9,15.8,0.2,17.7,,,,,0.001,0.010,0.011,0.000,13.0,4.9,10
28/07/2024,00:00,265,1.8,10.3,0.3,18.0,,,,,0.000,0.009,0.010,0.000,13.5,5.2,10
28/07/2024,01:00,276,0.8,26.3,0.3,17.8,,,,,0.000,0.005,0.005,0.001,13.6,5.6,10
28/07/2024,02:00,266,1.2,19.4,0.4,17.8,,,,,0.000,0.006,0.006,0.000,13.6,6.0,13
28/07/2024,03:00,232,2.1,11.9,0.5,18.3,,,,,0.001,0.004,0.004,0.000,14.7,6.8,16
28/07/2024,04:00,242,2.6,13.2,0.7,18.0,,,,,0.000,0.005,0.005,0.000,12.0,5.6,12
28/07/2024,05:00,236,3.0,13.8,0.7,17.6,,,,,0.001,0.002,0.003,0.000,8.2,3.2,6
28/07/2024,06:00,249,3.0,11.7,0.6,16.9,,,,,0.001,0.002,0.002,0.000,6.4,2.0,3
28/07/2024,07:00,232,2.8,18.2,0.8,17.3,,,,,0.003,0.007,0.010,0.002,5.4,1.9,3
28/07/2024,08:00,238,1.9,18.3,0.6,17.9,,,,,0.003,0.009,0.012,0.004,7.4,2.5,3
28/07/2024,09:00,235,2.5,18.3,0.7,18.7,,,,,0.002,0.005,0.007,0.003,5.4,2.2,3
28/07/2024,10:00,189,1.5,25.1,0.6,19.8,,,,,0.002,0.004,0.006,0.004,8.1,2.4,3
28/07/2024,11:00,146,1.5,31.4,0.7,21.5,,,,,0.001,0.002,0.003,0.002,6.3,2.3,3
28/07/2024,12:00,203,1.2,30.2,0.6,21.4,,,,,0.002,0.004,0.006,0.002,8.1,2.4,3
28/07/2024,13:00,233,1.9,24.3,0.8,21.6,,,,,0.000,0.001,0.002,0.001,4.2,2.0,3
28/07/2024,14:00,219,2.9,17.0,0.8,20.7,,,,,0.001,0.001,0.002,0.000,11.3,2.2,3
28/07/2024,15:00,238,2.0,15.6,0.5,20.2,,,,,0.001,0.002,0.003,0.000,10.7,2.3,3
28/07/2024,16:00,239,1.8,12.4,0.4,19.8,,,,,0.000,0.002,0.003,0.000,10.7,2.2,3
28/07/2024,17:00,241,1.2,34.6,0.4,19.1,,,,,0.005,0.008,0.013,0.000,6.1,2.4,4
28/07/2024,18:00,242,1.6,9.7,0.3,17.8,,,,,0.005,0.012,0.016,0.000,6.8,2.4,4
28/07/2024,19:00,249,2.1,9.0,0.3,17.2,,,,,0.008,0.011,0.019,0.000,5.8,2.0,3
28/07/2024,20:00,244,2.1,7.8,0.3,16.0,,,,,0.007,0.011,0.018,0.000,6.3,2.1,3
28/07/2024,21:00,227,2.5,12.4,0.6,17.1,,,,,0.002,0.006,0.008,0.000,5.1,2.1,3
28/07/2024,22:00,226,3.3,13.2,0.7,17.5,,,,,0.001,0.002,0.002,0.000,5.7,1.7,2
28/07/2024,23:00,215,2.9,15.7,0.8,16.9,,,,,0.003,0.008,0.011,0.007,8.4,2.3,3
29/07/2024,00:00,207,2.9,17.5,0.9,16.4,,,,,0.004,0.011,0.015,0.013,7.9,2.9,4
29/07/2024,01:00,221,3.1,14.1,1.0,15.3,,,,,0.002,0.005,0.007,0.004,6.8,2.0,2
29/07/2024,02:00,214,3.7,14.7,1.0,14.4,,,,,0.003,0.008,0.010,0.006,7.9,1.7,2
29/07/2024,03:00,205,3.5,17.8,1.0,13.1,,,,,0.008,0.013,0.020,0.017,10.5,2.1,3
29/07/2024,04:00,217,3.4,15.1,1.1,11.8,,,,,0.004,0.010,0.013,0.008,7.7,1.6,2
29/07/2024,05:00,217,3.3,16.0,1.0,10.9,,,,,0.005,0.010,0.016,0.006,8.0,1.4,2
29/07/2024,06:00,213,3.4,15.6,1.0,10.3,,,,,0.006,0.012,0.019,0.010,12.3,1.9,2
29/07/2024,07:00,230,3.3,15.2,0.9,10.7,,,,,0.009,0.009,0.018,0.003,13.9,1.9,2
29/07/2024,08:00,216,4.4,15.3,1.1,12.4,,,,,0.010,0.011,0.021,0.008,13.8,1.9,2
29/07/2024,09:00,210,4.3,18.0,1.2,14.7,,,,,0.014,0.011,0.026,0.011,26.6,2.4,2
29/07/2024,10:00,207,3.6,21.3,1.1,16.8,,,,,0.005,0.005,0.009,0.004,10.8,1.5,2
29/07/2024,11:00,185,2.1,35.0,0.9,19.2,,,,,0.004,0.006,0.010,0.005,9.4,1.5,1
29/07/2024,12:00,200,3.0,25.7,1.0,21.0,,,,,0.004,0.003,0.007,0.003,24.9,2.2,2
29/07/2024,13:00,180,2.5,27.1,1.0,22.7,,,,,0.005,0.005,0.010,0.003,21.1,2.0,2
29/07/2024,14:00,169,3.1,24.3,1.2,23.3,,,,,0.004,0.006,0.009,0.006,17.2,2.0,2
29/07/2024,15:00,140,3.0,17.4,0.9,23.2,,,,,0.004,0.005,0.009,0.000,11.5,2.2,3
29/07/2024,16:00,143,2.6,17.9,0.8,22.5,,,,,0.002,0.009,0.012,0.000,12.2,1.6,2
29/07/2024,17:00,125,1.2,23.7,0.4,19.0,,,,,0.001,0.012,0.013,0.000,9.9,2.5,4
29/07/2024,18:00,304,0.8,17.1,0.2,13.1,,,,,0.011,0.021,0.032,0.000,11.8,2.4,4
29/07/2024,19:00,300,1.1,15.7,0.4,10.4,,,,,0.011,0.019,0.030,0.000,9.8,3.0,5
29/07/2024,20:00,305,1.3,14.0,0.4,8.4,,,,,0.004,0.016,0.021,0.000,14.8,5.5,11
29/07/2024,21:00,301,1.2,14.2,0.4,7.4,,,,,0.001,0.012,0.014,0.000,15.1,4.7,8
29/07/2024,22:00,269,1.0,31.8,0.5,7.9,,,,,0.001,0.009,0.010,0.000,10.8,3.6,6
29/07/2024,23:00,263,1.3,33.2,0.5,8.4,,,,,0.002,0.011,0.013,0.000,9.2,2.9,4
30/07/2024,00:00,187,2.8,24.4,1.2,13.5,,,,,0.004,0.010,0.013,0.003,15.8,3.5,5
30/07/2024,01:00,213,3.7,13.8,0.9,13.7,,,,,0.003,0.007,0.010,0.009,9.3,2.4,2
30/07/2024,02:00,222,4.3,11.8,0.9,12.3,,,,,0.001,0.001,0.002,0.000,6.7,1.6,2
30/07/2024,03:00,225,4.0,14.4,1.0,11.4,,,,,0.001,0.003,0.005,0.001,6.5,1.5,1
30/07/2024,04:00,223,3.0,14.1,0.8,10.5,,,,,0.003,0.008,0.011,0.004,6.3,1.5,1
30/07/2024,05:00,225,4.6,11.5,1.1,9.6,,,,,0.002,0.002,0.005,0.000,6.9,1.6,2
30/07/2024,06:00,230,3.5,13.3,0.9,8.9,,,,,0.003,0.004,0.007,0.000,8.5,1.8,2
30/07/2024,07:00,230,4.2,14.0,1.1,9.9,,,,,0.003,0.004,0.007,0.001,21.3,2.6,2
30/07/2024,08:00,221,3.6,16.0,1.0,12.2,,,,,0.007,0.006,0.013,0.008,32.8,3.4,4
30/07/2024,09:00,209,3.7,16.0,1.1,14.9,,,,,0.009,0.009,0.018,0.014,12.4,2.7,3
30/07/2024,10:00,162,3.0,26.2,1.2,17.4,,,,,0.006,0.007,0.013,0.004,16.4,3.4,5
30/07/2024,11:00,153,3.4,22.6,1.2,18.7,,,,,0.003,0.004,0.007,0.000,20.5,3.4,5
30/07/2024,12:00,148,3.1,24.5,1.1,20.0,,,,,0.004,0.005,0.008,0.000,13.4,2.8,4
30/07/2024,13:00,142,1.9,36.5,1.0,21.3,,,,,0.003,0.003,0.007,0.000,34.8,4.2,7
30/07/2024,14:00,165,2.6,25.4,1.0,21.4,,,,,0.003,0.005,0.008,0.003,56.2,5.0,4
30/07/2024,15:00,131,2.1,23.4,0.8,21.6,,,,,0.002,0.004,0.006,0.003,10.5,2.6,3
30/07/2024,16:00,136,2.3,17.8,0.7,21.1,,,,,0.003,0.008,0.012,0.001,9.0,2.6,4
30/07/2024,17:00,126,1.7,15.7,0.6,18.7,,,,,0.001,0.009,0.010,0.002,13.1,5.6,13
30/07/2024,18:00,123,1.1,21.5,0.4,15.4,,,,,0.004,0.018,0.022,0.000,18.0,6.5,16
30/07/2024,19:00,151,0.9,14.7,0.3,12.5,,,,,0.024,0.027,0.052,0.001,21.8,5.9,14
30/07/2024,20:00,151,1.0,15.6,0.3,12.0,,,,,0.020,0.027,0.047,0.001,26.2,6.0,13
30/07/2024,21:00,144,1.1,14.1,0.3,11.7,,,,,0.011,0.023,0.034,0.001,20.4,5.7,12
30/07/2024,22:00,144,1.6,14.7,0.4,14.5,,,,,0.002,0.011,0.013,0.000,24.2,5.5,10
30/07/2024,23:00,160,2.1,22.2,0.8,15.2,,,,,0.000,0.004,0.004,0.000,30.4,6.4,11
31/07/2024,00:00,159,2.4,20.6,0.9,15.1,,,,,0.000,0.004,0.005,0.000,23.4,6.7,12
31/07/2024,01:00,208,1.4,23.3,0.8,12.9,,,,,0.001,0.005,0.006,0.001,16.9,6.9,12
31/07/2024,02:00,259,3.7,10.1,0.7,10.7,,,,,0.000,0.003,0.003,0.001,11.7,5.4,10
31/07/2024,03:00,258,3.4,9.8,0.6,10.5,,,,,0.001,0.003,0.003,0.000,12.4,5.4,10
31/07/2024,04:00,252,3.6,8.7,0.6,10.4,,,,,0.001,0.003,0.004,0.000,12.4,5.4,10
31/07/2024,05:00,254,3.3,9.8,0.7,10.1,,,,,0.003,0.007,0.010,0.000,14.6,5.5,10
31/07/2024,06:00,256,4.1,8.2,0.7,10.3,,,,,0.002,0.006,0.008,0.000,12.6,5.5,10
31/07/2024,07:00,255,3.6,9.6,0.7,12.2,,,,,0.003,0.006,0.009,0.001,20.0,5.5,10
31/07/2024,08:00,210,2.2,22.5,0.9,15.8,,,,,0.007,0.010,0.017,0.012,35.4,5.7,9
31/07/2024,09:00,181,2.4,28.3,0.9,18.4,,,,,0.008,0.011,0.019,0.016,13.9,4.2,6
31/07/2024,10:00,150,3.1,21.7,1.1,20.2,,,,,0.003,0.008,0.011,0.000,14.1,3.6,5
31/07/2024,11:00,143,2.9,23.6,1.1,21.4,,,,,0.001,0.003,0.004,0.000,14.8,3.8,5
31/07/2024,12:00,107,3.5,20.3,1.1,22.3,,,,,0.007,0.009,0.015,0.002,13.0,4.0,6
31/07/2024,13:00,68,4.2,15.6,1.2,21.5,,,,,0.000,0.001,0.001,0.001,11.3,3.9,5
31/07/2024,14:00,72,3.9,15.6,1.1,21.6,,,,,0.000,0.000,0.001,0.000,10.8,3.7,5
31/07/2024,15:00,86,3.8,14.4,1.0,21.0,,,,,0.000,0.001,0.001,0.000,14.0,4.0,5
31/07/2024,16:00,91,2.9,15.1,0.9,20.3,,,,,0.013,0.008,0.021,0.000,13.5,4.3,7
31/07/2024,17:00,87,1.6,13.5,0.4,18.2,,,,,0.000,0.002,0.002,0.000,17.1,4.7,7
31/07/2024,18:00,294,0.7,19.7,0.2,14.5,,,,,0.008,0.015,0.022,0.000,18.9,5.0,8
31/07/2024,19:00,285,0.7,21.0,0.2,12.2,,,,,0.010,0.023,0.033,0.000,18.0,5.4,10
31/07/2024,20:00,205,0.4,35.4,0.3,11.5,,,,,0.015,0.025,0.039,0.001,17.1,5.2,9
31/07/2024,21:00,249,0.5,38.9,0.3,10.5,,,,,0.005,0.019,0.025,0.001,14.1,4.9,8
31/07/2024,22:00,295,1.1,17.2,0.3,9.6,,,,,0.004,0.016,0.019,0.000,12.6,4.8,8
31/07/2024,23:00,256,1.6,25.4,0.5,10.9,,,,,0.002,0.010,0.012,0.000,13.9,5.4,9
01/08/2024,00:00,258,2.1,15.1,0.5,12.1,,,,,0.000,0.005,0.005,0.001,13.7,5.6,10
01/08/2024,01:00,256,3.4,10.0,0.6,12.2,,,,,0.000,0.002,0.002,0.001,12.0,5.0,7
01/08/2024,02:00,257,3.4,10.0,0.6,11.7,,,,,0.000,0.003,0.003,0.001,11.5,5.0,8
01/08/2024,03:00,257,3.4,9.8,0.7,11.4,,,,,0.001,0.004,0.005,0.001,12.9,5.3,8
01/08/2024,04:00,259,3.5,9.2,0.7,10.7,,,,,0.001,0.004,0.005,0.000,12.4,5.6,9
01/08/2024,05:00,258,3.3,11.3,0.7,10.3,,,,,0.003,0.007,0.010,0.000,13.4,5.7,10
01/08/2024,06:00,257,3.3,10.9,0.8,10.0,,,,,0.008,0.019,0.027,0.000,18.2,6.0,11
01/08/2024,07:00,264,2.8,12.2,0.7,11.5,,,,,0.004,0.008,0.011,0.000,25.5,6.3,10
01/08/2024,08:00,173,2.8,22.7,1.0,16.4,,,,,0.002,0.005,0.007,0.000,22.4,6.5,11
01/08/2024,09:00,159,2.7,19.6,0.9,18.6,,,,,0.002,0.005,0.007,0.000,20.5,6.4,11
01/08/2024,10:00,124,2.7,26.8,0.9,20.8,,,,,0.004,0.007,0.011,0.002,17.1,5.7,9
01/08/2024,11:00,99,3.2,18.9,1.0,21.6,,,,,0.008,0.011,0.019,0.009,14.6,4.8,6
01/08/2024,12:00,65,3.2,20.7,1.1,21.5,,,,,0.004,0.007,0.012,0.005,17.0,5.3,8
01/08/2024,13:00,64,3.9,14.9,1.0,21.4,,,,,0.001,0.002,0.003,0.000,15.5,5.4,7
01/08/2024,14:00,66,3.6,14.8,0.9,21.4,,,,,0.002,0.005,0.007,0.001,15.1,6.3,8
01/08/2024,15:00,69,3.1,16.7,0.9,21.1,,,,,0.000,0.001,0.002,0.000,15.7,5.6,8
01/08/2024,16:00,83,2.7,14.6,0.7,20.5,,,,,0.000,0.002,0.002,0.000,17.8,5.9,8
01/08/2024,17:00,79,1.6,16.8,0.5,18.4,,,,,0.000,0.002,0.002,0.000,19.0,5.7,8
01/08/2024,18:00,152,0.1,22.7,0.1,15.2,,,,,0.015,0.023,0.039,0.000,22.0,6.3,11
01/08/2024,19:00,292,0.9,6.1,0.1,12.8,,,,,0.009,0.020,0.029,0.000,16.6,5.8,9
01/08/2024,20:00,301,1.3,8.2,0.2,11.7,,,,,0.012,0.020,0.032,0.000,13.9,5.4,9
01/08/2024,21:00,290,1.7,9.4,0.3,11.3,,,,,0.001,0.012,0.012,0.000,13.1,5.4,9
01/08/2024,22:00,276,2.1,8.9,0.3,11.2,,,,,0.001,0.009,0.010,0.000,14.7,5.5,9
01/08/2024,23:00,272,2.0,10.3,0.3,10.8,,,,,0.001,0.009,0.010,0.000,14.2,5.8,10
02/08/2024,00:00,275,2.2,11.5,0.4,10.6,,,,,0.001,0.007,0.008,0.000,13.7,5.6,10
02/08/2024,01:00,265,2.8,11.7,0.6,11.1,,,,,0.000,0.004,0.004,0.000,12.9,5.2,8
02/08/2024,02:00,263,2.8,11.6,0.5,10.4,,,,,0.001,0.003,0.004,0.000,13.2,5.5,9
02/08/2024,03:00,255,3.2,11.5,0.7,10.5,,,,,0.001,0.004,0.005,0.001,17.4,10.2,24
02/08/2024,04:00,254,3.8,10.3,0.7,10.2,,,,,0.001,0.003,0.004,0.000,14.8,7.9,17
02/08/2024,05:00,254,4.0,9.8,0.7,9.6,,,,,0.003,0.007,0.010,0.000,13.9,6.2,12
02/08/2024,06:00,255,3.5,9.9,0.7,9.4,,,,,0.005,0.010,0.015,0.000,19.9,6.8,14
02/08/2024,07:00,258,3.2,10.1,0.7,11.3,,,,,0.018,0.013,0.031,0.001,20.4,7.6,15
02/08/2024,08:00,262,3.4,10.3,0.7,14.3,,,,,0.004,0.006,0.010,0.001,20.6,7.9,16
02/08/2024,09:00,200,1.5,19.2,0.7,18.7,,,,,0.002,0.005,0.008,0.000,23.5,7.4,14
02/08/2024,10:00,121,2.6,23.9,1.0,20.9,,,,,0.004,0.007,0.011,0.004,18.3,6.1,10
02/08/2024,11:00,95,2.7,23.1,0.9,21.7,,,,,0.007,0.010,0.016,0.010,13.3,5.0,8
02/08/2024,12:00,61,3.4,16.9,1.0,21.5,,,,,0.001,0.002,0.003,0.001,11.5,4.7,7
02/08/2024,13:00,62,3.7,17.1,0.9,21.5,,,,,0.000,0.001,0.001,0.000,12.6,4.6,6
02/08/2024,14:00,65,3.1,15.4,0.8,21.8,,,,,0.001,0.002,0.003,0.000,11.2,4.3,6
02/08/2024,15:00,78,2.8,16.7,0.7,21.7,,,,,0.001,0.000,0.001,0.000,11.5,5.0,6
02/08/2024,16:00,79,2.3,14.6,0.6,21.0,,,,,0.001,0.000,0.001,0.000,13.5,4.5,6
02/08/2024,17:00,73,1.1,23.2,0.4,18.2,,,,,0.001,0.003,0.004,0.000,14.8,5.4,8
02/08/2024,18:00,295,0.7,14.6,0.1,14.2,,,,,0.006,0.019,0.024,0.000,20.5,6.3,10
02/08/2024,19:00,303,0.9,10.7,0.2,11.9,,,,,0.010,0.020,0.030,0.000,19.6,5.9,9
02/08/2024,20:00,301,1.2,9.9,0.2,11.0,,,,,0.004,0.015,0.019,0.000,15.3,5.4,8
02/08/2024,21:00,290,1.6,8.4,0.3,11.2,,,,,0.001,0.010,0.012,0.000,15.3,5.8,9
02/08/2024,22:00,278,1.9,8.7,0.3,11.0,,,,,0.001,0.009,0.010,0.000,17.0,6.1,10
02/08/2024,23:00,294,1.6,10.1,0.3,9.9,,,,,0.002,0.013,0.015,0.000,15.3,6.0,11
03/08/2024,00:00,279,2.0,13.0,0.4,10.6,,,,,0.001,0.010,0.011,0.000,14.7,6.4,12
03/08/2024,01:00,279,2.3,11.4,0.5,10.4,,,,,0.001,0.005,0.006,0.000,14.8,6.6,12
03/08/2024,02:00,269,2.4,12.3,0.5,10.9,,,,,0.000,0.003,0.004,0.000,13.4,6.4,12
03/08/2024,03:00,258,3.3,10.1,0.7,11.3,,,,,0.001,0.003,0.003,0.000,13.6,6.4,12
03/08/2024,04:00,257,3.8,9.6,0.7,10.9,,,,,0.001,0.003,0.004,0.000,13.3,7.0,14
03/08/2024,05:00,255,3.6,10.2,0.7,10.2,,,,,0.003,0.006,0.009,0.000,12.7,6.5,13
03/08/2024,06:00,254,3.8,9.0,0.7,9.7,,,,,0.001,0.008,0.009,0.000,14.7,6.4,12
03/08/2024,07:00,257,3.2,10.8,0.7,11.8,,,,,0.003,0.007,0.010,0.001,20.8,6.6,13
03/08/2024,08:00,257,2.2,17.2,0.6,15.2,,,,,0.002,0.004,0.007,0.001,23.0,6.4,12
03/08/2024,09:00,159,3.2,17.3,1.0,18.8,,,,,0.001,0.002,0.003,0.000,14.1,4.7,7
03/08/2024,10:00,152,2.1,29.0,0.9,20.8,,,,,0.002,0.004,0.007,0.001,16.2,4.9,8
03/08/2024,11:00,131,2.0,24.4,0.9,22.3,,,,,0.004,0.006,0.009,0.006,12.2,4.2,6
03/08/2024,12:00,63,3.3,15.0,0.9,22.1,,,,,0.003,0.006,0.009,0.005,14.4,4.7,7
03/08/2024,13:00,65,3.6,14.6,1.0,22.5,,,,,0.001,0.003,0.004,0.002,11.6,4.6,7
03/08/2024,14:00,69,3.7,14.8,1.1,22.3,,,,,0.003,0.003,0.006,0.000,14.1,5.3,7
03/08/2024,15:00,78,3.5,18.1,1.1,21.7,,,,,0.002,0.001,0.003,0.000,15.0,6.0,8
03/08/2024,16:00,83,2.5,16.2,0.7,21.2,,,,,0.003,0.003,0.005,0.000,13.6,4.9,7
03/08/2024,17:00,87,2.3,17.0,0.7,19.1,,,,,0.000,0.003,0.003,0.000,15.7,5.9,10
03/08/2024,18:00,101,1.0,25.5,0.3,17.7,,,,,0.000,0.007,0.007,0.001,15.7,6.0,10
03/08/2024,19:00,122,1.3,20.5,0.5,17.7,,,,,0.008,0.025,0.033,0.013,15.5,6.1,11
03/08/2024,20:00,132,1.3,19.9,0.5,17.2,,,,,0.000,0.014,0.015,0.006,19.7,8.2,21
03/08/2024,21:00,140,1.4,17.2,0.5,16.8,,,,,0.000,0.007,0.008,0.003,17.2,7.4,17
03/08/2024,22:00,136,1.2,18.8,0.4,16.4,,,,,0.000,0.009,0.009,0.002,17.2,7.5,19
03/08/2024,23:00,147,1.5,16.2,0.5,16.5,,,,,0.000,0.007,0.007,0.001,16.3,6.8,14
04/08/2024,00:00,210,1.4,21.0,0.6,15.9,,,,,0.000,0.004,0.005,0.000,15.8,6.1,11
04/08/2024,01:00,263,1.5,20.9,0.4,14.6,,,,,0.000,0.002,0.003,0.001,13.3,5.8,9
04/08/2024,02:00,261,1.3,26.5,0.6,13.9,,,,,0.000,0.003,0.003,0.000,13.6,5.6,9
04/08/2024,03:00,259,2.3,16.4,0.6,13.4,,,,,0.001,0.003,0.003,0.000,13.1,5.4,8
04/08/2024,04:00,258,3.4,9.4,0.7,13.5,,,,,0.000,0.003,0.003,0.000,13.6,5.6,8
04/08/2024,05:00,257,3.3,10.3,0.7,13.1,,,,,0.001,0.003,0.003,0.000,13.3,5.6,8
04/08/2024,06:00,258,3.4,10.3,0.7,13.6,,,,,0.001,0.003,0.004,0.000,13.5,5.7,8
04/08/2024,07:00,260,2.9,10.8,0.6,14.5,,,,,0.001,0.003,0.004,0.001,18.7,5.9,9
04/08/2024,08:00,247,1.3,30.8,0.6,17.2,,,,,0.003,0.006,0.009,0.001,15.6,5.8,10
04/08/2024,09:00,126,2.9,18.1,0.8,20.3,,,,,0.002,0.005,0.007,0.003,15.0,5.2,7
04/08/2024,10:00,117,3.8,19.0,1.1,21.6,,,,,0.018,0.019,0.037,0.022,14.9,4.9,6
04/08/2024,11:00,100,4.4,16.1,1.2,22.6,,,,,0.014,0.014,0.028,0.011,14.4,4.7,6
04/08/2024,12:00,87,4.3,16.7,1.2,23.3,,,,,0.004,0.006,0.010,0.003,15.8,4.6,5
04/08/2024,13:00,72,4.4,14.7,1.3,22.8,,,,,0.001,0.001,0.002,0.000,15.2,4.8,6
04/08/2024,14:00,78,4.5,15.9,1.2,22.3,,,,,0.005,0.005,0.010,0.000,15.8,5.8,7
04/08/2024,15:00,81,4.0,16.2,1.0,21.7,,,,,0.003,0.002,0.005,0.000,16.7,5.1,7
04/08/2024,16:00,85,3.4,16.1,1.0,21.0,,,,,0.009,0.006,0.015,0.000,16.1,5.5,7
04/08/2024,17:00,94,2.7,16.0,0.9,19.5,,,,,0.000,0.002,0.002,0.000,16.3,4.8,6
04/08/2024,18:00,104,2.1,14.4,0.6,18.7,,,,,0.000,0.004,0.004,0.000,16.6,5.2,6
04/08/2024,19:00,128,1.3,15.9,0.4,17.9,,,,,0.000,0.008,0.008,0.001,17.1,4.9,7
04/08/2024,20:00,136,1.0,23.5,0.4,17.4,,,,,0.000,0.006,0.006,0.003,17.0,5.6,12
04/08/2024,21:00,137,0.8,24.9,0.3,16.1,,,,,0.000,0.008,0.008,0.002,19.2,5.9,12
04/08/2024,22:00,146,1.1,20.1,0.5,15.6,,,,,0.001,0.013,0.014,0.001,20.5,6.1,14
04/08/2024,23:00,163,0.6,32.8,0.4,13.8,,,,,0.001,0.012,0.013,0.001,19.0,5.1,9
05/08/2024,00:00,167,1.0,21.7,0.4,14.9,,,,,0.000,0.008,0.009,0.000,18.1,4.7,8
05/08/2024,01:00,232,1.0,24.5,0.3,14.7,,,,,0.001,0.007,0.007,0.000,12.9,4.6,6
05/08/2024,02:00,260,2.2,13.8,0.5,14.8,,,,,0.000,0.002,0.002,0.000,11.4,4.9,8
05/08/2024,03:00,255,2.7,12.1,0.7,14.7,,,,,0.001,0.003,0.004,0.001,10.6,4.4,6
05/08/2024,04:00,263,1.8,13.9,0.5,14.4,,,,,0.001,0.005,0.005,0.000,9.8,4.0,6
05/08/2024,05:00,257,2.3,11.7,0.5,14.0,,,,,0.003,0.009,0.012,0.000,8.9,3.9,6
05/08/2024,06:00,254,3.2,10.0,0.6,13.9,,,,,0.002,0.007,0.009,0.000,10.1,4.2,6
05/08/2024,07:00,253,3.4,10.0,0.7,15.2,,,,,0.003,0.006,0.008,0.000,11.6,4.1,6
05/08/2024,08:00,249,2.8,14.2,0.8,16.6,,,,,0.005,0.004,0.008,0.000,13.3,3.9,5
05/08/2024,09:00,189,0.8,27.8,0.5,19.5,,,,,0.023,0.016,0.038,0.010,14.2,4.5,9
05/08/2024,10:00,110,1.2,30.6,0.5,21.5,,,,,0.060,0.028,0.089,0.043,16.1,5.4,9
05/08/2024,11:00,75,2.6,19.9,0.9,22.2,,,,,0.001,0.004,0.005,0.003,14.1,4.2,6
05/08/2024,12:00,81,3.6,14.9,1.0,22.1,,,,,0.001,0.002,0.003,0.001,14.6,4.5,6
05/08/2024,13:00,85,3.1,16.1,0.8,22.0,,,,,0.004,0.004,0.008,0.000,12.4,4.2,6
05/08/2024,14:00,82,3.3,15.6,0.8,21.4,,,,,0.009,0.010,0.019,0.001,12.4,4.5,5
05/08/2024,15:00,85,3.3,14.7,0.9,20.8,,,,,0.001,0.005,0.006,0.001,12.0,3.7,5
05/08/2024,16:00,80,2.1,15.9,0.6,20.3,,,,,0.007,0.008,0.014,0.001,12.4,4.5,8
05/08/2024,17:00,76,1.5,20.4,0.6,19.6,,,,,0.000,0.002,0.002,0.001,11.1,3.4,4
05/08/2024,18:00,352,0.4,21.5,0.3,18.9,,,,,0.000,0.002,0.002,0.001,11.8,3.8,5
05/08/2024,19:00,9,0.4,23.3,0.2,18.7,,,,,0.000,0.003,0.003,0.001,14.2,3.9,6
05/08/2024,20:00,328,0.3,23.2,0.2,17.9,,,,,0.000,0.001,0.001,0.001,9.6,3.3,5
05/08/2024,21:00,295,0.1,36.2,0.1,16.2,,,,,0.002,0.006,0.008,0.001,8.5,3.3,4
05/08/2024,22:00,287,0.5,20.5,0.1,15.0,,,,,0.004,0.009,0.013,0.000,7.8,3.1,4
05/08/2024,23:00,295,1.1,11.9,0.2,14.3,,,,,0.004,0.009,0.014,0.000,8.6,3.1,4
06/08/2024,00:00,294,1.3,12.3,0.3,14.2,,,,,0.003,0.011,0.013,0.000,8.4,3.4,4
06/08/2024,01:00,296,1.0,10.0,0.2,13.4,,,,,0.004,0.007,0.011,0.000,8.0,3.3,4
06/08/2024,02:00,291,1.3,10.3,0.2,12.7,,,,,0.006,0.008,0.014,0.000,8.5,3.2,5
06/08/2024,03:00,263,2.0,13.2,0.4,13.7,,,,,0.001,0.006,0.007,0.000,8.1,3.1,4
06/08/2024,04:00,260,2.0,17.1,0.5,13.6,,,,,0.002,0.007,0.009,0.000,6.8,3.0,4
06/08/2024,05:00,266,1.0,21.6,0.4,13.5,,,,,0.008,0.013,0.022,0.000,7.9,3.2,5
06/08/2024,06:00,258,1.4,21.4,0.5,13.7,,,,,0.006,0.012,0.018,0.000,8.0,3.0,4
06/08/2024,07:00,254,2.1,11.2,0.5,14.8,,,,,0.006,0.011,0.017,0.000,10.6,3.3,4
06/08/2024,08:00,,,,,,,,,,,,,,,,
06/08/2024,09:00,,,,,,,,,,,,,,,,
06/08/2024,10:00,,,,,,,,,,,,,,,,
06/08/2024,11:00,,,,,,,,,,,,,,,,
06/08/2024,12:00,,,,,,,,,,,,,,,,
06/08/2024,13:00,31,2.5,17.0,0.6,22.7,63.3,0.0,1017,330,0.002,0.007,0.010,0.001,11.4,3.6,5
06/08/2024,14:00,19,2.2,21.2,0.8,23.3,61.6,0.0,1016,260,0.000,0.000,0.001,0.001,11.8,3.6,5
06/08/2024,15:00,42,2.3,19.6,0.7,23.6,59.2,0.0,1016,286,0.000,0.000,0.001,0.000,9.2,3.4,4
06/08/2024,16:00,29,1.5,17.6,0.5,23.1,58.3,0.0,1016,192,0.001,0.003,0.004,0.000,10.5,3.4,4
06/08/2024,17:00,32,1.5,18.9,0.6,21.6,64.2,0.0,1016,17,0.000,0.000,0.000,0.000,10.1,3.4,4
06/08/2024,18:00,33,0.6,17.5,0.3,20.6,67.5,0.0,1017,0,0.000,0.001,0.001,0.000,10.0,3.5,4
06/08/2024,19:00,303,0.1,24.1,0.1,19.5,72.4,0.0,1018,1,0.002,0.009,0.011,0.000,12.2,3.8,6
06/08/2024,20:00,286,0.2,28.6,0.1,18.1,77.5,0.0,1018,1,0.025,0.020,0.045,0.001,13.6,4.0,6
06/08/2024,21:00,303,0.8,12.9,0.2,17.2,82.2,0.0,1018,1,0.015,0.016,0.031,0.000,9.4,3.5,5
06/08/2024,22:00,307,0.5,20.2,0.2,17.3,82.2,0.0,1018,1,0.004,0.011,0.014,0.000,9.1,3.4,5
06/08/2024,23:00,299,0.7,28.9,0.2,17.2,83.5,0.0,1018,1,0.003,0.010,0.013,0.000,8.6,3.3,5
07/08/2024,00:00,295,0.9,17.4,0.3,17.1,84.8,0.0,1018,0,0.001,0.008,0.009,0.000,11.7,3.6,6
07/08/2024,01:00,275,2.0,13.7,0.5,16.9,88.3,0.0,1018,1,0.000,0.005,0.005,0.001,9.6,3.7,5
07/08/2024,02:00,269,1.9,13.0,0.5,17.0,88.9,0.0,1017,1,0.000,0.003,0.004,0.001,9.0,3.6,5
07/08/2024,03:00,262,2.5,11.4,0.5,16.9,86.0,0.0,1017,0,0.001,0.007,0.008,0.001,8.4,3.5,5
07/08/2024,04:00,244,2.6,19.0,0.7,17.1,84.8,0.0,1017,0,0.002,0.005,0.007,0.001,8.1,3.4,5
07/08/2024,05:00,245,2.6,13.8,0.7,16.8,87.7,0.0,1018,0,0.003,0.005,0.007,0.001,7.4,3.4,7
07/08/2024,06:00,255,2.9,12.8,0.6,16.5,91.3,0.1,1019,7,0.003,0.006,0.009,0.001,6.9,3.3,6
07/08/2024,07:00,263,2.0,16.3,0.5,16.7,92.6,0.7,1019,48,0.013,0.012,0.025,0.001,8.5,3.6,7
07/08/2024,08:00,257,1.5,21.3,0.5,17.4,91.6,0.0,1020,100,0.007,0.009,0.016,0.001,9.1,4.0,8
07/08/2024,09:00,267,1.2,23.8,0.5,18.1,90.4,0.0,1020,209,0.008,0.007,0.015,0.001,8.7,3.7,7
07/08/2024,10:00,66,2.2,20.9,0.6,18.8,86.1,0.0,1020,201,0.005,0.004,0.010,0.001,8.3,3.6,7
07/08/2024,11:00,82,2.0,17.9,0.5,18.8,83.9,0.0,1020,244,0.003,0.003,0.005,0.001,11.4,6.4,10
07/08/2024,12:00,91,1.2,18.4,0.4,18.9,84.5,0.2,1019,165,0.001,0.005,0.006,0.002,10.4,5.4,13
07/08/2024,13:00,131,1.9,14.8,0.5,18.8,84.6,0.0,1018,144,0.001,0.004,0.005,0.002,10.4,5.7,15
07/08/2024,14:00,127,1.2,19.6,0.3,19.1,82.5,0.0,1018,119,0.001,0.004,0.005,0.001,10.6,5.5,14
07/08/2024,15:00,97,1.1,16.8,0.3,19.3,81.0,0.0,1018,75,0.003,0.010,0.013,0.004,12.6,5.8,14
07/08/2024,16:00,118,0.8,26.6,0.3,19.7,78.8,0.0,1018,,0.001,0.008,0.009,0.002,16.5,6.4,16
07/08/2024,17:00,80,0.3,24.4,0.1,19.5,80.6,0.0,1019,9,0.000,0.008,0.009,0.002,14.6,6.3,15
07/08/2024,18:00,,0.0,,0.1,18.9,83.9,0.0,1020,0,0.008,0.013,0.021,0.001,28.7,8.7,20
07/08/2024,19:00,142,0.8,24.5,0.3,18.8,83.3,0.0,1020,0,0.005,0.012,0.017,0.001,20.7,8.2,20
07/08/2024,20:00,162,0.9,24.6,0.3,18.7,82.2,0.0,1021,0,0.001,0.009,0.010,0.001,13.4,7.1,20
07/08/2024,21:00,158,0.6,40.1,0.3,18.3,81.7,0.0,1021,1,0.001,0.008,0.008,0.000,15.7,7.5,20
07/08/2024,22:00,152,1.0,25.6,0.3,17.8,82.0,0.0,1021,1,0.003,0.009,0.012,0.000,15.8,7.3,18
07/08/2024,23:00,154,1.2,25.7,0.5,17.7,79.1,0.0,1020,1,0.000,0.004,0.004,0.000,12.9,6.1,15
08/08/2024,00:00,167,2.0,21.4,0.8,17.7,79.7,0.0,1020,1,0.000,0.003,0.004,0.000,13.4,6.7,14
08/08/2024,01:00,171,2.5,29.3,0.9,17.7,79.4,0.0,1020,1,0.004,0.012,0.016,0.001,16.6,9.0,19
08/08/2024,02:00,224,0.7,46.8,0.6,16.8,82.9,0.0,1020,1,0.002,0.009,0.011,0.000,16.5,8.6,20
08/08/2024,03:00,165,2.4,19.3,0.9,17.1,81.4,0.0,1019,1,0.000,0.003,0.003,0.000,13.9,8.1,19
08/08/2024,04:00,168,3.0,19.8,1.0,17.3,77.6,0.0,1020,1,0.002,0.006,0.007,0.000,13.1,6.7,14
08/08/2024,05:00,163,2.9,20.0,1.1,17.3,78.8,0.0,1020,1,0.002,0.007,0.009,0.000,13.5,6.1,12
08/08/2024,06:00,171,2.6,27.6,1.0,17.3,80.3,0.0,1021,16,0.005,0.012,0.018,0.000,16.6,7.2,15
08/08/2024,07:00,166,2.6,22.0,0.9,18.1,76.1,0.0,1021,157,0.008,0.013,0.020,0.000,15.1,6.3,12
08/08/2024,08:00,,,,,19.3,79.0,0.0,1022,247,0.003,0.001,0.004,0.001,10.2,4.6,12
08/08/2024,09:00,,,,,19.3,79.0,0.0,1022,532,0.003,0.001,0.004,0.001,12.3,4.9,12
08/08/2024,10:00,113,4.5,17.4,1.3,21.5,59.5,0.0,1022,670,0.003,0.005,0.008,0.006,16.2,5.3,8
08/08/2024,11:00,110,3.6,20.0,1.1,22.0,58.0,0.0,1021,823,0.003,0.005,0.008,0.006,13.7,5.5,9
08/08/2024,12:00,94,4.4,16.2,1.3,22.5,54.4,0.0,1020,809,0.009,0.008,0.017,0.007,14.5,5.3,8
08/08/2024,13:00,67,4.2,14.7,1.2,22.2,57.2,0.0,1019,739,0.001,0.002,0.002,0.001,13.9,5.2,7
08/08/2024,14:00,79,4.5,15.4,1.2,21.9,57.2,0.0,1019,586,0.001,0.002,0.003,0.001,13.7,5.0,7
08/08/2024,15:00,82,4.2,16.7,1.2,21.6,58.0,0.0,1019,403,0.000,0.001,0.002,0.000,14.4,4.8,6
08/08/2024,16:00,92,3.9,16.3,1.1,21.0,61.2,0.0,1019,173,0.000,0.002,0.003,0.000,15.0,5.2,7
08/08/2024,17:00,97,2.8,16.3,0.9,20.2,66.2,0.0,1020,19,0.000,0.003,0.004,0.000,16.5,5.7,9
08/08/2024,18:00,105,2.3,16.9,0.7,19.7,67.0,0.0,1020,0,0.000,0.004,0.004,0.001,16.3,5.6,8
08/08/2024,19:00,128,0.8,28.9,0.4,19.1,71.6,0.0,1021,0,0.000,0.005,0.005,0.001,16.2,5.9,10
08/08/2024,20:00,135,1.5,19.0,0.5,18.7,72.8,0.0,1021,0,0.002,0.015,0.017,0.006,17.1,6.5,13
08/08/2024,21:00,143,1.5,17.0,0.5,18.3,71.4,0.0,1021,0,0.000,0.005,0.006,0.006,16.7,6.0,12
08/08/2024,22:00,162,2.2,20.9,0.7,18.1,71.3,0.0,1022,0,0.001,0.006,0.007,0.001,15.1,5.7,9
08/08/2024,23:00,169,2.5,20.5,0.8,18.1,71.6,0.0,1022,1,0.001,0.006,0.007,0.000,14.7,6.0,10
09/08/2024,00:00,167,2.3,25.8,0.9,17.8,71.9,0.0,1021,1,0.002,0.006,0.008,0.000,14.3,6.4,11
09/08/2024,01:00,203,0.8,51.2,0.8,16.8,74.8,0.0,1021,1,0.001,0.007,0.008,0.001,13.4,6.4,10
09/08/2024,02:00,217,1.4,35.6,0.8,16.6,76.3,0.0,1020,1,0.001,0.006,0.008,0.001,15.3,6.5,12
09/08/2024,03:00,193,0.7,45.7,0.6,16.5,75.5,0.0,1020,0,0.002,0.010,0.012,0.001,14.6,6.0,11
09/08/2024,04:00,254,0.8,42.7,0.6,15.8,79.0,0.0,1020,1,0.002,0.008,0.011,0.001,12.7,5.7,10
09/08/2024,05:00,281,0.9,32.7,0.5,15.3,80.8,0.0,1021,1,0.001,0.008,0.009,0.001,12.7,5.6,10
09/08/2024,06:00,274,0.8,42.8,0.5,15.4,80.7,0.0,1021,19,0.002,0.010,0.013,0.001,15.1,5.9,10
09/08/2024,07:00,164,2.0,25.2,0.8,17.2,75.3,0.0,1021,115,0.003,0.008,0.011,0.001,16.2,5.6,9
09/08/2024,08:00,162,2.5,22.1,0.9,18.0,72.0,0.0,1021,288,0.003,0.007,0.010,0.000,15.7,5.2,8
09/08/2024,09:00,147,2.5,23.2,0.9,19.8,67.6,0.0,1021,502,0.003,0.005,0.008,0.000,14.8,5.2,9
09/08/2024,10:00,127,3.8,18.8,1.2,21.4,60.0,0.0,1021,682,0.001,0.002,0.002,0.001,12.1,4.4,6
09/08/2024,11:00,120,3.0,22.7,1.0,22.4,56.1,0.0,1020,691,0.010,0.011,0.021,0.009,11.2,4.2,6
09/08/2024,12:00,70,4.2,14.6,1.1,22.2,61.2,0.0,1019,581,0.002,0.004,0.006,0.002,12.9,4.5,6
09/08/2024,13:00,71,4.2,14.2,1.1,21.8,63.6,0.0,1018,546,0.000,0.001,0.001,0.000,12.1,4.4,6
09/08/2024,14:00,71,3.5,15.1,1.0,21.9,62.6,0.0,1018,382,0.001,0.002,0.002,0.000,12.1,4.5,6
09/08/2024,15:00,80,3.9,17.0,1.1,21.7,64.1,0.0,1018,280,0.000,0.001,0.001,0.000,13.0,5.0,7
09/08/2024,16:00,94,3.5,15.2,1.1,21.0,67.7,0.0,1018,125,0.000,0.001,0.001,0.000,14.9,5.7,8
09/08/2024,17:00,96,2.7,17.7,0.8,20.4,70.1,0.0,1018,19,0.000,0.004,0.004,0.000,16.3,6.1,9
09/08/2024,18:00,118,1.9,17.0,0.6,20.1,67.2,0.0,1019,0,0.004,0.013,0.017,0.005,13.3,4.6,6
09/08/2024,19:00,121,1.8,17.1,0.6,19.5,69.4,0.0,1019,0,0.000,0.004,0.004,0.006,12.3,4.7,6
09/08/2024,20:00,126,2.4,17.1,0.8,19.1,71.1,0.0,1020,0,0.000,0.001,0.001,0.003,13.6,4.5,6
09/08/2024,21:00,145,1.5,21.9,0.6,18.8,72.5,0.0,1020,0,0.000,0.013,0.014,0.001,14.3,6.8,21
09/08/2024,22:00,149,1.2,24.1,0.5,18.5,74.5,0.0,1020,0,0.000,0.016,0.016,0.000,14.0,7.2,24
09/08/2024,23:00,157,1.9,22.5,0.8,18.1,76.6,0.0,1020,1,0.000,0.003,0.003,0.000,10.4,4.5,7
10/08/2024,00:00,153,2.0,19.5,0.8,17.8,77.2,0.0,1020,1,0.000,0.005,0.006,0.000,11.1,5.1,10
10/08/2024,01:00,155,2.4,19.0,0.8,17.6,77.1,0.0,1019,1,0.000,0.001,0.001,0.000,10.3,4.3,5
10/08/2024,02:00,158,2.5,21.6,0.9,17.5,78.0,0.0,1019,1,0.000,0.001,0.001,0.000,8.7,3.6,5
10/08/2024,03:00,159,2.8,20.0,1.0,17.5,78.0,0.0,1019,1,0.001,0.002,0.003,0.000,8.6,3.5,4
10/08/2024,04:00,159,2.9,19.3,0.9,17.5,78.6,0.0,1019,1,0.000,0.002,0.003,0.000,10.0,3.6,4
10/08/2024,05:00,159,2.5,21.4,1.0,17.4,79.3,0.0,1019,1,0.001,0.004,0.005,0.000,10.2,3.8,5
10/08/2024,06:00,156,2.4,21.2,0.9,16.9,81.3,0.0,1019,19,0.001,0.003,0.004,0.000,9.5,3.6,5
10/08/2024,07:00,157,2.4,21.6,0.9,17.9,78.7,0.0,1020,168,0.003,0.006,0.009,0.000,8.8,3.7,6
10/08/2024,08:00,156,2.7,21.1,0.9,19.3,74.1,0.0,1020,371,0.003,0.006,0.009,0.000,9.1,3.9,8
10/08/2024,09:00,127,3.8,18.2,1.1,20.8,68.3,0.0,1020,621,0.003,0.002,0.005,0.000,7.5,2.8,4
10/08/2024,10:00,121,4.2,19.6,1.3,21.5,65.3,0.0,1020,624,0.000,0.001,0.001,0.001,8.7,2.5,3
10/08/2024,11:00,111,3.7,18.9,1.1,22.1,63.3,0.0,1019,717,0.012,0.011,0.023,0.008,9.8,3.4,5
10/08/2024,12:00,91,3.6,20.3,1.2,22.8,61.9,0.0,1019,765,0.006,0.009,0.014,0.008,9.3,3.5,5
10/08/2024,13:00,73,4.5,16.3,1.3,22.3,68.2,0.0,1018,580,0.002,0.005,0.007,0.002,11.9,4.2,7
10/08/2024,14:00,83,4.9,16.4,1.4,22.6,64.5,0.0,1018,391,0.001,0.002,0.002,0.001,13.8,3.9,5
10/08/2024,15:00,96,4.4,17.1,1.3,22.2,64.2,0.0,1018,290,0.000,0.001,0.002,0.001,15.8,4.7,6
10/08/2024,16:00,101,4.6,15.3,1.4,21.8,66.3,0.0,1018,121,0.007,0.019,0.025,0.015,18.4,6.3,9
10/08/2024,17:00,111,4.3,16.4,1.3,21.3,66.3,0.0,1019,20,0.001,0.010,0.011,0.007,17.3,6.0,8
10/08/2024,18:00,117,3.4,16.5,1.0,21.0,67.2,0.0,1019,0,0.035,0.025,0.060,0.028,15.6,6.0,8
10/08/2024,19:00,120,2.6,19.1,0.9,20.8,67.3,0.0,1020,0,0.001,0.006,0.007,0.009,19.4,7.9,15
10/08/2024,20:00,129,2.9,18.5,0.9,20.6,67.8,0.0,1021,0,0.000,0.001,0.001,0.003,15.0,5.6,8
10/08/2024,21:00,130,2.5,20.3,0.9,20.4,68.4,0.0,1021,0,0.000,0.004,0.004,0.001,14.4,5.7,10
10/08/2024,22:00,136,2.8,17.5,0.9,19.9,70.8,0.0,1020,0,0.000,0.004,0.005,0.001,16.9,6.5,13
10/08/2024,23:00,130,3.3,17.7,0.9,19.5,71.3,0.0,1020,0,0.000,0.003,0.003,0.000,14.7,6.0,11
11/08/2024,00:00,133,3.1,17.8,1.1,19.2,72.2,0.0,1020,0,0.000,0.001,0.001,0.000,15.7,6.4,12
11/08/2024,01:00,133,3.1,18.7,0.9,19.0,69.3,0.0,1019,0,0.000,0.004,0.004,0.000,14.5,5.5,9
11/08/2024,02:00,155,1.5,26.2,0.6,18.7,70.3,0.0,1019,0,0.000,0.010,0.010,0.000,16.4,6.7,14
11/08/2024,03:00,159,1.8,24.3,0.7,18.4,72.5,0.0,1019,0,0.000,0.005,0.006,0.000,14.9,5.5,9
11/08/2024,04:00,162,2.8,20.3,0.9,18.8,73.5,0.0,1019,0,0.002,0.007,0.009,0.000,19.3,6.0,9
11/08/2024,05:00,160,2.9,20.5,1.0,18.3,76.0,0.0,1019,0,0.001,0.005,0.006,0.000,16.1,5.7,9
11/08/2024,06:00,157,2.2,18.9,0.7,18.1,77.9,0.0,1019,16,0.001,0.005,0.006,0.000,15.2,5.7,9
11/08/2024,07:00,158,2.8,21.7,1.0,18.8,76.6,0.0,1020,177,0.001,0.004,0.005,0.000,15.3,5.6,8
11/08/2024,08:00,147,3.0,20.8,1.0,20.2,72.3,0.0,1020,331,0.004,0.006,0.010,0.000,16.2,6.2,13
11/08/2024,09:00,127,4.7,18.1,1.4,21.5,66.7,0.0,1020,577,0.000,0.001,0.001,0.000,14.6,4.6,7
11/08/2024,10:00,116,5.2,18.8,1.6,22.1,61.2,0.0,1020,504,0.000,0.001,0.002,0.002,11.5,4.1,5
11/08/2024,11:00,110,4.7,18.6,1.4,22.8,57.0,0.0,1019,471,0.022,0.020,0.042,0.017,10.9,4.0,5
11/08/2024,12:00,105,4.7,15.3,1.2,22.7,58.6,0.0,1018,291,0.008,0.013,0.021,0.011,11.6,4.3,9
11/08/2024,13:00,103,4.8,17.0,1.4,22.3,60.6,0.0,1018,245,0.006,0.009,0.015,0.007,13.7,4.3,5
11/08/2024,14:00,109,4.1,17.6,1.1,22.2,61.7,0.0,1017,175,0.003,0.010,0.013,0.007,12.9,4.0,4
11/08/2024,15:00,113,3.0,17.9,0.9,22.1,63.1,0.0,1017,91,0.013,0.022,0.035,0.015,13.2,4.2,5
11/08/2024,16:00,121,2.2,16.2,0.7,21.8,63.9,0.0,1018,33,0.002,0.011,0.013,0.009,13.9,4.1,5
11/08/2024,17:00,126,2.2,16.7,0.6,21.7,63.1,0.0,1018,5,0.000,0.002,0.002,0.001,11.8,3.9,5
11/08/2024,18:00,130,2.1,16.4,0.7,21.2,64.6,0.0,1018,0,0.000,0.002,0.002,0.001,19.0,12.1,32
11/08/2024,19:00,132,2.4,20.7,0.8,20.9,68.1,0.0,1019,0,0.000,0.003,0.003,0.001,28.3,19.7,51
11/08/2024,20:00,135,1.7,22.3,0.6,20.7,69.6,0.0,1019,0,0.000,0.006,0.006,0.001,15.5,6.9,15
11/08/2024,21:00,146,1.8,20.4,0.7,20.4,70.6,0.0,1019,0,0.000,0.011,0.012,0.000,15.5,6.1,15
11/08/2024,22:00,147,2.2,19.3,0.8,20.2,70.4,0.0,1019,0,0.000,0.005,0.005,0.000,11.9,4.8,9
11/08/2024,23:00,160,2.5,18.8,0.7,20.1,71.1,0.1,1019,0,0.000,0.003,0.004,0.000,12.7,5.0,9
12/08/2024,00:00,158,1.5,23.0,0.5,18.5,82.1,2.0,1019,0,0.000,0.002,0.003,0.000,11.6,5.0,10
12/08/2024,01:00,239,1.6,34.1,0.6,17.9,86.8,1.5,1018,0,0.001,0.004,0.004,0.001,10.7,4.4,7
12/08/2024,02:00,158,3.2,22.2,1.0,18.0,88.3,1.8,1018,0,0.002,0.005,0.007,0.001,14.2,4.5,7
12/08/2024,03:00,157,3.2,20.2,1.1,17.7,90.0,1.3,1017,0,0.001,0.002,0.002,0.001,8.9,3.5,5
12/08/2024,04:00,162,2.7,20.1,0.9,17.6,90.2,1.1,1017,0,0.000,0.002,0.002,0.001,8.1,3.0,4
12/08/2024,05:00,157,2.2,18.0,0.7,17.6,91.3,2.9,1017,0,0.001,0.005,0.005,0.000,7.4,2.5,4
12/08/2024,06:00,146,1.8,18.7,0.5,17.5,92.2,0.8,1018,4,0.001,0.013,0.014,0.000,6.6,3.6,13
12/08/2024,07:00,136,2.0,18.5,0.6,17.7,92.0,0.6,1018,30,0.001,0.010,0.011,0.000,6.5,3.3,10
12/08/2024,08:00,132,2.7,19.2,0.9,18.1,91.3,0.1,1019,58,0.006,0.013,0.020,0.001,6.9,3.3,9
12/08/2024,09:00,109,3.2,16.6,0.9,18.5,90.2,0.1,1019,89,0.014,0.017,0.031,0.007,10.1,4.1,8
12/08/2024,10:00,110,3.6,14.6,1.1,18.5,92.1,0.6,1018,167,0.005,0.012,0.016,0.004,9.0,4.1,8
12/08/2024,11:00,104,3.3,16.8,1.0,18.9,90.8,0.1,1018,208,0.000,0.001,0.001,0.002,17.7,7.2,15
12/08/2024,12:00,114,3.5,18.5,1.1,19.6,87.5,0.0,1017,449,0.019,0.013,0.031,0.010,16.1,6.6,14
12/08/2024,13:00,103,3.2,18.5,0.9,20.4,82.4,0.3,1016,198,0.025,0.023,0.048,0.023,12.1,5.0,11
12/08/2024,14:00,85,2.3,16.1,0.7,19.9,88.7,0.1,1016,159,0.003,0.010,0.013,0.007,13.4,5.3,12
12/08/2024,15:00,89,2.6,15.7,0.8,20.3,84.9,0.0,1015,100,0.001,0.004,0.004,0.002,20.9,8.3,19
12/08/2024,16:00,107,1.6,13.8,0.5,20.1,84.5,0.2,1016,43,0.000,0.005,0.005,0.001,20.4,8.3,19
12/08/2024,17:00,119,2.2,18.5,0.7,20.3,84.2,0.0,1016,15,0.008,0.018,0.027,0.008,21.5,8.5,19
12/08/2024,18:00,132,2.2,16.7,0.7,20.4,87.2,0.0,1016,1,0.006,0.015,0.021,0.012,24.2,9.4,23
12/08/2024,19:00,115,2.9,17.3,0.9,20.4,87.0,0.9,1017,1,0.011,0.019,0.030,0.013,24.8,9.9,23
12/08/2024,20:00,127,3.5,16.0,1.1,19.3,90.8,3.5,1017,0,0.015,0.019,0.033,0.015,16.2,6.7,15
12/08/2024,21:00,116,3.2,16.0,0.9,19.1,93.0,2.6,1016,0,0.004,0.009,0.013,0.007,10.8,4.3,10
12/08/2024,22:00,111,3.4,18.3,1.0,19.9,91.2,0.8,1016,0,0.022,0.010,0.032,0.008,24.9,10.1,25
12/08/2024,23:00,106,4.1,17.9,1.1,20.4,91.3,0.2,1016,0,0.009,0.016,0.025,0.013,28.3,12.0,32
13/08/2024,00:00,112,3.1,17.4,1.1,20.4,89.1,1.0,1016,0,0.015,0.017,0.032,0.011,24.9,10.3,28
13/08/2024,01:00,114,3.4,17.3,1.0,20.0,92.9,2.7,1015,0,0.008,0.014,0.022,0.010,21.7,9.6,17
13/08/2024,02:00,114,3.8,16.5,1.1,19.8,91.5,0.8,1014,0,0.004,0.009,0.013,0.004,22.4,9.5,21
13/08/2024,03:00,122,3.8,19.7,1.3,19.5,92.0,2.0,1014,0,0.011,0.023,0.035,0.012,21.4,9.7,25
13/08/2024,04:00,102,4.5,14.8,1.3,19.5,91.1,1.8,1013,1,0.001,0.003,0.005,0.004,32.6,13.7,33
13/08/2024,05:00,98,4.1,14.1,1.3,19.5,94.8,13.5,1014,0,0.000,0.002,0.002,0.002,27.4,12.2,31
13/08/2024,06:00,95,4.7,15.5,1.4,20.1,94.0,4.3,1014,2,0.000,0.001,0.001,0.001,28.1,12.7,40
13/08/2024,07:00,101,4.3,14.8,1.3,20.3,94.5,5.2,1014,14,0.000,0.002,0.002,0.001,24.5,11.5,36
13/08/2024,08:00,78,3.5,15.9,1.0,20.5,94.3,1.8,1015,32,0.000,0.002,0.002,0.001,27.7,12.8,41
13/08/2024,09:00,76,2.7,15.4,0.8,20.9,93.0,0.8,1015,63,0.000,0.000,0.000,0.001,30.0,13.3,40
13/08/2024,10:00,96,2.4,15.9,0.7,20.8,93.6,1.4,1014,69,0.001,0.006,0.007,0.001,29.0,12.8,38
13/08/2024,11:00,96,2.4,15.1,0.6,20.7,93.7,4.2,1014,19,0.000,0.005,0.006,0.001,27.8,12.5,36
13/08/2024,12:00,102,1.6,17.7,0.5,20.5,94.1,7.5,1014,52,0.000,0.003,0.003,0.001,23.8,11.1,33
13/08/2024,13:00,100,2.2,22.0,0.7,20.1,94.1,9.4,1013,71,0.000,0.002,0.002,0.001,19.5,8.7,25
13/08/2024,14:00,111,1.6,23.5,0.6,20.0,94.4,5.4,1012,96,0.004,0.014,0.018,0.003,12.4,5.6,15
13/08/2024,15:00,101,2.7,18.3,0.8,20.3,93.6,4.5,1012,56,0.001,0.007,0.008,0.003,14.8,6.8,18
13/08/2024,16:00,104,3.1,16.6,0.9,20.4,93.5,1.4,1012,35,0.000,0.002,0.002,0.001,20.5,9.1,25
13/08/2024,17:00,105,3.3,16.7,1.0,20.5,93.0,0.8,1012,3,0.000,0.005,0.005,0.001,28.9,12.2,32
13/08/2024,18:00,85,3.2,16.3,1.0,20.1,93.2,4.5,1013,1,0.000,0.001,0.001,0.001,24.8,10.7,28
13/08/2024,19:00,96,3.7,15.2,1.0,20.5,92.6,1.6,1013,1,0.000,0.003,0.003,0.001,33.1,14.1,39
13/08/2024,20:00,89,4.7,15.6,1.3,20.9,91.0,0.0,1013,1,0.000,0.001,0.001,0.001,31.2,13.3,37
13/08/2024,21:00,87,4.9,15.3,1.3,20.8,90.3,0.1,1013,1,0.000,0.000,0.000,0.001,31.1,13.2,38
13/08/2024,22:00,90,4.6,14.8,1.2,20.7,91.1,0.0,1013,1,0.000,0.001,0.001,0.001,30.3,12.9,36
13/08/2024,23:00,83,4.4,16.1,1.3,20.7,91.0,0.0,1012,1,0.000,0.000,0.000,0.000,26.6,11.4,32
14/08/2024,00:00,85,5.0,16.2,1.4,20.7,89.4,0.0,1012,,0.000,0.000,0.000,0.000,28.8,12.0,34
14/08/2024,01:00,85,4.5,15.7,1.2,20.6,89.5,0.0,1012,,0.000,0.001,0.001,0.001,30.5,12.7,22
14/08/2024,02:00,90,4.6,15.3,1.3,20.6,89.1,0.0,1012,,0.000,0.002,0.002,0.000,24.4,9.9,24
14/08/2024,03:00,92,4.0,15.1,1.2,20.4,89.5,0.0,1011,,0.000,0.001,0.001,0.000,22.4,9.2,23
14/08/2024,04:00,96,3.7,15.8,1.1,20.1,89.1,0.2,1012,,0.000,0.002,0.002,0.000,23.4,9.5,24
14/08/2024,05:00,103,3.1,14.9,1.0,20.0,90.4,0.0,1012,,0.000,0.001,0.001,0.000,23.8,9.6,24
14/08/2024,06:00,115,2.8,16.6,0.8,19.6,92.2,0.4,1013,,0.006,0.011,0.017,0.004,20.6,8.7,22
14/08/2024,07:00,126,2.5,18.0,0.9,19.5,91.6,0.0,1013,,0.004,0.012,0.017,0.010,25.7,10.7,29
14/08/2024,08:00,117,3.1,19.0,1.0,20.3,87.2,0.0,1013,,0.040,0.029,0.069,0.030,26.0,9.9,25
14/08/2024,09:00,106,3.5,18.9,1.2,21.3,81.2,0.0,1013,,0.030,0.022,0.052,0.024,19.5,7.2,16
14/08/2024,10:00,101,3.6,18.3,0.9,21.9,78.5,0.0,1013,,0.017,0.017,0.034,0.017,19.3,6.7,14
14/08/2024,11:00,131,2.5,19.3,0.8,22.6,75.0,0.0,1012,,0.002,0.004,0.005,0.005,17.6,6.2,13
14/08/2024,12:00,137,2.5,25.0,0.9,23.8,68.6,0.0,1011,,0.001,0.002,0.003,0.001,9.7,4.0,7
14/08/2024,13:00,154,2.6,20.4,0.9,23.9,67.6,0.0,1010,,0.002,0.004,0.006,0.001,6.7,2.4,4
14/08/2024,14:00,143,2.5,22.0,0.8,24.4,63.9,0.0,1010,,0.001,0.004,0.005,0.001,3.9,1.6,3
14/08/2024,15:00,143,2.2,19.6,0.7,24.6,62.4,0.0,1009,,0.002,0.005,0.007,0.001,4.7,1.3,2
14/08/2024,16:00,151,2.3,19.4,0.8,24.0,64.5,0.0,1009,,0.001,0.005,0.006,0.001,8.9,1.7,2
14/08/2024,17:00,165,2.1,17.1,0.8,23.6,64.6,0.0,1010,,0.001,0.006,0.007,0.002,8.0,1.7,2
14/08/2024,18:00,161,2.2,26.0,1.0,22.5,68.9,0.0,1011,,0.001,0.006,0.008,0.001,8.9,1.6,2
14/08/2024,19:00,145,1.9,19.3,0.7,21.7,72.0,0.0,1012,,0.001,0.004,0.004,0.001,5.3,1.3,1
14/08/2024,20:00,191,3.8,19.3,1.3,21.5,75.7,0.0,1012,,0.004,0.009,0.012,0.007,8.8,2.7,4
14/08/2024,21:00,183,2.4,24.1,0.9,21.1,78.0,0.0,1012,,0.003,0.009,0.011,0.004,11.3,2.7,3
14/08/2024,22:00,214,2.4,23.8,0.8,20.6,80.0,0.0,1012,,0.004,0.012,0.016,0.008,7.9,2.3,3
14/08/2024,23:00,259,1.1,27.0,0.4,19.5,84.2,0.0,1012,,0.001,0.004,0.004,0.003,7.7,2.5,3
15/08/2024,00:00,290,0.7,26.1,0.3,19.3,85.1,0.0,1012,,0.001,0.004,0.005,0.001,8.4,2.2,3
15/08/2024,01:00,251,0.9,32.2,0.4,19.8,83.1,0.0,1011,,0.000,0.003,0.004,0.002,5.8,1.7,1
15/08/2024,02:00,245,2.6,12.5,0.6,19.2,85.5,0.0,1011,,0.001,0.002,0.003,0.001,5.0,1.6,2
15/08/2024,03:00,256,2.7,10.2,0.5,18.6,88.4,0.0,1011,,0.000,0.002,0.002,0.001,6.3,1.9,2
15/08/2024,04:00,254,1.3,28.8,0.5,18.6,88.6,0.0,1011,,0.001,0.005,0.006,0.001,8.4,2.0,3
15/08/2024,05:00,222,2.0,19.3,0.7,19.5,84.5,0.0,1011,,0.003,0.006,0.009,0.002,5.9,1.7,2
15/08/2024,06:00,257,0.2,48.3,0.3,19.1,85.9,0.0,1012,,0.004,0.011,0.016,0.001,10.1,2.3,4
15/08/2024,07:00,131,1.8,19.0,0.5,20.4,79.9,0.0,1013,,0.001,0.003,0.004,0.001,4.8,0.9,1
15/08/2024,08:00,228,2.5,17.7,0.7,21.2,76.6,0.0,1013,,0.002,0.003,0.004,0.001,4.0,0.7,1
15/08/2024,09:00,228,2.3,19.3,0.8,22.4,72.1,0.0,1013,,0.001,0.002,0.003,0.001,3.8,1.0,1
15/08/2024,10:00,251,1.6,36.8,0.9,24.0,66.0,0.0,1013,,0.001,0.001,0.002,0.001,3.5,1.4,2
15/08/2024,11:00,50,1.1,31.7,0.6,25.0,62.9,0.0,1012,,0.004,0.006,0.009,0.001,5.8,1.4,2
15/08/2024,12:00,52,2.0,20.1,0.6,25.3,64.1,0.0,1011,,0.005,0.006,0.011,0.001,8.2,1.6,3
15/08/2024,13:00,86,2.8,19.7,0.7,24.8,67.5,0.0,1010,,0.000,0.001,0.002,0.001,6.8,1.8,4
15/08/2024,14:00,81,2.7,18.8,0.7,24.5,71.0,0.0,1009,,0.000,0.002,0.002,0.001,6.9,2.3,4
15/08/2024,15:00,86,3.1,14.0,0.7,23.4,75.2,0.0,1009,,0.000,0.001,0.001,0.001,6.8,2.1,3
15/08/2024,16:00,57,1.8,16.3,0.5,23.3,74.4,0.0,1010,,0.000,0.003,0.003,0.001,10.0,2.8,5
15/08/2024,17:00,60,1.2,20.8,0.4,21.9,79.6,0.0,1011,,0.000,0.002,0.002,0.001,6.3,2.4,4
15/08/2024,18:00,23,0.9,31.7,0.4,20.8,83.6,0.0,1011,,0.000,0.001,0.001,0.001,8.5,2.7,4
15/08/2024,19:00,53,0.3,41.8,0.2,20.6,85.3,0.0,1012,,0.000,0.002,0.002,0.001,17.2,3.7,5
15/08/2024,20:00,305,0.4,16.4,0.1,19.5,89.6,0.0,1012,,0.000,0.005,0.006,0.000,18.9,4.0,6
15/08/2024,21:00,302,0.4,18.1,0.1,18.6,92.6,0.0,1012,,0.002,0.006,0.008,0.000,13.7,3.8,6
15/08/2024,22:00,307,0.8,14.5,0.2,18.0,94.2,0.0,1012,,0.003,0.008,0.011,0.000,11.2,3.4,6
15/08/2024,23:00,309,0.7,18.4,0.2,17.8,94.4,0.0,1012,,0.002,0.008,0.010,0.000,10.6,3.5,6
16/08/2024,00:00,312,0.6,31.3,0.3,19.2,92.6,0.0,1012,,0.002,0.009,0.012,0.000,9.3,4.0,10
16/08/2024,01:00,287,1.1,16.1,0.3,17.8,94.1,0.0,1011,,0.001,0.006,0.007,0.001,10.2,3.7,7
16/08/2024,02:00,287,1.0,14.3,0.3,17.2,96.1,0.0,1011,,0.000,0.003,0.004,0.000,5.9,2.5,5
16/08/2024,03:00,288,1.0,23.0,0.3,17.0,96.5,0.0,1011,,0.000,0.004,0.004,0.000,4.9,2.5,6
16/08/2024,04:00,291,1.1,14.4,0.3,17.1,97.5,0.0,1011,,0.000,0.004,0.005,0.000,4.0,2.7,7
16/08/2024,05:00,302,0.4,26.1,0.1,17.3,96.6,0.0,1012,,0.012,0.009,0.021,0.000,5.5,3.4,10
16/08/2024,06:00,297,0.5,24.7,0.2,17.2,96.2,0.0,1012,,0.033,0.013,0.046,0.001,14.6,5.1,16
16/08/2024,07:00,300,0.9,14.6,0.3,18.0,95.8,0.0,1013,,0.020,0.010,0.029,0.001,14.5,6.0,21
16/08/2024,08:00,259,2.0,18.7,0.6,20.1,88.5,0.0,1013,,0.002,0.004,0.006,0.001,10.0,4.5,13
16/08/2024,09:00,239,1.1,36.0,0.5,21.5,81.0,0.0,1014,,0.001,0.002,0.003,0.000,10.6,4.7,14
16/08/2024,10:00,109,0.7,34.6,0.6,23.6,73.3,0.0,1013,,0.001,0.002,0.002,0.001,9.9,4.7,14
16/08/2024,11:00,359,1.2,34.8,0.7,25.7,64.0,0.0,1012,,0.000,0.001,0.002,0.002,9.9,4.2,11
16/08/2024,12:00,322,1.7,26.3,0.8,27.3,54.0,0.0,1011,,0.000,0.001,0.001,0.002,7.9,3.4,7
16/08/2024,13:00,329,2.1,21.9,0.9,27.8,49.7,0.0,1010,750,0.000,0.001,0.002,0.003,7.2,3.2,6
16/08/2024,14:00,335,2.3,23.4,0.9,28.4,43.8,0.0,1009,591,0.000,0.001,0.001,0.004,7.7,2.7,5
16/08/2024,15:00,301,2.1,22.9,0.8,28.4,44.0,0.0,1009,344,0.000,0.001,0.001,0.002,9.1,2.9,5
16/08/2024,16:00,325,0.9,29.2,0.4,27.6,46.3,0.0,1009,243,0.000,0.001,0.001,0.001,6.9,2.6,5
16/08/2024,17:00,326,0.7,18.6,0.3,26.2,53.6,0.0,1009,25,0.000,0.002,0.002,0.001,7.8,3.2,6
16/08/2024,18:00,356,1.0,22.6,0.4,23.7,72.3,0.0,1010,0,0.000,0.001,0.001,0.001,8.9,4.0,10
16/08/2024,19:00,343,0.9,38.8,0.5,21.4,84.3,0.0,1010,1,0.000,0.001,0.001,0.001,8.6,4.3,13
16/08/2024,20:00,20,0.7,39.1,0.4,21.0,86.8,0.0,1011,0,0.000,0.001,0.001,0.001,7.7,4.3,13
16/08/2024,21:00,354,0.7,43.0,0.4,21.0,88.6,0.0,1011,0,0.000,0.002,0.002,0.002,8.6,4.5,15
16/08/2024,22:00,335,1.2,18.3,0.4,21.1,84.7,0.0,1011,0,0.000,0.001,0.001,0.003,9.3,4.4,13
16/08/2024,23:00,336,0.8,22.7,0.3,20.1,85.3,0.0,1011,0,0.000,0.004,0.004,0.003,10.3,4.6,12
17/08/2024,00:00,297,1.0,23.6,0.3,18.3,93.2,0.0,1011,1,0.002,0.005,0.007,0.001,13.8,5.5,16
17/08/2024,01:00,313,0.6,24.3,0.2,17.4,94.2,0.0,1010,1,0.004,0.006,0.010,0.001,12.4,5.6,15
17/08/2024,02:00,303,0.4,40.6,0.2,16.5,94.9,0.0,1010,1,0.005,0.005,0.010,0.000,12.7,5.4,15
17/08/2024,03:00,301,0.6,33.1,0.2,16.0,95.5,0.0,1010,0,0.006,0.005,0.012,0.000,10.0,4.6,12
17/08/2024,04:00,296,0.6,29.6,0.2,15.8,96.5,0.0,1011,0,0.006,0.005,0.011,0.000,7.0,4.3,11
17/08/2024,05:00,303,0.3,45.4,0.2,15.9,96.2,0.0,1011,0,0.013,0.005,0.018,0.000,9.5,4.6,13
17/08/2024,06:00,173,0.1,48.1,0.2,16.3,95.7,0.0,1012,15,0.029,0.007,0.036,0.001,12.1,5.3,16
17/08/2024,07:00,323,0.2,51.0,0.2,17.4,94.8,0.0,1013,72,0.016,0.006,0.023,0.001,13.8,5.4,17
17/08/2024,08:00,85,0.6,27.3,0.2,19.0,91.8,0.0,1013,193,0.003,0.003,0.006,0.001,10.0,3.9,10
17/08/2024,09:00,73,0.8,26.5,0.3,21.7,81.4,0.0,1013,596,0.001,0.002,0.003,0.001,20.6,4.4,9
17/08/2024,10:00,3,1.4,32.6,0.7,25.8,52.6,0.0,1012,767,0.001,0.003,0.004,0.006,10.4,2.9,5
17/08/2024,11:00,310,2.4,26.1,1.0,27.7,39.2,0.0,1011,832,0.000,0.002,0.002,0.003,8.8,2.9,4
17/08/2024,12:00,319,2.7,26.4,1.2,28.6,36.1,0.0,1010,718,0.000,0.004,0.004,0.003,43.5,34.5,109
17/08/2024,13:00,327,2.9,22.8,1.1,28.9,35.3,0.0,1008,738,0.000,0.004,0.004,0.004,40.2,31.0,85
17/08/2024,14:00,331,2.6,24.2,1.0,29.1,36.9,0.0,1008,576,0.000,0.003,0.003,0.005,26.3,17.8,47
17/08/2024,15:00,338,2.2,23.3,0.9,28.7,40.5,0.0,1007,415,0.000,0.002,0.002,0.004,16.4,10.0,25
17/08/2024,16:00,344,1.7,26.5,0.7,28.0,46.9,0.0,1007,203,0.000,0.001,0.002,0.004,10.4,4.8,10
17/08/2024,17:00,340,1.3,27.3,0.6,25.2,60.8,0.0,1008,26,0.000,0.001,0.001,0.001,8.7,3.4,6
17/08/2024,18:00,39,0.4,37.5,0.3,23.2,68.6,0.0,1009,0,0.001,0.003,0.003,0.003,10.8,3.6,7
17/08/2024,19:00,10,0.5,34.5,0.3,22.4,70.5,0.0,1010,1,0.005,0.007,0.012,0.001,14.1,4.6,10
17/08/2024,20:00,343,1.0,30.7,0.5,22.9,61.8,0.0,1010,2,0.000,0.003,0.003,0.008,10.5,4.1,8
17/08/2024,21:00,302,1.4,16.4,0.4,21.4,64.9,0.0,1010,1,0.000,0.004,0.005,0.002,10.6,4.1,8
17/08/2024,22:00,301,0.9,35.3,0.4,18.1,79.5,0.0,1010,1,0.000,0.007,0.007,0.001,15.0,5.3,11
17/08/2024,23:00,303,0.5,33.6,0.3,16.6,86.6,0.0,1010,1,0.001,0.008,0.009,0.000,14.2,5.5,12
18/08/2024,00:00,287,0.2,42.1,0.4,16.8,84.8,0.0,1010,1,0.005,0.011,0.015,0.000,15.9,6.3,14
18/08/2024,01:00,301,0.3,51.4,0.3,16.7,81.2,0.0,1010,0,0.002,0.007,0.009,0.000,12.9,5.5,11
18/08/2024,02:00,246,1.0,19.3,0.5,19.2,65.7,0.0,1010,0,0.001,0.005,0.007,0.000,10.7,4.3,8
18/08/2024,03:00,319,0.7,28.4,0.3,16.7,80.5,0.0,1010,1,0.001,0.004,0.004,0.000,12.5,5.2,11
18/08/2024,04:00,259,2.5,11.7,0.4,17.9,69.6,0.0,1011,1,0.001,0.004,0.004,0.000,17.4,11.8,30
18/08/2024,05:00,266,1.4,34.2,0.6,16.7,70.8,0.0,1012,3,0.001,0.005,0.006,0.000,22.2,15.4,40
18/08/2024,06:00,260,3.1,14.6,0.7,16.4,64.3,0.0,1012,33,0.001,0.003,0.004,0.001,26.9,19.3,49
18/08/2024,07:00,259,0.7,44.5,0.5,17.7,57.8,0.0,1013,220,0.001,0.004,0.005,0.001,24.6,16.3,41
18/08/2024,08:00,198,0.6,36.9,0.6,20.3,45.3,0.0,1014,449,0.002,0.004,0.006,0.003,19.5,10.6,24
18/08/2024,09:00,155,1.7,32.9,0.7,22.1,36.2,0.0,1014,642,0.004,0.006,0.010,0.008,15.0,6.4,12
18/08/2024,10:00,201,1.1,42.0,0.7,23.5,34.3,0.0,1014,779,0.002,0.004,0.006,0.005,13.7,6.3,12
18/08/2024,11:00,156,1.0,34.7,0.6,24.5,34.1,0.0,1013,847,0.001,0.002,0.003,0.002,12.8,5.7,11
18/08/2024,12:00,254,0.4,42.0,0.8,25.6,31.2,0.0,1012,831,0.001,0.002,0.003,0.001,12.8,5.4,10
18/08/2024,13:00,77,3.0,17.2,0.8,25.1,38.8,0.0,1011,692,0.002,0.006,0.008,0.003,15.3,5.8,11
18/08/2024,14:00,77,3.2,16.1,0.8,24.7,46.0,0.0,1011,609,0.001,0.004,0.005,0.002,13.4,5.9,12
18/08/2024,15:00,51,2.1,18.8,0.7,24.7,45.2,0.0,1011,420,0.001,0.006,0.007,0.002,20.4,6.4,12
18/08/2024,16:00,58,2.1,14.6,0.6,23.4,49.5,0.0,1011,206,0.001,0.004,0.005,0.002,15.9,5.5,11
18/08/2024,17:00,31,0.8,20.7,0.3,21.6,57.0,0.0,1012,27,0.000,0.003,0.003,0.001,15.7,5.3,10
18/08/2024,18:00,311,0.1,31.0,0.2,19.1,67.6,0.0,1013,1,0.001,0.013,0.014,0.001,15.6,5.3,11
18/08/2024,19:00,282,0.3,21.0,0.2,17.2,75.9,0.0,1013,1,0.007,0.016,0.022,0.001,16.4,5.4,11
18/08/2024,20:00,297,0.8,21.0,0.2,15.3,84.1,0.0,1014,1,0.011,0.013,0.025,0.000,12.4,4.8,10
18/08/2024,21:00,308,1.0,18.0,0.3,14.2,87.4,0.0,1015,1,0.000,0.005,0.006,0.000,13.2,5.0,10
18/08/2024,22:00,308,1.0,12.2,0.2,13.2,90.2,0.0,1016,1,0.001,0.006,0.007,0.000,14.2,5.2,10
18/08/2024,23:00,305,1.2,9.8,0.2,12.3,92.1,0.0,1016,1,0.000,0.005,0.006,0.000,12.9,5.2,10
19/08/2024,00:00,305,1.2,9.6,0.2,12.0,92.7,0.0,1016,1,0.001,0.005,0.005,0.000,13.5,5.2,10
19/08/2024,01:00,300,1.6,9.0,0.3,11.8,93.3,0.0,1016,1,0.001,0.006,0.007,0.000,14.1,5.4,10
19/08/2024,02:00,272,2.0,13.7,0.4,12.7,93.5,0.0,1015,2,0.001,0.006,0.007,0.000,13.8,6.4,14
19/08/2024,03:00,266,2.1,12.8,0.5,12.6,92.4,0.0,1015,2,0.001,0.005,0.006,0.000,16.5,9.7,24
19/08/2024,04:00,266,2.3,12.5,0.5,12.7,88.4,0.0,1016,1,0.001,0.006,0.007,0.000,26.1,18.2,47
19/08/2024,05:00,264,2.7,12.9,0.7,12.6,84.9,0.0,1016,1,0.003,0.008,0.010,0.000,33.2,24.6,62
19/08/2024,06:00,261,2.7,13.3,0.7,12.6,82.5,0.0,1017,33,0.004,0.008,0.012,0.001,37.2,25.8,65
19/08/2024,07:00,272,2.4,12.1,0.5,13.6,78.8,0.0,1018,209,0.006,0.008,0.014,0.001,38.6,26.1,66
19/08/2024,08:00,286,1.6,18.3,0.4,17.1,69.2,0.0,1018,444,0.005,0.009,0.014,0.002,41.6,29.1,74
19/08/2024,09:00,123,2.1,21.0,0.7,20.9,50.3,0.0,1019,628,0.020,0.019,0.039,0.015,40.2,30.2,74
19/08/2024,10:00,90,1.8,30.7,0.8,22.2,52.5,0.0,1019,771,0.015,0.017,0.032,0.021,29.1,18.4,43
19/08/2024,11:00,68,2.9,19.2,0.8,22.6,57.3,0.0,1018,840,0.002,0.005,0.007,0.004,19.4,9.2,20
19/08/2024,12:00,85,3.7,15.1,0.8,22.2,53.0,,1018,830,,,,,,,
19/08/2024,13:00,90,3.5,19.4,0.9,22.4,56.6,0.0,1018,755,,,,,,,
19/08/2024,14:00,82,3.5,18.7,1.0,22.4,53.6,0.0,1017,618,0.003,0.002,0.006,0.001,16.7,8.9,25
19/08/2024,15:00,87,3.5,14.6,0.9,22.2,59.6,0.0,1017,417,0.000,0.001,0.001,0.001,12.8,7.0,19
19/08/2024,16:00,79,3.0,16.0,0.9,21.7,65.7,0.0,1018,190,0.003,0.006,0.008,0.001,13.3,6.5,19
19/08/2024,17:00,89,2.4,13.0,0.6,20.6,73.8,0.0,1018,25,0.000,0.002,0.002,0.001,12.8,6.5,19
19/08/2024,18:00,102,1.2,19.9,0.4,19.8,82.2,0.0,1019,0,0.000,0.003,0.003,0.001,12.8,6.6,20
19/08/2024,19:00,125,0.4,35.5,0.2,19.4,84.2,0.0,1019,1,0.007,0.016,0.022,0.000,15.0,6.0,19
19/08/2024,20:00,133,0.5,31.8,0.3,19.1,82.2,0.0,1020,1,0.005,0.016,0.020,0.000,14.1,5.3,16
19/08/2024,21:00,130,0.9,15.3,0.3,19.5,77.1,0.0,1021,1,0.001,0.015,0.016,0.000,11.2,5.1,14
19/08/2024,22:00,170,0.4,19.1,0.2,18.7,78.1,0.0,1021,1,0.006,0.015,0.022,0.000,11.2,4.5,12
19/08/2024,23:00,198,0.2,39.7,0.2,17.0,84.0,0.0,1020,1,0.017,0.015,0.032,0.000,13.2,4.8,12
20/08/2024,00:00,264,0.4,38.6,0.2,16.3,85.5,0.0,1020,1,0.007,0.011,0.018,0.000,11.9,4.7,12
20/08/2024,01:00,269,0.4,33.6,0.2,16.1,83.8,0.0,1020,1,0.005,0.008,0.012,0.000,10.2,4.6,11
20/08/2024,02:00,287,0.7,19.9,0.2,15.8,84.0,0.0,1020,1,0.001,0.006,0.007,0.000,9.9,4.4,11
20/08/2024,03:00,286,1.8,8.2,0.3,15.2,86.8,0.0,1019,1,0.001,0.007,0.007,0.000,10.5,4.7,13
20/08/2024,04:00,284,1.9,11.5,0.3,15.2,86.6,0.0,1020,1,0.002,0.008,0.010,0.000,9.7,4.7,12
20/08/2024,05:00,282,1.8,11.2,0.3,14.8,87.7,0.0,1020,1,0.005,0.011,0.016,0.000,10.4,5.0,14
20/08/2024,06:00,270,2.0,14.5,0.5,14.7,87.3,0.0,1021,24,0.005,0.009,0.014,0.000,12.8,6.2,17
20/08/2024,07:00,270,2.2,12.8,0.5,15.9,84.6,0.0,1022,129,0.003,0.007,0.010,0.000,13.9,6.6,19
20/08/2024,08:00,281,1.8,14.9,0.4,18.5,79.5,0.0,1022,444,0.005,0.007,0.012,0.002,14.4,6.4,18
20/08/2024,09:00,97,2.0,26.2,0.8,21.5,70.6,0.0,1022,648,0.021,0.016,0.037,0.022,12.0,4.4,10
20/08/2024,10:00,84,3.3,20.4,0.9,22.2,66.4,0.0,1022,712,0.001,0.002,0.002,0.002,10.5,3.6,7
20/08/2024,11:00,82,3.5,17.9,1.0,22.5,65.3,0.0,1021,846,0.001,0.002,0.003,0.001,11.3,3.7,7
20/08/2024,12:00,83,3.9,17.1,1.0,22.6,64.9,0.0,1021,847,0.005,0.008,0.013,0.001,10.9,4.4,9
20/08/2024,13:00,81,3.7,16.8,1.0,22.7,65.2,0.0,1020,736,0.001,0.002,0.003,0.001,10.4,3.8,8
20/08/2024,14:00,82,3.7,17.7,0.9,22.9,64.9,0.0,1019,539,0.002,0.000,0.002,0.000,11.0,4.0,8
20/08/2024,15:00,81,3.4,17.6,1.0,22.6,67.6,0.0,1019,463,0.000,0.000,0.000,0.000,10.8,3.9,9
20/08/2024,16:00,84,3.3,14.8,1.0,21.7,73.4,0.0,1019,213,0.004,0.006,0.010,0.001,11.9,4.2,10
20/08/2024,17:00,83,2.0,15.2,0.5,20.8,78.2,0.0,1019,27,0.000,0.001,0.001,0.000,11.9,4.2,10
20/08/2024,18:00,109,1.2,15.1,0.3,20.3,80.5,0.0,1020,1,0.001,0.007,0.007,0.000,11.6,4.3,10
20/08/2024,19:00,133,0.7,15.3,0.2,19.6,84.8,0.0,1020,1,0.001,0.011,0.012,0.000,11.9,4.3,11
20/08/2024,20:00,169,0.4,27.5,0.2,18.9,87.1,0.0,1020,2,0.015,0.017,0.032,0.000,13.6,4.4,11
20/08/2024,21:00,263,0.4,25.7,0.1,17.9,90.7,0.0,1020,2,0.008,0.014,0.022,0.000,11.1,4.0,10
20/08/2024,22:00,284,0.7,24.6,0.2,17.5,91.7,0.0,1020,1,0.006,0.012,0.018,0.000,10.3,3.9,10
20/08/2024,23:00,297,1.1,9.7,0.2,16.9,93.3,0.0,1020,1,0.001,0.010,0.011,0.000,9.9,3.7,9
21/08/2024,00:00,293,1.2,11.4,0.3,16.7,93.6,0.0,1020,2,0.002,0.010,0.012,0.000,9.3,3.8,9
21/08/2024,01:00,275,2.0,11.2,0.4,16.5,93.1,0.0,1019,1,0.001,0.005,0.006,0.000,9.0,3.7,7
21/08/2024,02:00,270,1.8,12.7,0.4,16.4,92.1,0.0,1019,1,0.001,0.004,0.005,0.000,9.3,4.0,9
21/08/2024,03:00,264,2.4,11.2,0.6,15.7,92.7,0.0,1019,1,0.001,0.005,0.006,0.000,8.9,4.2,9
21/08/2024,04:00,251,1.8,20.6,0.6,16.0,91.9,0.0,1019,1,0.001,0.003,0.004,0.000,8.8,4.1,9
21/08/2024,05:00,261,2.0,14.9,0.5,15.9,91.9,0.0,1020,0,0.003,0.007,0.010,0.000,8.9,4.1,9
21/08/2024,06:00,255,2.1,13.8,0.6,16.1,91.7,0.0,1020,19,0.004,0.008,0.012,0.000,12.4,5.7,16
21/08/2024,07:00,259,2.1,13.8,0.5,17.0,89.7,0.0,1021,106,0.003,0.006,0.010,0.000,11.2,4.8,12
21/08/2024,08:00,266,2.2,14.7,0.5,19.1,83.8,0.0,1021,407,0.003,0.005,0.008,0.002,15.9,5.3,14
21/08/2024,09:00,122,1.6,24.6,0.8,21.9,74.9,0.0,1021,551,0.008,0.010,0.018,0.011,13.5,5.2,14
21/08/2024,10:00,69,3.4,16.0,0.8,22.6,70.2,0.0,1021,718,0.001,0.003,0.004,0.003,14.8,4.7,10
21/08/2024,11:00,84,3.3,15.7,0.8,22.6,70.4,0.0,1020,847,0.007,0.001,0.009,0.001,12.8,4.4,9
21/08/2024,12:00,82,3.6,15.5,0.9,23.0,67.1,0.0,1019,866,0.000,0.002,0.002,0.000,12.4,4.3,8
21/08/2024,13:00,75,3.7,15.2,0.9,23.0,67.5,0.0,1018,781,0.001,0.003,0.004,0.001,11.1,4.2,8
21/08/2024,14:00,77,3.4,16.5,0.9,23.3,65.2,0.0,1018,538,0.000,0.001,0.002,0.000,10.6,3.9,7
21/08/2024,15:00,81,3.1,15.2,0.8,23.1,63.8,0.0,1017,318,0.000,0.001,0.001,0.000,10.9,3.8,7
21/08/2024,16:00,84,2.6,16.9,0.8,22.6,71.9,0.0,1017,214,0.005,0.002,0.007,0.000,11.1,4.1,9
21/08/2024,17:00,78,1.6,14.8,0.4,21.6,76.1,0.0,1018,30,0.000,0.000,0.000,0.000,12.2,4.1,9
21/08/2024,18:00,37,0.4,25.1,0.2,20.7,81.7,0.0,1018,1,0.001,0.004,0.005,0.000,11.2,4.1,9
21/08/2024,19:00,296,0.5,11.5,0.1,19.1,88.7,0.0,1019,1,0.015,0.016,0.031,0.000,12.3,4.1,10
21/08/2024,20:00,290,0.6,11.4,0.1,18.6,93.0,0.0,1019,1,0.031,0.016,0.046,0.001,11.1,4.1,9
21/08/2024,21:00,301,0.9,9.7,0.2,17.7,94.0,0.0,1019,1,0.023,0.011,0.034,0.000,10.3,3.9,9
21/08/2024,22:00,300,1.1,11.5,0.3,16.8,95.4,0.0,1020,1,0.004,0.009,0.013,0.000,10.2,3.9,9
21/08/2024,23:00,274,2.0,9.5,0.3,17.0,95.2,0.0,1019,1,0.001,0.007,0.007,0.000,11.5,5.4,15
22/08/2024,00:00,272,2.1,10.8,0.4,16.7,96.0,0.0,1019,1,0.000,0.005,0.005,0.000,9.0,4.4,13
22/08/2024,01:00,274,1.7,12.4,0.4,16.6,97.0,0.0,1019,1,0.000,0.004,0.004,0.000,3.7,2.4,6
22/08/2024,02:00,272,1.8,12.3,0.3,16.7,95.6,0.0,1018,1,0.000,0.003,0.003,0.000,6.6,3.3,7
22/08/2024,03:00,280,1.6,9.7,0.2,16.4,95.6,0.0,1018,1,0.001,0.005,0.007,0.000,7.1,3.2,7
22/08/2024,04:00,275,1.6,12.6,0.3,15.4,95.8,0.0,1018,1,0.002,0.006,0.008,0.000,6.6,3.3,7
22/08/2024,05:00,265,1.4,18.4,0.4,15.3,95.3,0.0,1018,1,0.004,0.009,0.013,0.000,7.5,3.6,8
22/08/2024,06:00,265,1.8,16.7,0.6,15.2,95.1,0.0,1019,39,0.005,0.009,0.014,0.000,9.6,4.2,11
22/08/2024,07:00,268,2.2,14.1,0.6,16.4,93.3,0.0,1019,197,0.007,0.008,0.015,0.000,10.8,4.3,11
22/08/2024,08:00,260,2.5,13.0,0.5,19.2,85.8,0.0,1020,465,0.002,0.003,0.006,0.000,13.3,5.1,13
22/08/2024,09:00,263,1.0,29.0,0.5,22.2,74.0,0.0,1020,555,0.011,0.009,0.020,0.018,13.3,4.9,13
22/08/2024,10:00,76,2.4,19.1,0.7,23.2,64.6,0.0,1019,854,0.003,0.006,0.009,0.003,10.5,4.4,10
22/08/2024,11:00,74,2.7,17.9,0.7,23.7,57.9,0.0,1019,882,0.003,0.006,0.009,0.001,10.9,3.8,8
22/08/2024,12:00,72,3.4,14.1,0.8,24.2,59.2,0.0,1018,865,0.000,0.001,0.002,0.001,9.8,3.8,8
22/08/2024,13:00,79,3.4,17.6,0.8,24.1,62.4,0.0,1017,702,0.004,0.003,0.006,0.001,9.6,3.7,8
22/08/2024,14:00,71,2.8,19.3,0.9,24.7,58.8,0.0,1016,611,0.014,0.010,0.024,0.001,8.7,3.4,7
22/08/2024,15:00,53,2.5,19.1,0.8,24.8,56.8,0.0,1016,433,0.008,0.005,0.013,0.000,7.6,3.3,5
22/08/2024,16:00,40,1.9,17.8,0.6,24.2,57.3,0.0,1016,212,0.001,0.002,0.002,0.000,8.8,3.0,5
22/08/2024,17:00,31,0.9,29.2,0.4,22.7,66.8,0.0,1017,30,0.000,0.001,0.002,0.000,9.5,3.2,6
22/08/2024,18:00,352,0.2,38.4,0.2,20.8,76.8,0.0,1017,1,0.002,0.007,0.008,0.000,12.0,3.6,7
22/08/2024,19:00,269,0.2,24.9,0.1,19.1,82.8,0.0,1018,1,0.006,0.015,0.022,0.000,14.2,3.8,9
22/08/2024,20:00,298,0.6,10.4,0.1,17.6,89.0,0.0,1019,1,0.025,0.014,0.038,0.000,10.2,3.6,8
22/08/2024,21:00,299,0.9,9.5,0.2,16.6,91.9,0.0,1019,1,0.019,0.012,0.031,0.000,10.5,3.5,8
22/08/2024,22:00,301,0.9,8.1,0.2,15.9,93.4,0.0,1019,1,0.004,0.009,0.013,0.000,8.5,3.3,6
22/08/2024,23:00,298,0.9,12.1,0.2,15.2,94.3,0.0,1019,1,0.008,0.008,0.016,0.000,11.3,3.7,8
23/08/2024,00:00,302,1.0,9.7,0.2,15.3,95.1,0.0,1018,1,0.002,0.007,0.009,0.000,9.8,3.7,8
23/08/2024,01:00,291,1.3,8.5,0.2,15.5,96.1,0.0,1018,1,0.004,0.008,0.013,0.000,9.2,3.9,8
23/08/2024,02:00,271,2.7,9.8,0.5,16.0,95.6,0.0,1018,1,0.001,0.008,0.009,0.000,8.5,3.9,10
23/08/2024,03:00,268,2.7,9.6,0.4,16.2,95.9,0.0,1018,1,0.001,0.005,0.006,0.000,7.1,3.6,10
23/08/2024,04:00,267,2.9,9.2,0.5,15.9,97.9,0.0,1018,1,0.001,0.005,0.006,0.000,3.3,2.3,6
23/08/2024,05:00,268,2.5,8.9,0.4,15.8,97.7,0.0,1019,1,0.004,0.009,0.013,0.000,3.5,2.3,6
23/08/2024,06:00,280,1.3,19.2,0.3,15.8,96.5,0.0,1019,58,0.012,0.014,0.026,0.000,5.5,2.6,7
23/08/2024,07:00,271,2.1,12.0,0.5,16.5,96.3,0.1,1020,207,0.006,0.007,0.014,0.000,12.6,3.7,13
23/08/2024,08:00,266,2.1,15.5,0.5,19.5,88.6,0.0,1020,422,0.005,0.005,0.010,0.001,19.1,4.1,13
23/08/2024,09:00,27,0.6,28.8,0.4,22.7,75.9,0.0,1020,633,0.002,0.003,0.005,0.001,13.1,4.3,13
23/08/2024,10:00,79,1.9,25.9,0.6,23.9,70.7,0.0,1020,772,0.005,0.009,0.014,0.001,19.3,5.5,17
23/08/2024,11:00,84,2.7,16.7,0.6,24.6,61.8,0.0,1019,841,0.016,0.022,0.038,0.001,14.5,4.6,12
23/08/2024,12:00,83,3.1,13.8,0.6,24.9,62.1,0.0,1018,833,0.001,0.004,0.005,0.001,12.0,4.7,12
23/08/2024,13:00,76,3.5,13.7,0.9,25.0,71.4,0.0,1017,754,0.004,0.003,0.007,0.001,10.1,4.5,14
23/08/2024,14:00,68,2.8,17.3,0.8,25.6,67.5,0.0,1017,559,0.000,0.002,0.002,0.001,13.2,4.6,13
23/08/2024,15:00,40,2.1,17.6,0.6,25.8,62.1,0.0,1017,419,0.001,0.003,0.004,0.001,10.8,4.4,11
23/08/2024,16:00,36,1.8,17.3,0.6,25.1,61.8,0.0,1017,192,0.000,0.001,0.002,0.000,16.3,4.6,11
23/08/2024,17:00,40,1.1,13.6,0.3,23.5,64.8,0.0,1018,25,0.000,0.004,0.004,0.001,11.4,4.2,10
23/08/2024,18:00,32,0.4,27.1,0.1,21.9,74.8,0.0,1018,1,0.000,0.001,0.001,0.000,15.8,4.2,11
23/08/2024,19:00,111,0.2,22.6,0.1,21.4,80.8,0.0,1019,1,0.003,0.005,0.008,0.000,17.9,4.8,14
23/08/2024,20:00,252,0.2,35.5,0.1,20.3,84.9,0.0,1020,1,0.007,0.016,0.023,0.000,16.4,5.1,15
23/08/2024,21:00,163,0.4,30.2,0.2,19.8,89.7,0.0,1020,1,0.019,0.015,0.034,0.000,13.2,5.2,19
23/08/2024,22:00,140,0.5,31.0,0.2,19.8,90.3,0.0,1021,1,0.011,0.013,0.023,0.000,12.0,5.3,20
23/08/2024,23:00,294,0.5,16.0,0.1,18.9,93.2,0.0,1020,0,0.015,0.010,0.025,0.000,13.1,5.9,25
24/08/2024,00:00,253,0.3,27.0,0.2,18.5,93.2,0.0,1020,1,0.010,0.008,0.017,0.000,10.7,5.4,21
24/08/2024,01:00,274,0.3,43.7,0.2,18.4,91.3,0.0,1020,0,0.003,0.006,0.009,0.000,10.6,5.2,17
24/08/2024,02:00,306,1.1,12.7,0.3,17.5,93.8,0.0,1019,1,0.005,0.007,0.012,0.000,10.1,4.8,17
24/08/2024,03:00,277,2.1,10.5,0.3,17.3,94.4,0.0,1019,1,0.002,0.007,0.008,0.000,10.0,5.0,18
24/08/2024,04:00,277,1.5,14.1,0.3,17.1,94.6,0.0,1019,1,0.001,0.006,0.007,0.000,9.8,5.2,19
24/08/2024,05:00,278,1.6,14.2,0.3,17.0,93.7,0.0,1020,1,0.002,0.008,0.010,0.000,11.0,5.5,19
24/08/2024,06:00,274,1.5,14.4,0.4,17.1,93.6,0.0,1020,38,0.007,0.010,0.016,0.000,12.2,5.9,21
24/08/2024,07:00,272,1.4,18.0,0.4,18.5,89.7,0.0,1020,216,0.006,0.008,0.014,0.000,15.4,7.1,27
24/08/2024,08:00,130,2.1,19.2,0.6,21.1,81.0,0.0,1021,421,0.007,0.007,0.013,0.001,16.9,10.6,46
24/08/2024,09:00,125,1.7,30.1,0.8,22.5,74.2,0.0,1021,639,0.019,0.020,0.039,0.015,18.0,9.7,34
24/08/2024,10:00,62,2.1,22.4,0.6,23.3,71.1,0.0,1020,789,0.005,0.011,0.016,0.010,15.2,8.3,29
24/08/2024,11:00,60,2.2,19.8,0.7,24.1,64.0,0.0,1019,757,0.002,0.005,0.006,0.003,13.0,6.5,19
24/08/2024,12:00,73,2.9,17.5,0.7,24.3,63.1,0.0,1019,807,0.005,0.003,0.008,0.001,11.5,7.0,22
24/08/2024,13:00,75,3.7,15.0,0.8,24.0,65.4,0.0,1018,760,0.002,0.002,0.004,0.001,12.3,7.0,23
24/08/2024,14:00,85,3.4,14.1,0.8,24.1,66.8,0.0,1017,617,0.011,0.011,0.022,0.001,13.1,6.9,23
24/08/2024,15:00,79,2.7,16.8,0.7,24.2,67.4,0.0,1017,423,0.000,0.001,0.001,0.001,12.5,6.9,22
24/08/2024,16:00,53,2.0,18.5,0.6,24.1,65.0,0.0,1017,206,0.000,0.001,0.001,0.000,15.6,7.7,24
24/08/2024,17:00,70,1.6,14.2,0.5,22.3,74.8,0.0,1018,28,0.000,0.000,0.000,0.000,14.2,6.6,21
24/08/2024,18:00,68,0.9,14.7,0.3,21.0,81.1,0.0,1018,1,0.000,0.001,0.001,0.000,11.8,6.2,20
24/08/2024,19:00,289,0.4,16.0,0.1,19.8,86.5,0.0,1019,1,0.002,0.008,0.010,0.000,13.7,6.6,21
24/08/2024,20:00,292,0.8,8.2,0.1,18.8,92.0,0.0,1019,2,0.008,0.013,0.021,0.000,13.1,6.4,21
24/08/2024,21:00,276,0.5,14.5,0.1,18.3,92.7,0.0,1020,1,0.003,0.012,0.015,0.000,13.1,6.6,22
24/08/2024,22:00,297,0.9,11.5,0.2,18.1,93.4,0.0,1019,1,0.002,0.010,0.012,0.000,14.7,7.1,24
24/08/2024,23:00,296,1.2,12.5,0.3,17.8,94.5,0.0,1019,1,0.003,0.009,0.011,0.000,13.8,7.3,24
25/08/2024,00:00,302,1.3,9.7,0.3,16.9,95.7,0.0,1019,1,0.003,0.010,0.013,0.000,13.2,7.7,27
25/08/2024,01:00,276,1.7,11.6,0.3,17.9,95.1,0.0,1019,1,0.001,0.007,0.008,0.000,11.7,6.8,22
25/08/2024,02:00,275,1.9,11.4,0.4,17.4,96.1,0.0,1018,1,0.000,0.004,0.004,0.000,9.3,6.3,23
25/08/2024,03:00,276,1.6,15.0,0.3,17.4,95.1,0.0,1017,1,0.000,0.005,0.005,0.000,10.0,6.1,21
25/08/2024,04:00,277,1.6,12.7,0.3,16.8,95.6,0.0,1017,1,0.001,0.007,0.008,0.000,9.5,5.9,20
25/08/2024,05:00,274,1.8,10.8,0.4,15.9,96.3,0.0,1017,1,0.002,0.007,0.008,0.000,9.4,5.8,18
25/08/2024,06:00,269,1.9,14.5,0.4,15.9,96.8,0.0,1017,44,0.001,0.005,0.006,0.000,8.0,5.2,17
25/08/2024,07:00,266,2.6,12.6,0.6,17.1,94.6,0.0,1018,162,0.003,0.004,0.007,0.000,17.0,6.4,22
25/08/2024,08:00,254,2.4,14.4,0.5,19.8,87.2,0.0,1018,393,0.001,0.003,0.004,0.000,25.2,7.7,27
25/08/2024,09:00,239,2.2,24.5,0.6,21.9,78.4,0.0,1019,475,0.001,0.004,0.005,0.001,34.0,7.9,30
25/08/2024,10:00,270,0.9,45.3,0.7,23.4,67.9,0.0,1018,562,0.001,0.002,0.003,0.001,16.4,7.6,27
25/08/2024,11:00,75,1.2,34.9,0.6,24.4,64.1,0.0,1017,878,0.002,0.005,0.008,0.002,16.4,8.0,28
25/08/2024,12:00,85,2.7,17.3,0.7,24.9,58.2,0.0,1016,848,0.019,0.019,0.038,0.002,14.3,7.1,23
25/08/2024,13:00,78,3.3,15.0,0.8,25.3,55.8,0.0,1015,767,0.002,0.003,0.004,0.001,14.4,6.7,20
25/08/2024,14:00,68,3.0,18.9,0.9,25.1,65.3,0.0,1015,624,0.003,0.002,0.005,0.001,11.7,6.7,21
25/08/2024,15:00,59,2.7,16.7,0.8,24.8,66.2,0.0,1015,430,0.001,0.003,0.005,0.000,12.3,5.5,17
25/08/2024,16:00,51,2.1,17.1,0.6,24.1,67.8,0.0,1015,211,0.000,0.001,0.001,0.000,12.2,5.4,16
25/08/2024,17:00,29,1.2,18.0,0.4,22.8,70.5,0.0,1015,30,0.000,0.001,0.001,0.000,11.5,5.3,15
25/08/2024,18:00,4,0.4,30.5,0.2,21.3,76.0,0.0,1016,1,0.000,0.003,0.003,0.000,15.7,5.5,17
25/08/2024,19:00,292,0.5,14.5,0.1,19.9,82.0,0.0,1016,1,0.007,0.011,0.017,0.000,11.4,5.5,16
25/08/2024,20:00,297,0.4,14.3,0.1,18.4,88.0,0.0,1016,1,0.009,0.010,0.019,0.000,11.0,5.3,16
25/08/2024,21:00,295,0.7,9.1,0.1,17.5,91.6,0.0,1017,2,0.016,0.013,0.029,0.000,11.0,5.3,16
25/08/2024,22:00,303,1.0,10.1,0.2,16.8,93.3,0.0,1017,1,0.002,0.008,0.011,0.000,11.3,5.4,16
25/08/2024,23:00,302,1.1,10.3,0.2,16.3,93.7,0.0,1016,1,0.002,0.008,0.010,0.000,11.7,5.7,17
26/08/2024,00:00,291,1.4,7.5,0.2,16.2,94.9,0.0,1016,2,0.004,0.010,0.014,0.000,11.2,6.0,18
26/08/2024,01:00,280,1.9,7.8,0.2,16.7,96.4,0.0,1016,1,0.001,0.008,0.009,0.000,10.4,5.7,18
26/08/2024,02:00,272,2.3,10.3,0.4,16.6,97.4,0.0,1015,1,0.001,0.006,0.007,0.000,7.8,4.7,16
26/08/2024,03:00,265,2.5,11.7,0.5,16.4,98.0,0.0,1016,1,0.001,0.005,0.005,0.000,7.1,4.7,16
26/08/2024,04:00,267,2.8,9.1,0.5,16.7,98.0,0.0,1016,1,0.001,0.004,0.006,0.000,7.4,4.7,18
26/08/2024,05:00,262,2.0,18.9,0.5,16.8,97.2,0.0,1016,1,0.004,0.008,0.012,0.000,9.5,5.5,23
26/08/2024,06:00,266,2.5,11.2,0.5,16.8,97.4,1.2,1017,31,0.007,0.010,0.017,0.000,10.4,6.2,27
26/08/2024,07:00,259,1.7,24.0,0.5,18.0,94.3,0.0,1017,225,0.009,0.009,0.018,0.000,18.1,6.0,25
26/08/2024,08:00,258,2.9,12.5,0.6,20.0,86.7,0.0,1018,451,0.003,0.005,0.008,0.001,12.6,5.5,19
26/08/2024,09:00,263,1.2,38.8,0.5,22.8,73.7,0.0,1018,323,0.006,0.009,0.014,0.003,17.8,4.9,15
26/08/2024,10:00,66,1.4,27.5,0.6,24.0,67.0,0.0,1018,677,0.006,0.009,0.015,0.002,16.3,5.1,14
26/08/2024,11:00,77,2.7,20.8,0.7,24.3,64.7,0.0,1017,853,0.012,0.007,0.019,0.001,11.3,4.4,12
26/08/2024,12:00,74,2.7,19.6,0.7,24.5,65.8,0.0,1016,839,0.002,0.003,0.005,0.001,9.2,4.6,12
26/08/2024,13:00,82,3.6,16.5,0.9,24.6,65.2,0.0,1015,766,0.011,0.006,0.016,0.001,9.0,3.7,10
26/08/2024,14:00,88,3.5,14.5,0.8,24.6,64.9,0.0,1014,631,0.022,0.016,0.039,0.001,8.6,3.7,12
26/08/2024,15:00,71,2.8,16.0,0.8,24.8,63.9,0.0,1014,433,0.000,0.002,0.002,0.000,8.7,3.4,7
26/08/2024,16:00,35,1.8,19.0,0.6,24.4,65.2,0.0,1015,212,0.001,0.002,0.003,0.000,14.5,3.7,7
26/08/2024,17:00,27,1.3,18.1,0.5,22.8,70.0,0.0,1015,29,0.000,0.000,0.000,0.000,9.4,3.4,7
26/08/2024,18:00,13,0.6,24.6,0.2,21.4,76.9,0.0,1016,1,0.000,0.001,0.001,0.000,11.1,3.4,8
26/08/2024,19:00,284,0.4,20.0,0.1,20.3,81.8,0.0,1017,1,0.016,0.018,0.034,0.000,14.7,4.4,11
26/08/2024,20:00,263,0.3,22.9,0.1,19.8,84.9,0.0,1017,1,0.043,0.019,0.061,0.001,12.7,4.0,11
26/08/2024,21:00,306,0.7,11.4,0.1,18.6,89.5,0.0,1017,1,0.019,0.013,0.032,0.000,10.9,3.8,10
26/08/2024,22:00,305,1.0,12.8,0.2,18.4,90.9,0.0,1017,1,0.001,0.010,0.011,0.000,10.4,3.8,9
26/08/2024,23:00,317,0.7,13.8,0.1,18.2,91.0,0.0,1017,1,0.002,0.011,0.013,0.000,9.4,3.7,9
27/08/2024,00:00,302,0.7,14.9,0.1,18.0,91.8,0.0,1017,1,0.009,0.013,0.022,0.000,9.1,3.7,9
27/08/2024,01:00,279,0.9,17.8,0.3,18.0,92.1,0.0,1017,1,0.001,0.007,0.008,0.000,9.3,3.8,8
27/08/2024,02:00,275,1.1,17.2,0.3,17.8,93.3,0.0,1017,1,0.000,0.006,0.007,0.000,8.9,4.0,10
27/08/2024,03:00,277,1.1,13.2,0.2,17.8,93.5,0.0,1017,1,0.001,0.007,0.008,0.000,9.4,4.2,11
27/08/2024,04:00,274,1.7,13.0,0.4,17.6,94.3,0.0,1017,1,0.003,0.009,0.012,0.000,9.2,4.2,11
27/08/2024,05:00,265,1.3,20.0,0.4,17.3,95.1,0.0,1018,1,0.002,0.007,0.009,0.000,7.5,3.8,12
27/08/2024,06:00,266,1.4,18.0,0.4,17.1,97.0,0.0,1019,20,0.004,0.009,0.013,0.000,11.6,4.6,19
27/08/2024,07:00,270,1.8,18.6,0.5,18.3,94.2,0.0,1020,201,0.007,0.009,0.016,0.000,13.0,4.9,19
27/08/2024,08:00,291,1.3,24.5,0.4,20.9,84.2,,1020,286,0.005,0.006,0.010,0.001,14.9,4.8,15
27/08/2024,09:00,51,1.1,24.0,0.4,22.7,76.2,,1020,228,0.008,0.008,0.017,0.002,9.8,3.8,10
27/08/2024,10:00,74,1.2,30.2,0.5,22.8,75.8,0.0,1020,288,0.011,0.004,0.016,0.002,9.8,3.6,10
27/08/2024,11:00,85,1.5,30.6,0.6,23.3,72.7,0.0,1019,507,0.011,0.006,0.017,0.002,8.2,3.3,8
27/08/2024,12:00,74,2.0,19.5,0.6,23.5,71.0,0.0,1018,363,0.015,0.004,0.019,0.001,10.7,3.7,9
27/08/2024,13:00,69,2.4,15.9,0.6,23.3,71.5,0.0,1017,346,0.004,0.006,0.011,0.001,7.2,2.8,7
27/08/2024,14:00,78,2.8,15.6,0.7,23.2,72.3,0.0,1017,450,0.001,0.002,0.003,0.001,8.8,2.5,6
27/08/2024,15:00,82,2.7,15.5,0.6,23.4,70.2,0.0,1017,423,0.007,0.007,0.014,0.001,8.8,2.7,7
27/08/2024,16:00,80,2.1,16.8,0.6,23.0,72.2,0.0,1017,133,0.006,0.006,0.013,0.001,9.6,3.7,8
27/08/2024,17:00,55,1.7,17.7,0.5,22.1,75.1,0.0,1017,21,0.000,0.001,0.001,0.000,7.0,2.4,5
27/08/2024,18:00,61,0.4,25.3,0.2,21.3,80.0,0.0,1018,1,0.000,0.003,0.003,0.000,7.0,2.8,6
27/08/2024,19:00,63,0.5,25.6,0.2,20.8,85.5,0.0,1019,1,0.001,0.005,0.006,0.000,9.3,3.9,9
27/08/2024,20:00,282,0.4,18.2,0.1,19.6,90.5,0.0,1019,1,0.024,0.016,0.040,0.000,14.9,4.7,13
27/08/2024,21:00,300,0.6,9.1,0.1,18.7,93.9,0.0,1019,1,0.025,0.012,0.037,0.000,10.4,4.3,11
27/08/2024,22:00,306,0.9,8.5,0.2,17.8,95.2,0.0,1019,1,0.011,0.009,0.020,0.000,9.5,4.1,10
27/08/2024,23:00,296,1.2,9.4,0.2,17.1,96.1,0.0,1019,2,0.008,0.008,0.016,0.000,10.1,4.1,10
28/08/2024,00:00,296,1.2,9.9,0.2,17.2,96.7,0.0,1018,1,0.006,0.008,0.014,0.000,9.5,4.3,12
28/08/2024,01:00,290,1.4,9.3,0.2,17.2,96.8,0.0,1018,2,0.004,0.008,0.012,0.000,8.3,4.2,11
28/08/2024,02:00,285,1.5,9.6,0.3,16.9,96.9,0.0,1017,1,0.003,0.008,0.011,0.000,7.3,4.0,11
28/08/2024,03:00,277,2.3,7.9,0.4,16.3,97.7,0.0,1017,1,0.001,0.005,0.006,0.000,5.4,3.4,9
28/08/2024,04:00,268,2.1,12.7,0.4,16.5,97.5,0.0,1017,1,0.001,0.005,0.006,0.000,4.5,2.8,7
28/08/2024,05:00,267,1.6,21.5,0.5,16.1,97.4,0.6,1018,1,0.004,0.009,0.013,0.000,6.4,3.2,8
28/08/2024,06:00,271,2.0,13.9,0.5,16.7,96.7,0.0,1019,48,0.007,0.009,0.017,0.000,9.0,3.6,10
28/08/2024,07:00,266,2.3,14.6,0.5,18.5,93.4,0.0,1019,230,0.005,0.006,0.011,0.000,10.9,3.8,11
28/08/2024,08:00,257,2.3,15.3,0.5,21.0,84.9,0.0,1020,383,0.004,0.004,0.008,0.001,13.7,4.0,11
28/08/2024,09:00,245,1.7,17.4,0.4,22.8,78.2,0.0,1020,308,0.007,0.009,0.016,0.011,18.3,5.1,17
28/08/2024,10:00,82,1.1,41.2,0.6,24.8,68.4,0.0,1019,373,0.010,0.011,0.021,0.006,10.3,4.4,11
28/08/2024,11:00,88,2.2,26.3,0.7,25.3,63.0,0.0,1018,564,0.012,0.010,0.021,0.002,34.6,5.5,15
28/08/2024,12:00,69,2.9,20.9,0.9,25.6,61.5,0.0,1017,910,0.009,0.008,0.017,0.001,9.6,4.1,13
28/08/2024,13:00,72,3.5,14.6,0.9,25.4,64.9,0.0,1016,801,0.002,0.004,0.006,0.001,8.8,3.4,8
28/08/2024,14:00,71,3.2,18.5,0.9,25.6,64.7,0.0,1015,531,0.006,0.002,0.008,0.001,12.8,6.9,38
28/08/2024,15:00,34,2.0,21.6,0.7,25.8,63.0,0.0,1015,450,0.002,0.012,0.014,0.001,41.8,28.1,100
28/08/2024,16:00,27,1.8,18.9,0.7,25.1,62.8,0.0,1015,227,0.000,0.001,0.001,0.000,9.9,3.6,9
28/08/2024,17:00,24,1.7,15.9,0.5,23.4,70.0,0.0,1015,35,0.000,0.000,0.000,0.000,9.5,3.5,7
28/08/2024,18:00,14,0.8,27.9,0.3,21.8,79.2,0.0,1016,1,0.000,0.002,0.002,0.000,13.4,4.2,10
28/08/2024,19:00,19,0.3,36.9,0.2,20.9,84.5,0.0,1016,0,0.000,0.001,0.002,0.000,9.6,3.9,10
28/08/2024,20:00,211,0.1,25.5,0.1,19.7,89.2,0.0,1016,1,0.031,0.012,0.043,0.001,22.8,5.7,18
28/08/2024,21:00,298,0.6,17.4,0.1,18.5,92.9,0.0,1017,1,0.026,0.012,0.038,0.001,12.9,4.7,13
28/08/2024,22:00,307,0.8,11.5,0.2,17.8,94.3,0.0,1017,1,0.002,0.007,0.009,0.000,9.9,4.0,10
28/08/2024,23:00,304,0.7,14.3,0.2,16.9,95.1,0.0,1016,1,0.005,0.009,0.013,0.000,10.4,3.8,9
29/08/2024,00:00,297,0.9,10.4,0.2,16.0,95.9,0.0,1016,1,0.009,0.008,0.017,0.000,9.3,3.6,8
29/08/2024,01:00,300,0.9,9.5,0.2,16.1,96.3,0.0,1015,1,0.004,0.006,0.010,0.000,8.1,3.9,10
29/08/2024,02:00,301,0.9,10.3,0.2,15.7,96.8,0.0,1015,1,0.003,0.007,0.010,0.000,10.4,6.5,22
29/08/2024,03:00,302,0.9,12.3,0.2,15.0,96.7,0.0,1014,1,0.006,0.006,0.012,0.000,11.1,6.8,22
29/08/2024,04:00,286,1.8,11.2,0.3,15.9,97.3,0.0,1015,1,0.003,0.006,0.008,0.000,10.5,6.2,20
29/08/2024,05:00,293,1.2,15.2,0.3,16.4,96.2,0.0,1015,1,0.007,0.008,0.015,0.000,12.1,6.4,22
29/08/2024,06:00,306,0.7,16.4,0.2,16.9,95.7,0.0,1016,47,0.033,0.013,0.046,0.001,13.8,6.8,25
29/08/2024,07:00,0,0.4,43.5,0.2,19.8,88.8,0.0,1016,245,0.012,0.006,0.018,0.001,13.5,6.0,21
29/08/2024,08:00,323,1.7,23.8,0.7,22.2,75.7,0.0,1016,478,0.008,0.004,0.013,0.002,10.8,4.2,11
29/08/2024,09:00,226,1.2,39.6,0.7,23.3,70.3,0.0,1017,676,0.004,0.006,0.010,0.001,18.8,4.6,12
29/08/2024,10:00,331,1.4,34.4,0.7,24.7,60.6,0.0,1016,808,0.001,0.001,0.002,0.002,13.1,4.0,8
29/08/2024,11:00,7,1.7,35.3,0.8,26.0,58.4,0.0,1014,870,0.004,0.008,0.012,0.001,23.9,4.9,12
29/08/2024,12:00,25,2.6,23.6,0.9,26.5,56.9,0.0,1013,866,0.009,0.011,0.020,0.001,16.0,4.9,12
29/08/2024,13:00,28,2.5,21.9,1.0,27.3,51.6,0.0,1012,789,0.005,0.007,0.012,0.001,20.4,5.4,16
29/08/2024,14:00,9,2.5,20.8,0.9,27.8,49.6,0.0,1011,641,0.006,0.011,0.017,0.001,30.0,8.1,23
29/08/2024,15:00,11,2.3,21.2,0.8,27.9,50.3,0.0,1011,443,0.001,0.005,0.006,0.001,38.9,7.0,18
29/08/2024,16:00,10,2.1,20.1,0.8,27.2,53.6,0.0,1011,219,0.001,0.004,0.004,0.001,20.5,5.3,13
29/08/2024,17:00,360,1.8,22.0,0.8,24.4,62.2,0.0,1011,31,0.000,0.002,0.002,0.000,12.0,3.9,8
29/08/2024,18:00,9,1.2,25.9,0.4,22.2,72.1,0.0,1012,1,0.000,0.000,0.000,0.000,8.9,3.6,8
29/08/2024,19:00,352,1.1,29.8,0.5,21.3,78.5,0.0,1012,0,0.000,0.001,0.001,0.001,12.6,5.6,19
29/08/2024,20:00,327,1.1,25.2,0.6,21.1,81.7,0.0,1013,0,0.000,0.002,0.002,0.004,11.7,4.7,14
29/08/2024,21:00,308,1.3,19.8,0.4,20.6,83.2,0.0,1013,0,0.001,0.004,0.004,0.001,11.7,4.9,13
29/08/2024,22:00,305,0.8,18.5,0.2,18.4,88.8,0.0,1013,1,0.001,0.007,0.007,0.000,11.8,5.3,15
29/08/2024,23:00,298,0.7,24.3,0.2,17.1,92.5,0.0,1013,0,0.005,0.008,0.013,0.000,11.0,5.2,15
30/08/2024,00:00,292,0.8,18.5,0.2,16.4,94.1,0.0,1012,1,0.003,0.007,0.010,0.000,11.4,5.2,15
30/08/2024,01:00,300,1.1,10.2,0.2,16.1,95.6,0.0,1012,1,0.005,0.006,0.011,0.000,11.0,5.1,13
30/08/2024,02:00,301,0.9,10.2,0.2,15.4,95.8,0.0,1011,1,0.009,0.005,0.014,0.000,11.5,5.1,14
30/08/2024,03:00,308,0.5,36.1,0.2,14.9,96.1,0.0,1011,0,0.020,0.005,0.025,0.000,11.3,5.3,15
30/08/2024,04:00,308,1.0,15.4,0.3,14.5,96.7,0.0,1012,0,0.015,0.005,0.021,0.000,9.5,4.5,12
30/08/2024,05:00,303,0.7,15.3,0.2,13.8,96.7,0.0,1012,1,0.042,0.008,0.049,0.001,10.8,4.6,14
30/08/2024,06:00,306,0.6,27.8,0.2,14.0,95.6,0.0,1013,53,0.059,0.009,0.068,0.001,13.7,4.9,15
30/08/2024,07:00,303,0.9,20.1,0.3,17.1,92.6,0.0,1014,253,0.031,0.015,0.046,0.001,22.3,5.1,14
30/08/2024,08:00,283,0.8,39.3,0.4,20.9,81.8,0.0,1014,478,0.007,0.006,0.013,0.001,26.0,5.3,14
30/08/2024,09:00,330,0.7,41.8,0.5,23.3,70.7,0.0,1014,669,0.001,0.002,0.004,0.001,23.2,4.6,11
30/08/2024,10:00,345,1.7,30.9,0.7,25.2,60.5,0.0,1014,819,0.009,0.003,0.012,0.003,11.0,4.2,10
30/08/2024,11:00,14,2.0,26.8,0.8,26.5,57.4,0.0,1013,884,0.004,0.005,0.010,0.002,13.4,4.6,11
30/08/2024,12:00,19,2.4,26.0,0.9,27.2,53.3,0.0,1012,878,0.012,0.012,0.024,0.001,15.0,4.7,11
30/08/2024,13:00,336,2.1,25.2,0.9,28.2,44.9,0.0,1011,802,0.009,0.008,0.017,0.001,23.5,5.1,11
30/08/2024,14:00,327,1.8,31.7,0.8,28.7,42.5,0.0,1010,661,0.006,0.006,0.012,0.002,12.7,5.0,12
30/08/2024,15:00,343,1.7,27.7,0.7,28.5,47.2,0.0,1010,460,0.003,0.012,0.015,0.002,23.0,5.3,11
30/08/2024,16:00,353,1.5,23.5,0.7,27.6,55.6,0.0,1010,230,0.000,0.001,0.001,0.001,15.9,4.9,12
30/08/2024,17:00,7,1.4,21.8,0.6,24.7,71.1,0.0,1011,35,0.001,0.005,0.006,0.000,16.6,4.9,14
30/08/2024,18:00,6,1.0,21.4,0.4,22.7,75.3,0.0,1012,1,0.000,0.000,0.001,0.000,11.5,4.7,14
30/08/2024,19:00,37,0.6,15.8,0.2,21.6,79.4,0.0,1012,0,0.001,0.001,0.002,0.000,13.1,4.8,14
30/08/2024,20:00,24,0.4,28.1,0.2,20.8,82.8,0.0,1013,0,0.004,0.008,0.012,0.000,16.8,5.2,16
30/08/2024,21:00,342,0.4,35.9,0.2,20.6,84.0,0.0,1013,0,0.007,0.009,0.017,0.001,12.6,5.0,15
30/08/2024,22:00,327,0.9,20.0,0.4,20.4,84.6,0.0,1013,1,0.000,0.003,0.003,0.002,11.9,5.1,16
30/08/2024,23:00,336,1.0,16.6,0.3,20.2,85.5,0.0,1013,1,0.000,0.002,0.002,0.002,12.4,5.7,19
31/08/2024,00:00,326,0.5,17.4,0.2,18.4,91.2,0.0,1013,1,0.001,0.004,0.005,0.001,11.6,5.4,16
31/08/2024,01:00,281,0.3,34.1,0.2,17.0,93.0,0.0,1013,1,0.017,0.008,0.025,0.001,10.9,5.1,13
31/08/2024,02:00,266,0.3,54.6,0.2,16.2,94.0,0.0,1013,0,0.016,0.006,0.022,0.001,10.6,5.1,13
31/08/2024,03:00,281,0.4,47.0,0.2,16.7,93.7,0.0,1013,0,0.012,0.007,0.019,0.000,11.7,5.0,14
31/08/2024,04:00,300,0.7,16.5,0.2,16.5,95.0,0.0,1013,0,0.019,0.007,0.026,0.000,11.4,4.9,14
31/08/2024,05:00,304,0.9,14.3,0.2,15.4,95.3,0.0,1013,0,0.013,0.008,0.021,0.000,10.5,4.4,12
31/08/2024,06:00,316,0.5,30.2,0.2,15.7,94.8,0.0,1014,48,0.014,0.011,0.024,0.000,8.6,4.1,11
31/08/2024,07:00,8,0.4,37.8,0.2,18.8,88.9,0.0,1015,233,0.017,0.007,0.024,0.001,19.0,4.4,12
31/08/2024,08:00,338,1.4,35.9,0.6,22.5,77.7,0.0,1015,434,0.006,0.004,0.011,0.001,11.7,4.2,12
31/08/2024,09:00,327,2.5,24.1,1.0,23.7,70.4,0.0,1015,566,0.003,0.002,0.005,0.002,14.2,4.3,11
31/08/2024,10:00,342,2.2,29.1,0.8,25.2,62.8,0.0,1015,811,0.002,0.003,0.005,0.002,10.9,4.2,10
31/08/2024,11:00,5,2.0,31.2,0.8,26.4,58.8,0.0,1014,886,0.001,0.003,0.004,0.001,15.1,4.6,10
31/08/2024,12:00,24,2.6,24.8,0.9,27.0,58.0,0.0,1013,879,0.009,0.009,0.018,0.001,29.7,4.9,11
31/08/2024,13:00,10,2.5,24.4,1.0,27.8,56.1,0.0,1012,795,0.017,0.012,0.029,0.001,17.0,4.4,10
31/08/2024,14:00,349,2.0,27.0,0.9,28.4,53.7,0.0,1011,649,0.007,0.007,0.013,0.001,16.0,5.0,13
31/08/2024,15:00,354,2.4,25.1,1.0,27.7,58.4,0.0,1011,450,0.006,0.007,0.014,0.001,17.4,5.6,16
31/08/2024,16:00,2,2.7,22.7,1.2,25.6,67.7,0.0,1012,226,0.009,0.012,0.020,0.001,17.3,5.3,16
31/08/2024,17:00,9,1.7,27.0,0.9,23.9,74.9,0.0,1012,34,0.009,0.003,0.012,0.000,29.1,6.1,19
31/08/2024,18:00,9,1.5,30.2,0.7,22.6,81.9,0.0,1013,1,0.000,0.000,0.000,0.000,16.0,5.8,19
31/08/2024,19:00,42,0.5,50.6,0.4,21.9,85.1,0.0,1013,0,0.000,0.001,0.001,0.000,17.6,8.8,48
31/08/2024,20:00,10,0.5,40.1,0.3,21.5,87.4,0.0,1014,0,0.000,0.002,0.002,0.001,17.6,7.6,32
31/08/2024,21:00,357,0.7,44.4,0.4,21.5,88.6,0.0,1014,1,0.000,0.001,0.001,0.001,14.4,5.9,20
31/08/2024,22:00,11,0.5,45.1,0.3,21.6,88.9,0.0,1015,0,0.000,0.001,0.001,0.001,14.9,6.6,27
31/08/2024,23:00,334,0.8,23.6,0.3,21.2,90.8,0.0,1015,0,0.000,0.001,0.001,0.001,14.9,6.3,24
01/09/2024,00:00,319,0.4,29.3,0.2,20.8,91.2,0.0,1015,1,0.000,0.001,0.001,0.001,12.9,6.1,24
01/09/2024,01:00,305,0.3,39.6,0.2,20.4,91.6,0.0,1015,0,0.000,0.002,0.002,0.001,11.7,5.9,17
01/09/2024,02:00,299,0.6,19.3,0.2,18.6,93.9,0.0,1015,0,0.003,0.005,0.008,0.000,9.7,4.6,12
01/09/2024,03:00,304,0.9,16.0,0.2,17.4,95.1,0.0,1015,0,0.005,0.006,0.011,0.000,10.1,4.1,11
01/09/2024,04:00,306,0.7,17.0,0.2,17.0,95.2,0.0,1015,0,0.004,0.005,0.009,0.000,7.5,3.7,10
01/09/2024,05:00,300,0.8,11.3,0.2,16.5,95.1,0.0,1015,0,0.013,0.006,0.019,0.000,9.7,4.0,11
01/09/2024,06:00,296,0.7,20.9,0.2,16.2,95.0,0.0,1016,31,0.036,0.007,0.043,0.001,13.1,4.6,13
01/09/2024,07:00,324,0.4,43.3,0.3,18.6,92.2,0.0,1017,246,0.030,0.015,0.046,0.001,14.9,4.6,17
01/09/2024,08:00,337,1.6,36.9,0.9,23.1,77.9,0.0,1017,370,0.002,0.003,0.005,0.001,13.0,5.3,18
01/09/2024,09:00,337,2.1,28.3,0.9,24.4,68.0,0.0,1018,518,0.008,0.006,0.014,0.002,12.7,5.4,19
01/09/2024,10:00,305,2.9,27.6,1.0,24.9,62.5,0.0,1017,821,0.000,0.001,0.001,0.001,12.7,5.4,17
01/09/2024,11:00,325,2.2,30.5,1.0,26.0,56.7,0.0,1016,910,0.004,0.005,0.009,0.001,11.8,5.4,17
01/09/2024,12:00,312,2.5,27.1,1.1,26.7,52.8,0.0,1015,901,0.001,0.003,0.004,0.001,14.8,5.7,18
01/09/2024,13:00,318,2.0,34.1,0.9,27.4,48.0,0.0,1015,820,0.006,0.003,0.009,0.001,17.1,6.5,20
01/09/2024,14:00,338,1.4,34.4,0.7,28.1,44.0,0.0,1014,659,0.004,0.005,0.009,0.001,17.6,6.7,20
01/09/2024,15:00,12,1.6,26.7,0.7,28.0,48.3,0.0,1014,463,0.010,0.007,0.017,0.001,15.1,6.8,22
01/09/2024,16:00,24,2.1,19.7,0.8,26.1,65.2,0.0,1014,234,0.001,0.002,0.003,0.000,11.7,5.5,22
01/09/2024,17:00,15,1.6,16.6,0.5,24.0,72.8,0.0,1014,38,0.000,0.001,0.001,0.000,12.4,5.7,21
01/09/2024,18:00,359,1.0,21.7,0.4,22.4,75.4,0.0,1015,1,0.000,0.001,0.001,0.000,11.7,5.0,18
01/09/2024,19:00,31,0.3,43.0,0.2,21.2,81.0,0.0,1016,1,0.009,0.006,0.015,0.000,11.9,5.4,20
01/09/2024,20:00,163,0.3,26.4,0.1,20.2,85.4,0.0,1017,1,0.011,0.012,0.023,0.000,18.3,6.2,23
01/09/2024,21:00,150,0.3,22.1,0.1,19.5,89.9,0.0,1017,1,0.016,0.011,0.027,0.000,12.1,5.4,19
01/09/2024,22:00,176,0.3,34.1,0.1,19.0,91.4,0.0,1017,1,0.020,0.009,0.029,0.000,13.7,5.2,18
01/09/2024,23:00,310,0.1,50.0,0.1,18.2,93.3,0.0,1017,0,0.019,0.006,0.025,0.000,11.5,5.1,17
02/09/2024,00:00,171,0.5,12.4,0.1,18.5,94.2,0.0,1017,0,0.015,0.007,0.022,0.000,11.0,4.8,17
02/09/2024,01:00,186,0.2,36.7,0.1,18.1,93.0,0.0,1017,0,0.021,0.005,0.026,0.001,12.5,4.8,14
02/09/2024,02:00,288,0.7,11.7,0.1,17.3,95.0,0.0,1016,0,0.019,0.005,0.024,0.000,10.5,4.8,15
02/09/2024,03:00,297,0.8,18.3,0.2,16.3,96.0,0.0,1016,1,0.009,0.004,0.014,0.000,10.6,4.9,15
02/09/2024,04:00,301,1.1,10.0,0.2,16.2,96.0,0.0,1016,0,0.007,0.006,0.013,0.000,10.3,4.8,14
02/09/2024,05:00,297,1.0,12.6,0.2,15.7,95.9,0.0,1016,1,0.017,0.008,0.025,0.000,9.7,5.1,15
02/09/2024,06:00,278,2.2,8.5,0.3,16.1,96.0,0.0,1017,62,0.014,0.008,0.022,0.000,10.1,4.8,14
02/09/2024,07:00,280,1.6,16.9,0.3,18.3,91.1,0.0,1018,267,0.027,0.012,0.040,0.001,13.1,4.5,14
02/09/2024,08:00,303,1.1,29.1,0.4,22.6,73.5,0.0,1018,496,0.004,0.005,0.008,0.001,18.3,5.4,15
02/09/2024,09:00,317,2.2,25.9,0.8,24.5,58.8,0.0,1018,708,0.003,0.003,0.006,0.001,25.5,7.6,22
02/09/2024,10:00,321,2.2,31.1,0.9,25.9,50.7,0.0,1018,847,0.002,0.001,0.003,0.000,13.0,5.1,14
02/09/2024,11:00,331,2.2,29.7,1.1,26.8,44.4,0.0,1017,914,0.003,0.004,0.007,0.001,20.9,12.1,40
02/09/2024,12:00,357,2.2,27.6,0.9,27.7,43.1,0.0,1015,908,0.013,0.013,0.026,0.001,16.5,7.0,18
02/09/2024,13:00,15,2.1,27.9,0.9,28.3,40.3,0.0,1014,818,0.007,0.010,0.017,0.001,16.2,5.4,13
02/09/2024,14:00,23,2.4,22.3,0.9,28.5,42.9,0.0,1014,660,0.003,0.006,0.009,0.000,17.5,5.5,13
02/09/2024,15:00,13,2.0,23.5,0.8,28.6,44.3,0.0,1014,455,0.003,0.007,0.010,0.000,15.5,5.6,14
02/09/2024,16:00,31,2.1,21.4,0.7,27.2,55.1,0.0,1014,228,0.000,0.001,0.002,0.000,12.7,5.5,15
02/09/2024,17:00,0,1.5,22.2,0.7,25.0,62.3,0.0,1015,35,0.000,0.001,0.001,0.000,16.2,6.0,18
02/09/2024,18:00,7,1.2,24.0,0.5,23.0,70.6,0.0,1016,1,0.000,0.000,0.001,0.000,11.8,6.0,20
02/09/2024,19:00,12,0.8,27.1,0.4,22.2,75.6,0.0,1016,1,0.000,0.001,0.001,0.000,13.2,6.8,26
02/09/2024,20:00,340,0.3,41.5,0.2,21.8,77.5,0.0,1017,0,0.007,0.007,0.014,0.001,16.5,7.1,28
02/09/2024,21:00,305,0.6,23.7,0.2,20.7,82.0,0.0,1017,1,0.003,0.007,0.010,0.001,12.4,6.4,23
02/09/2024,22:00,294,0.4,24.7,0.1,19.4,86.3,0.0,1017,1,0.012,0.009,0.022,0.000,12.4,6.1,21
02/09/2024,23:00,292,1.3,15.4,0.3,18.3,89.4,0.0,1018,1,0.003,0.009,0.012,0.000,12.5,6.3,21
03/09/2024,00:00,281,1.6,12.8,0.4,18.6,89.3,0.0,1018,1,0.000,0.006,0.007,0.000,12.9,6.6,22
03/09/2024,01:00,267,1.8,14.3,0.4,18.3,90.9,0.0,1017,1,0.001,0.005,0.006,0.000,13.0,7.2,22
03/09/2024,02:00,275,2.1,11.0,0.4,17.5,92.7,0.0,1017,1,0.001,0.006,0.008,0.000,13.1,6.9,23
03/09/2024,03:00,272,2.2,8.6,0.3,17.4,93.8,0.0,1017,1,0.001,0.006,0.008,0.000,13.0,7.0,24
03/09/2024,04:00,265,0.7,25.0,0.3,17.5,93.2,0.0,1017,1,0.003,0.006,0.010,0.000,12.9,7.1,25
03/09/2024,05:00,267,1.8,13.9,0.5,17.6,91.5,0.0,1018,2,0.006,0.009,0.015,0.000,17.4,8.5,32
03/09/2024,06:00,268,2.1,12.9,0.5,18.2,88.0,0.0,1019,66,0.008,0.010,0.018,0.000,23.4,10.7,43
03/09/2024,07:00,214,1.3,21.1,0.7,20.7,64.2,0.0,1019,282,0.008,0.009,0.017,0.001,35.7,12.4,45
03/09/2024,08:00,176,3.1,23.7,1.2,23.4,35.0,0.0,1020,517,0.004,0.007,0.011,0.002,70.2,13.4,39
03/09/2024,09:00,166,3.6,23.1,1.3,24.4,30.1,0.0,1021,722,0.005,0.006,0.011,0.004,53.7,9.6,25
03/09/2024,10:00,143,3.7,20.0,1.2,26.1,22.3,0.0,1020,864,0.002,0.003,0.005,0.000,34.5,6.4,16
03/09/2024,11:00,125,4.9,17.7,1.5,26.9,20.4,0.0,1020,933,0.005,0.009,0.014,0.003,27.1,5.3,13
03/09/2024,12:00,112,4.2,19.5,1.3,26.9,26.2,0.0,1019,923,0.003,0.006,0.008,0.004,22.2,6.7,19
03/09/2024,13:00,83,6.0,14.8,1.5,25.6,53.3,0.0,1019,819,0.003,0.002,0.005,0.001,44.7,13.0,36
03/09/2024,14:00,90,6.1,15.7,1.7,24.4,61.3,0.0,1019,649,0.008,0.007,0.014,0.000,51.2,14.1,37
03/09/2024,15:00,95,6.2,15.3,1.7,23.7,63.7,0.0,1019,422,0.005,0.004,0.009,0.000,47.5,13.8,37
03/09/2024,16:00,100,6.0,17.1,1.9,22.9,64.8,0.0,1019,157,0.003,0.004,0.007,0.000,50.1,14.0,37
03/09/2024,17:00,104,5.6,16.3,1.7,22.0,64.9,0.0,1020,28,0.000,0.001,0.001,0.000,42.2,13.0,31
03/09/2024,18:00,109,4.7,18.6,1.5,21.5,63.7,0.0,1021,0,0.000,0.010,0.010,0.004,37.9,11.4,26
03/09/2024,19:00,116,3.4,19.0,1.3,21.1,64.1,0.0,1022,0,0.007,0.017,0.024,0.010,38.5,11.0,25
03/09/2024,20:00,125,3.4,18.0,1.1,20.7,62.3,0.0,1023,0,0.015,0.025,0.040,0.019,38.0,14.8,43
03/09/2024,21:00,131,3.3,18.9,1.1,20.2,60.3,0.0,1023,0,0.000,0.004,0.004,0.006,34.1,14.7,40
03/09/2024,22:00,134,2.9,16.8,1.1,19.5,61.9,0.0,1023,0,0.001,0.007,0.008,0.008,28.8,10.3,24
03/09/2024,23:00,141,2.2,19.7,0.7,18.7,64.1,0.0,1023,0,0.000,0.007,0.007,0.001,29.0,9.4,23
04/09/2024,00:00,150,2.1,18.1,0.8,18.0,66.2,0.0,1023,0,0.000,0.010,0.011,0.000,28.2,9.5,25
04/09/2024,01:00,151,1.9,19.2,0.7,18.0,66.6,0.0,1023,0,0.000,0.010,0.010,0.000,29.6,9.9,26
04/09/2024,02:00,156,1.8,18.5,0.6,17.5,68.1,0.0,1022,0,0.000,0.004,0.004,0.000,28.4,8.5,19
04/09/2024,03:00,162,2.3,17.8,0.8,17.6,65.5,0.0,1022,1,0.000,0.003,0.004,0.000,28.5,8.4,18
04/09/2024,04:00,159,2.4,18.1,0.8,17.8,63.1,0.0,1022,0,0.000,0.004,0.004,0.000,28.3,8.2,17
04/09/2024,05:00,152,1.7,19.6,0.6,17.9,63.0,0.0,1023,0,0.001,0.012,0.013,0.000,30.0,8.3,19
04/09/2024,06:00,138,2.5,16.4,0.9,18.4,61.8,0.0,1023,34,0.002,0.017,0.019,0.000,24.6,8.7,22
04/09/2024,07:00,143,2.4,22.1,0.9,19.1,60.3,0.0,1024,169,0.002,0.012,0.014,0.000,28.2,8.3,19
04/09/2024,08:00,129,4.2,19.7,1.3,20.3,55.4,0.0,1024,501,0.001,0.003,0.004,0.000,20.8,6.6,12
04/09/2024,09:00,126,3.7,20.5,1.2,21.2,53.4,0.0,1024,428,0.004,0.008,0.013,0.002,20.2,6.2,12
04/09/2024,10:00,111,5.6,16.9,1.7,21.8,53.4,0.0,1024,394,0.008,0.014,0.023,0.008,20.1,5.7,10
04/09/2024,11:00,113,5.5,17.4,1.7,22.3,52.7,0.0,1024,667,0.003,0.006,0.009,0.005,21.7,5.7,10
04/09/2024,12:00,100,5.7,18.3,1.6,22.5,51.5,0.0,1023,861,0.007,0.006,0.013,0.003,21.2,5.3,9
04/09/2024,13:00,95,5.7,17.2,1.6,22.5,54.1,0.0,1022,674,0.005,0.002,0.007,0.001,20.4,5.4,9
04/09/2024,14:00,109,5.4,15.9,1.6,22.0,55.0,0.0,1021,406,0.013,0.016,0.028,0.006,20.2,6.3,11
04/09/2024,15:00,110,4.6,15.9,1.3,21.9,56.0,0.0,1021,286,0.015,0.018,0.034,0.012,18.5,5.7,10
04/09/2024,16:00,114,4.7,16.3,1.4,21.4,55.1,0.0,1021,138,0.018,0.022,0.040,0.015,17.8,5.5,10
04/09/2024,17:00,120,2.8,17.8,0.8,21.1,56.0,0.0,1022,20,0.001,0.011,0.012,0.007,22.1,9.3,24
04/09/2024,18:00,118,3.3,16.7,1.0,20.8,59.1,0.0,1022,0,0.007,0.015,0.022,0.012,18.3,6.9,16
04/09/2024,19:00,121,2.8,16.7,0.8,19.8,66.8,0.2,1023,0,0.002,0.011,0.013,0.008,18.7,6.4,14
04/09/2024,20:00,129,2.2,16.2,0.7,18.8,74.9,0.0,1023,0,0.004,0.019,0.023,0.010,15.2,5.5,11
04/09/2024,21:00,112,2.6,18.8,0.9,18.9,76.0,0.2,1023,0,0.001,0.008,0.009,0.006,14.5,5.3,10
04/09/2024,22:00,122,1.9,17.7,0.6,18.3,81.6,0.1,1023,0,0.001,0.011,0.012,0.003,11.4,3.8,6
04/09/2024,23:00,134,3.0,17.7,0.9,18.0,80.4,0.1,1023,0,0.005,0.012,0.018,0.007,13.1,4.4,10
05/09/2024,00:00,151,2.1,15.3,0.6,17.7,79.4,0.1,1023,0,0.000,0.005,0.005,0.001,12.3,4.6,10
05/09/2024,01:00,153,1.8,21.1,0.6,17.6,78.4,0.0,1023,1,0.000,0.008,0.008,0.001,12.6,4.7,14
05/09/2024,02:00,155,1.5,24.5,0.6,17.7,77.6,0.0,1022,0,0.000,0.011,0.011,0.000,11.5,4.7,14
05/09/2024,03:00,174,2.0,24.8,0.8,17.7,76.2,0.0,1022,0,0.001,0.006,0.006,0.000,18.0,4.4,8
05/09/2024,04:00,164,1.5,20.5,0.5,17.9,75.3,0.0,1022,1,0.001,0.008,0.009,0.000,11.2,4.3,9
05/09/2024,05:00,176,1.1,25.2,0.4,18.1,73.7,0.0,1023,0,0.001,0.011,0.012,0.000,13.5,4.3,8
05/09/2024,06:00,204,0.4,48.5,0.4,18.2,73.9,0.0,1023,24,0.003,0.016,0.019,0.000,15.8,6.0,18
05/09/2024,07:00,134,1.6,24.4,0.6,19.2,69.4,0.0,1024,133,0.014,0.011,0.025,0.004,16.2,5.5,14
05/09/2024,08:00,116,2.5,17.2,0.7,20.7,61.5,0.0,1024,238,0.013,0.023,0.036,0.016,16.3,5.1,10
05/09/2024,09:00,102,4.0,18.1,1.3,21.4,61.5,0.2,1025,340,0.010,0.015,0.025,0.012,16.1,4.9,9
05/09/2024,10:00,84,4.1,16.7,1.2,21.6,63.8,0.0,1025,474,0.001,0.003,0.004,0.001,12.9,4.0,6
05/09/2024,11:00,86,4.3,16.3,1.2,22.2,59.2,0.0,1024,459,0.001,0.002,0.003,0.000,11.8,4.1,6
05/09/2024,12:00,84,4.3,17.9,1.2,22.4,57.0,0.0,1023,385,0.001,0.001,0.002,0.000,12.0,3.8,5
05/09/2024,13:00,87,4.2,17.5,1.1,22.8,54.5,0.0,1023,526,0.000,0.001,0.001,0.000,14.0,4.4,7
05/09/2024,14:00,79,4.3,16.5,1.1,22.8,52.9,0.0,1022,377,0.002,0.002,0.004,0.000,11.9,4.4,6
05/09/2024,15:00,81,4.5,15.8,1.1,22.7,52.9,0.0,1022,284,0.000,0.001,0.001,0.000,12.9,4.4,6
05/09/2024,16:00,90,3.7,16.0,1.0,22.2,55.1,0.0,1022,108,0.002,0.003,0.005,0.000,12.4,4.2,6
05/09/2024,17:00,98,2.9,15.9,0.9,21.8,57.5,0.0,1022,22,0.000,0.002,0.002,0.000,12.7,4.3,6
05/09/2024,18:00,110,3.0,15.6,0.9,21.6,58.3,0.0,1023,0,0.001,0.013,0.014,0.006,12.9,4.2,6
05/09/2024,19:00,111,3.1,16.3,0.9,21.5,55.1,0.0,1023,0,0.003,0.016,0.019,0.008,11.6,4.0,5
05/09/2024,20:00,112,2.1,14.6,0.6,21.0,60.7,0.0,1024,0,0.000,0.006,0.006,0.003,13.3,3.9,5
05/09/2024,21:00,129,1.4,15.8,0.4,20.6,63.4,0.0,1024,0,0.000,0.003,0.003,0.004,13.6,4.2,7
05/09/2024,22:00,112,2.6,15.3,0.8,20.8,61.8,0.0,1024,0,0.000,0.005,0.005,0.004,15.1,4.5,7
05/09/2024,23:00,98,3.3,14.4,1.0,21.2,55.2,0.0,1024,0,0.000,0.002,0.002,0.000,13.5,4.5,6
06/09/2024,00:00,83,3.4,14.5,1.0,21.3,55.0,0.0,1024,0,0.000,0.001,0.001,0.000,13.7,4.8,7
06/09/2024,01:00,95,2.7,16.3,0.9,21.3,57.6,0.0,1023,0,0.000,0.001,0.002,0.000,14.5,4.8,7
06/09/2024,02:00,93,3.5,16.3,1.0,21.1,59.9,0.0,1023,0,0.000,0.001,0.001,0.000,15.9,5.2,8
06/09/2024,03:00,109,2.3,13.3,0.6,21.0,55.7,0.0,1023,0,0.000,0.001,0.001,0.000,18.0,5.2,8
06/09/2024,04:00,85,2.4,17.0,0.8,20.9,61.3,0.0,1023,0,0.000,0.001,0.001,0.000,16.1,5.3,9
06/09/2024,05:00,90,2.9,16.5,0.9,21.1,57.4,0.0,1023,0,0.000,0.001,0.001,0.000,12.9,5.1,9
06/09/2024,06:00,75,2.7,18.0,0.9,21.1,56.8,0.0,1024,25,0.004,0.004,0.009,0.000,14.0,5.1,11
06/09/2024,07:00,75,2.4,17.2,0.8,21.3,54.7,0.0,1025,93,0.001,0.001,0.002,0.000,13.3,4.9,8
06/09/2024,08:00,79,3.2,17.4,0.9,21.3,60.9,0.0,1025,162,0.000,0.003,0.004,0.000,16.5,4.9,8
06/09/2024,09:00,74,2.6,15.2,0.8,21.6,62.1,0.0,1025,242,0.001,0.001,0.003,0.000,19.5,5.6,10
06/09/2024,10:00,80,2.7,17.5,0.8,21.9,61.9,0.0,1025,287,0.000,0.001,0.001,0.000,13.8,5.4,10
06/09/2024,11:00,89,3.6,15.1,0.9,22.2,60.7,0.0,1025,469,0.003,0.001,0.004,0.000,13.8,5.3,11
06/09/2024,12:00,97,3.9,17.9,1.1,22.9,58.2,0.0,1024,609,0.000,0.001,0.001,0.000,13.3,5.4,11
06/09/2024,13:00,96,3.7,14.7,0.9,23.0,55.6,0.0,1023,560,0.000,0.001,0.001,0.000,13.0,5.3,11
06/09/2024,14:00,83,3.2,17.9,0.9,23.0,58.0,0.0,1023,428,0.003,0.002,0.005,0.000,12.5,5.3,12
06/09/2024,15:00,81,3.1,17.5,0.9,22.7,61.0,0.0,1022,286,0.003,0.005,0.008,0.000,13.5,5.5,12
06/09/2024,16:00,92,2.4,17.5,0.7,22.7,58.9,0.0,1023,145,0.004,0.002,0.006,0.000,14.2,5.8,13
06/09/2024,17:00,91,1.8,16.4,0.5,22.1,61.9,0.0,1023,38,0.000,0.002,0.002,0.000,15.2,5.8,13
06/09/2024,18:00,136,1.0,16.7,0.3,21.2,67.9,0.0,1023,1,0.001,0.010,0.012,0.000,16.8,6.3,16
06/09/2024,19:00,174,0.3,30.3,0.2,20.1,71.6,0.0,1024,1,0.008,0.022,0.030,0.000,17.1,6.2,16
06/09/2024,20:00,278,0.6,15.7,0.1,18.6,78.0,0.0,1024,1,0.006,0.019,0.025,0.000,13.6,5.7,15
06/09/2024,21:00,273,0.5,22.8,0.2,17.6,82.1,0.0,1025,1,0.003,0.015,0.018,0.000,14.2,5.8,15
06/09/2024,22:00,289,0.8,13.8,0.2,17.2,84.6,0.0,1024,1,0.003,0.012,0.016,0.000,13.9,5.7,15
06/09/2024,23:00,184,0.4,35.8,0.2,18.0,82.6,0.0,1024,1,0.002,0.010,0.013,0.000,13.1,5.7,15
07/09/2024,00:00,270,0.4,39.8,0.3,17.6,83.0,0.0,1024,1,0.002,0.008,0.010,0.000,12.6,5.6,15
07/09/2024,01:00,294,1.1,12.3,0.2,16.6,85.0,0.0,1023,1,0.001,0.008,0.009,0.000,14.2,6.2,15
07/09/2024,02:00,275,2.0,12.7,0.5,16.5,83.7,0.0,1023,2,0.000,0.004,0.005,0.000,14.9,6.7,18
07/09/2024,03:00,263,2.8,12.1,0.6,15.9,85.9,0.0,1023,1,0.000,0.003,0.003,0.000,15.4,8.1,24
07/09/2024,04:00,258,2.9,11.4,0.7,15.7,85.8,0.0,1023,0,0.001,0.003,0.003,0.000,14.4,7.6,22
07/09/2024,05:00,256,3.0,11.9,0.6,15.7,85.3,0.0,1024,1,0.001,0.005,0.006,0.000,13.7,7.3,21
07/09/2024,06:00,255,2.5,14.4,0.6,16.6,80.8,0.0,1024,41,0.002,0.005,0.007,0.000,21.6,9.2,28
07/09/2024,07:00,275,1.7,13.7,0.4,18.2,76.3,0.0,1024,260,0.001,0.004,0.005,0.001,18.9,9.7,30
07/09/2024,08:00,152,1.5,23.2,0.6,21.6,61.7,0.0,1025,514,0.006,0.011,0.017,0.009,19.5,7.6,20
07/09/2024,09:00,106,3.0,20.4,1.0,23.0,56.2,0.0,1024,727,0.017,0.019,0.036,0.016,17.4,6.4,15
07/09/2024,10:00,76,3.1,17.2,0.8,23.5,52.2,0.0,1024,856,0.001,0.002,0.002,0.001,13.1,5.6,12
07/09/2024,11:00,77,3.3,19.1,0.9,23.7,53.1,0.0,1023,639,0.003,0.003,0.005,0.000,14.0,5.9,12
07/09/2024,12:00,78,2.6,22.7,0.9,24.1,49.0,0.0,1022,615,0.004,0.008,0.012,0.000,13.5,6.0,11
07/09/2024,13:00,65,3.4,17.3,0.9,24.4,48.0,0.0,1022,902,0.000,0.001,0.001,0.000,11.3,4.9,10
07/09/2024,14:00,76,4.2,16.7,1.1,23.8,55.0,0.0,1021,687,0.005,0.004,0.008,0.000,13.0,5.4,12
07/09/2024,15:00,80,4.0,15.3,1.0,23.4,58.0,0.0,1021,474,0.000,0.001,0.002,0.000,13.9,5.3,12
07/09/2024,16:00,80,3.3,15.1,0.9,23.1,61.3,0.0,1021,242,0.001,0.001,0.001,0.000,12.9,5.2,12
07/09/2024,17:00,90,1.8,16.7,0.5,22.1,68.0,0.0,1021,39,0.000,0.001,0.001,0.000,14.7,5.4,13
07/09/2024,18:00,343,0.4,32.8,0.2,20.9,72.6,0.0,1021,1,0.000,0.002,0.002,0.000,14.1,5.6,14
07/09/2024,19:00,310,0.3,19.4,0.1,19.8,79.0,0.0,1021,1,0.001,0.006,0.007,0.000,14.4,5.7,15
07/09/2024,20:00,302,0.8,16.1,0.2,18.6,84.3,0.0,1022,1,0.001,0.011,0.012,0.000,13.2,5.5,15
07/09/2024,21:00,303,1.0,10.1,0.2,17.5,88.4,0.0,1021,1,0.003,0.013,0.016,0.000,12.7,5.3,14
07/09/2024,22:00,297,1.2,7.9,0.2,16.5,91.9,0.0,1021,1,0.000,0.008,0.008,0.000,13.6,5.5,15
07/09/2024,23:00,291,1.4,8.1,0.2,16.5,91.1,0.0,1020,1,0.001,0.007,0.008,0.000,13.7,6.0,18
08/09/2024,00:00,287,1.5,8.3,0.2,15.9,92.9,0.0,1020,1,0.001,0.006,0.007,0.000,12.4,5.9,17
08/09/2024,01:00,276,1.4,14.4,0.3,16.0,93.1,0.0,1019,2,0.001,0.007,0.007,0.000,12.0,6.1,16
08/09/2024,02:00,264,1.8,16.2,0.4,15.3,94.0,0.0,1019,1,0.000,0.005,0.005,0.000,11.7,6.1,18
08/09/2024,03:00,270,1.9,12.1,0.4,15.5,93.6,0.0,1019,1,0.001,0.004,0.005,0.000,11.2,5.7,17
08/09/2024,04:00,271,2.1,12.0,0.4,15.2,93.2,0.0,1019,1,0.001,0.005,0.006,0.000,12.0,6.4,20
08/09/2024,05:00,268,2.1,13.3,0.5,15.2,91.7,0.0,1019,1,0.002,0.005,0.007,0.000,15.9,9.8,33
08/09/2024,06:00,265,1.8,17.1,0.5,15.3,91.0,0.0,1019,90,0.003,0.006,0.009,0.000,17.8,10.8,36
08/09/2024,07:00,264,2.2,13.2,0.5,17.0,86.5,0.0,1020,301,0.001,0.003,0.004,0.000,21.2,10.1,34
08/09/2024,08:00,276,1.8,19.9,0.5,20.5,76.8,0.0,1020,445,0.001,0.002,0.003,0.001,17.2,9.8,34
08/09/2024,09:00,69,2.0,25.6,0.6,22.8,65.9,0.0,1020,701,0.000,0.001,0.001,0.001,11.9,5.3,12
08/09/2024,10:00,83,2.6,21.8,0.9,23.3,58.4,0.0,1020,881,0.001,0.002,0.004,0.000,12.8,5.9,15
08/09/2024,11:00,73,3.0,20.8,0.8,23.7,59.0,0.0,1019,895,0.001,0.002,0.004,0.000,12.3,5.9,15
08/09/2024,12:00,88,3.2,20.4,0.8,23.6,59.3,0.0,1018,944,0.004,0.005,0.009,0.000,12.7,6.0,13
08/09/2024,13:00,83,3.8,16.0,0.9,23.8,59.7,0.0,1017,726,0.004,0.003,0.007,0.000,17.5,5.1,11
08/09/2024,14:00,84,4.1,16.5,1.1,23.8,60.0,0.0,1017,690,0.003,0.002,0.005,0.000,10.8,4.3,9
08/09/2024,15:00,87,3.6,16.5,0.9,23.7,62.1,0.0,1016,480,0.006,0.002,0.008,0.000,10.4,4.4,10
08/09/2024,16:00,74,2.7,16.7,0.8,23.4,63.8,0.0,1016,255,0.000,0.000,0.000,0.000,11.7,4.6,10
08/09/2024,17:00,58,1.8,15.9,0.5,22.5,68.1,0.0,1017,39,0.000,0.000,0.001,0.000,13.1,5.0,11
08/09/2024,18:00,354,0.3,24.1,0.2,20.9,75.2,0.0,1017,1,0.000,0.002,0.002,0.000,12.5,5.0,13
08/09/2024,19:00,296,0.7,10.5,0.1,19.2,83.6,0.0,1017,1,0.001,0.009,0.010,0.000,14.7,5.3,14
08/09/2024,20:00,314,0.6,10.9,0.1,18.0,89.0,0.0,1017,1,0.006,0.014,0.019,0.000,11.8,4.8,13
08/09/2024,21:00,309,0.8,8.6,0.1,17.3,92.1,0.0,1018,1,0.006,0.011,0.017,0.000,9.8,4.6,12
08/09/2024,22:00,301,1.0,8.1,0.2,16.5,93.7,0.0,1017,1,0.003,0.008,0.012,0.000,10.6,4.7,12
08/09/2024,23:00,301,1.0,8.8,0.2,15.7,94.3,0.0,1017,1,0.002,0.006,0.008,0.000,12.6,5.2,14
09/09/2024,00:00,299,1.1,9.0,0.2,15.6,95.4,0.0,1017,2,0.001,0.004,0.005,0.000,12.3,5.3,14
09/09/2024,01:00,278,1.8,9.9,0.3,16.0,95.1,0.0,1016,3,0.000,0.004,0.004,0.000,11.8,6.0,17
09/09/2024,02:00,278,1.7,11.1,0.3,16.0,95.9,0.0,1016,2,0.000,0.004,0.004,0.000,11.0,6.0,18
09/09/2024,03:00,277,1.4,12.4,0.3,15.9,96.0,0.0,1015,1,0.001,0.004,0.005,0.000,10.2,5.8,18
09/09/2024,04:00,277,1.4,11.3,0.3,15.8,96.7,0.0,1016,1,0.004,0.009,0.013,0.000,10.1,5.2,16
09/09/2024,05:00,285,0.9,25.1,0.3,15.1,96.2,0.0,1016,2,0.014,0.012,0.026,0.000,10.7,5.1,15
09/09/2024,06:00,270,0.6,23.6,0.2,15.6,95.1,0.0,1016,69,0.036,0.013,0.048,0.001,11.6,4.9,17
09/09/2024,07:00,288,1.1,15.7,0.2,17.3,92.0,0.0,1017,271,0.024,0.017,0.040,0.001,13.5,5.3,18
09/09/2024,08:00,356,0.2,34.6,0.3,21.6,79.1,0.0,1017,536,0.005,0.008,0.013,0.001,12.6,5.5,19
09/09/2024,09:00,76,1.6,34.6,0.7,23.5,67.6,0.0,1017,737,0.011,0.012,0.023,0.001,13.5,5.3,14
09/09/2024,10:00,58,1.2,45.6,0.8,24.9,58.9,0.0,1017,896,0.009,0.010,0.019,0.000,14.4,5.2,13
09/09/2024,11:00,73,3.3,22.0,0.8,24.7,60.3,0.0,1016,926,0.001,0.003,0.004,0.000,12.2,5.1,12
09/09/2024,12:00,75,4.3,14.0,1.0,24.3,62.7,0.0,1015,941,0.001,0.002,0.003,0.000,11.8,4.8,12
09/09/2024,13:00,83,3.8,15.9,1.0,25.1,59.8,0.0,1015,683,0.005,0.005,0.010,0.000,11.0,4.7,11
09/09/2024,14:00,78,3.3,20.5,1.0,25.2,58.7,0.0,1014,286,0.003,0.006,0.010,0.000,11.3,4.7,11
09/09/2024,15:00,46,2.7,18.4,0.9,25.4,55.8,0.0,1014,447,0.001,0.002,0.003,0.000,11.8,4.7,10
09/09/2024,16:00,39,2.1,19.9,0.7,24.9,56.6,0.0,1014,247,0.004,0.002,0.005,0.000,12.5,4.5,9
09/09/2024,17:00,28,1.4,15.1,0.4,23.8,60.8,0.0,1015,39,0.000,0.001,0.001,0.000,12.0,4.4,10
09/09/2024,18:00,6,0.6,19.9,0.2,22.0,71.8,0.0,1015,1,0.000,0.005,0.005,0.000,12.8,4.9,13
09/09/2024,19:00,295,0.7,7.8,0.1,20.0,80.5,0.0,1016,1,0.010,0.015,0.025,0.000,15.8,5.3,14
09/09/2024,20:00,301,0.6,9.4,0.1,18.5,85.7,0.0,1016,1,0.023,0.017,0.040,0.000,13.3,5.1,14
09/09/2024,21:00,305,1.0,8.7,0.2,17.3,90.5,0.0,1017,1,0.010,0.011,0.021,0.000,10.7,4.7,12
09/09/2024,22:00,301,1.0,7.0,0.2,16.5,92.0,0.0,1017,1,0.003,0.009,0.012,0.000,12.1,4.9,12
09/09/2024,23:00,299,0.9,8.9,0.2,15.6,93.6,0.0,1017,1,0.004,0.009,0.012,0.000,10.7,4.9,13
10/09/2024,00:00,300,1.2,8.8,0.2,15.4,94.9,0.0,1016,1,0.004,0.008,0.012,0.000,10.9,4.8,12
10/09/2024,01:00,294,1.2,9.3,0.2,15.7,95.5,0.0,1016,1,0.005,0.009,0.014,0.000,11.0,5.0,11
10/09/2024,02:00,283,1.4,11.5,0.3,15.5,96.3,0.0,1016,2,0.006,0.009,0.015,0.000,11.2,5.3,15
10/09/2024,03:00,270,2.0,12.6,0.4,15.8,96.9,0.0,1016,2,0.001,0.006,0.007,0.000,13.1,7.7,28
10/09/2024,04:00,260,1.7,19.6,0.6,16.2,95.9,0.0,1016,1,0.001,0.005,0.006,0.000,15.5,9.0,34
10/09/2024,05:00,271,1.2,19.9,0.4,16.8,94.7,0.0,1017,1,0.011,0.011,0.021,0.000,15.1,8.7,32
10/09/2024,06:00,285,1.1,16.2,0.2,16.6,94.6,0.0,1018,88,0.016,0.011,0.028,0.000,14.0,7.8,29
10/09/2024,07:00,276,2.0,10.1,0.4,17.8,91.1,0.0,1018,305,0.006,0.008,0.014,0.000,15.4,7.3,27
10/09/2024,08:00,263,2.2,17.4,0.5,20.5,83.0,0.0,1019,481,0.004,0.006,0.010,0.002,16.4,7.6,29
10/09/2024,09:00,89,1.8,29.3,0.7,23.2,69.9,0.0,1019,530,0.002,0.004,0.006,0.004,10.7,4.8,12
10/09/2024,10:00,69,3.1,16.9,0.8,23.8,63.9,0.0,1019,792,0.001,0.001,0.002,0.001,10.2,4.0,9
10/09/2024,11:00,68,3.9,16.5,1.0,24.1,64.1,0.0,1018,653,0.001,0.002,0.003,0.000,8.8,3.8,8
10/09/2024,12:00,78,3.9,17.5,1.0,24.3,61.6,0.0,1018,901,0.002,0.003,0.005,0.000,9.1,3.8,8
10/09/2024,13:00,84,3.9,16.7,0.9,24.4,60.0,0.0,1017,851,0.005,0.004,0.009,0.000,10.2,3.8,8
10/09/2024,14:00,79,3.9,16.0,1.0,24.5,63.1,0.0,1017,685,0.000,0.001,0.001,0.000,9.8,3.8,8
10/09/2024,15:00,74,3.8,16.1,1.0,24.2,66.0,0.0,1017,479,0.000,0.001,0.001,0.000,10.9,3.9,9
10/09/2024,16:00,84,3.5,16.0,1.0,23.6,69.2,0.0,1017,244,0.001,0.003,0.004,0.000,9.6,3.9,9
10/09/2024,17:00,93,3.3,16.6,0.9,22.5,74.6,0.0,1018,36,0.000,0.001,0.001,0.000,10.3,4.2,10
10/09/2024,18:00,98,3.0,15.3,0.9,22.3,77.1,0.0,1018,0,0.000,0.001,0.001,0.000,10.9,4.6,11
10/09/2024,19:00,102,2.6,15.2,0.7,22.0,76.8,0.0,1019,0,0.000,0.002,0.002,0.000,11.6,4.6,12
10/09/2024,20:00,110,2.2,15.2,0.6,21.7,79.0,0.0,1020,0,0.000,0.003,0.003,0.000,12.9,4.6,12
10/09/2024,21:00,132,1.7,16.6,0.5,21.0,79.9,0.0,1020,0,0.000,0.004,0.004,0.002,11.8,4.7,13
10/09/2024,22:00,134,1.7,15.8,0.5,20.5,81.1,0.0,1020,0,0.000,0.003,0.003,0.002,11.4,5.1,24
10/09/2024,23:00,139,1.6,17.2,0.5,20.2,82.6,0.0,1020,0,0.000,0.006,0.006,0.003,13.3,5.6,38
11/09/2024,00:00,145,1.8,16.8,0.6,20.1,83.2,0.0,1020,0,0.000,0.007,0.008,0.002,14.2,6.0,62
11/09/2024,01:00,155,1.5,15.8,0.5,20.0,83.9,0.0,1019,1,0.000,0.006,0.006,0.001,12.6,5.2,22
11/09/2024,02:00,154,1.2,20.6,0.4,19.7,84.8,0.0,1019,0,0.000,0.008,0.008,0.001,13.7,5.5,27
11/09/2024,03:00,163,1.2,18.4,0.4,19.7,85.0,0.0,1018,1,0.000,0.007,0.008,0.000,17.8,5.8,22
11/09/2024,04:00,162,1.0,24.8,0.4,19.7,85.1,0.0,1019,1,0.001,0.010,0.011,0.000,22.0,6.4,24
11/09/2024,05:00,160,1.2,22.4,0.5,19.6,85.6,0.0,1020,2,0.009,0.014,0.023,0.000,20.0,7.0,25
11/09/2024,06:00,159,1.1,25.4,0.5,20.2,84.2,0.0,1020,76,0.004,0.012,0.016,0.000,27.2,6.2,21
11/09/2024,07:00,138,2.7,15.7,0.8,21.4,80.4,0.0,1021,208,0.005,0.011,0.016,0.001,14.6,5.1,25
11/09/2024,08:00,120,2.9,20.4,0.8,22.9,75.0,0.0,1021,351,0.029,0.018,0.047,0.019,15.7,5.4,16
11/09/2024,09:00,91,4.3,16.8,1.1,23.8,68.4,0.0,1022,586,0.001,0.003,0.004,0.004,13.6,4.7,11
11/09/2024,10:00,89,4.2,16.8,1.2,24.1,66.0,0.0,1021,532,0.001,0.003,0.004,0.001,15.5,5.1,11
11/09/2024,11:00,84,4.6,17.6,1.4,24.6,63.4,0.0,1021,670,0.002,0.003,0.005,0.001,13.9,4.6,11
11/09/2024,12:00,72,4.5,15.7,1.2,24.4,65.7,0.0,1020,890,0.000,0.001,0.001,0.000,10.5,4.4,10
11/09/2024,13:00,79,4.6,17.3,1.3,24.2,66.3,0.0,1019,853,0.000,0.001,0.001,0.000,11.3,4.3,9
11/09/2024,14:00,80,4.4,15.6,1.3,24.3,65.8,0.0,1019,681,0.000,0.001,0.001,0.000,10.7,4.3,10
11/09/2024,15:00,82,4.5,15.0,1.2,23.9,66.9,0.0,1018,463,0.000,0.001,0.001,0.000,12.2,4.4,10
11/09/2024,16:00,85,4.2,15.1,1.1,23.6,69.8,0.0,1018,236,0.001,0.003,0.004,0.000,12.6,4.6,11
11/09/2024,17:00,97,3.5,16.1,0.9,22.9,72.4,0.0,1019,38,0.000,0.001,0.001,0.000,13.7,4.7,11
11/09/2024,18:00,95,2.9,15.8,0.8,22.2,77.3,0.0,1019,0,0.000,0.003,0.003,0.000,14.7,4.9,12
11/09/2024,19:00,107,2.5,15.3,0.7,22.0,78.9,0.0,1019,0,0.000,0.001,0.001,0.000,13.6,4.8,12
11/09/2024,20:00,119,1.2,17.0,0.4,21.7,79.0,0.0,1020,0,0.000,0.003,0.003,0.000,16.1,4.7,12
11/09/2024,21:00,130,0.9,16.4,0.3,21.3,80.7,0.0,1020,1,0.000,0.008,0.008,0.001,14.4,5.0,17
11/09/2024,22:00,138,1.4,17.6,0.4,20.9,82.2,0.0,1020,0,0.000,0.003,0.004,0.001,14.7,5.0,19
11/09/2024,23:00,154,1.0,19.4,0.3,20.6,82.8,0.0,1020,1,0.000,0.007,0.007,0.001,29.5,6.4,29
12/09/2024,00:00,255,0.8,33.6,0.3,20.1,83.8,0.0,1019,1,0.001,0.006,0.007,0.001,13.3,5.1,15
12/09/2024,01:00,283,1.3,10.3,0.2,19.3,86.6,0.0,1019,1,0.001,0.006,0.007,0.001,11.7,5.4,13
12/09/2024,02:00,284,1.2,20.0,0.2,19.2,86.8,0.0,1018,0,0.001,0.006,0.006,0.001,12.9,6.3,21
12/09/2024,03:00,271,1.8,10.6,0.4,18.6,88.3,0.0,1017,0,0.000,0.003,0.003,0.001,13.1,6.8,22
12/09/2024,04:00,278,2.1,10.9,0.4,18.0,90.1,0.0,1018,1,0.001,0.005,0.006,0.000,13.4,6.6,21
12/09/2024,05:00,275,1.7,11.9,0.3,17.9,90.5,0.0,1018,2,0.004,0.010,0.015,0.000,15.7,7.2,24
12/09/2024,06:00,270,2.3,12.4,0.5,18.1,88.8,0.0,1018,89,0.006,0.009,0.015,0.000,23.3,12.8,50
12/09/2024,07:00,280,1.7,16.0,0.4,19.9,83.7,0.0,1018,301,0.006,0.009,0.016,0.001,30.5,15.1,57
12/09/2024,08:00,103,2.1,22.2,0.7,22.7,74.2,0.0,1018,525,0.003,0.004,0.007,0.003,16.0,6.3,17
12/09/2024,09:00,81,2.9,18.7,0.8,23.3,69.2,0.0,1018,691,0.001,0.003,0.004,0.001,12.3,4.5,13
12/09/2024,10:00,88,3.7,18.4,0.9,23.6,67.2,0.0,1017,797,0.003,0.006,0.009,0.001,11.2,4.4,10
12/09/2024,11:00,73,3.2,18.2,0.8,24.2,61.4,0.0,1017,936,0.000,0.001,0.001,0.000,10.1,4.2,9
12/09/2024,12:00,84,3.5,20.9,0.9,24.6,60.9,0.0,1016,900,0.003,0.001,0.005,0.000,9.8,4.2,9
12/09/2024,13:00,80,3.7,16.6,1.0,24.8,60.3,0.0,1015,752,0.009,0.004,0.012,0.000,10.3,4.1,9
12/09/2024,14:00,81,3.9,15.7,0.9,24.9,60.3,0.0,1014,420,0.000,0.002,0.002,0.000,9.9,4.3,11
12/09/2024,15:00,51,2.5,21.4,0.9,25.3,56.3,0.0,1013,443,0.004,0.007,0.011,0.000,10.8,4.1,10
12/09/2024,16:00,25,2.0,19.4,0.8,24.8,58.1,0.0,1013,236,0.005,0.004,0.009,0.000,11.1,4.3,9
12/09/2024,17:00,30,1.4,17.0,0.5,23.4,67.0,0.0,1014,36,0.000,0.000,0.000,0.000,10.3,4.3,10
12/09/2024,18:00,30,1.2,17.8,0.4,22.1,76.1,0.0,1014,1,0.000,0.000,0.001,0.000,11.3,4.3,11
12/09/2024,19:00,340,0.5,18.0,0.2,21.3,81.2,0.0,1015,1,0.000,0.003,0.003,0.000,14.6,4.8,13
12/09/2024,20:00,287,0.3,23.5,0.1,20.6,84.3,0.0,1015,1,0.007,0.009,0.015,0.000,13.4,4.9,14
12/09/2024,21:00,280,0.5,17.7,0.1,20.2,85.5,0.0,1015,2,0.011,0.013,0.024,0.000,11.5,4.6,13
12/09/2024,22:00,252,2.1,11.2,0.5,20.7,84.9,0.0,1015,1,0.001,0.005,0.005,0.000,11.5,4.6,13
12/09/2024,23:00,264,1.5,11.9,0.3,20.3,87.7,0.2,1015,0,0.000,0.003,0.003,0.000,10.5,4.6,13
13/09/2024,00:00,280,0.9,20.5,0.2,19.7,92.0,0.0,1014,0,0.000,0.004,0.004,0.000,12.2,4.6,13
13/09/2024,01:00,265,1.5,14.2,0.4,19.5,92.9,0.0,1014,0,0.001,0.004,0.004,0.000,13.9,4.7,13
13/09/2024,02:00,259,2.0,8.5,0.3,19.4,91.9,0.0,1014,0,0.001,0.005,0.006,0.000,13.2,4.5,13
13/09/2024,03:00,261,1.6,11.4,0.3,19.6,90.4,0.0,1013,0,0.001,0.005,0.006,0.000,14.4,5.0,15
13/09/2024,04:00,248,2.2,13.9,0.5,20.0,86.6,0.0,1014,0,0.001,0.005,0.006,0.000,12.5,5.7,18
13/09/2024,05:00,267,1.8,15.0,0.5,19.6,87.7,0.0,1014,1,0.002,0.007,0.008,0.000,11.7,5.6,18
13/09/2024,06:00,236,2.4,19.8,0.8,20.1,82.4,0.0,1015,41,0.002,0.004,0.006,0.000,11.6,6.1,20
13/09/2024,07:00,223,2.5,17.5,0.7,20.2,81.6,0.0,1015,153,0.002,0.004,0.005,0.000,12.0,6.2,20
13/09/2024,08:00,229,2.7,19.0,0.8,20.5,80.1,0.0,1015,146,0.001,0.003,0.004,0.000,12.5,6.6,23
13/09/2024,09:00,211,3.1,16.2,0.9,21.3,75.6,0.0,1015,320,0.001,0.003,0.004,0.000,12.0,7.1,24
13/09/2024,10:00,207,3.7,22.4,1.3,23.1,60.4,0.0,1014,752,0.005,0.007,0.012,0.007,14.4,7.4,24
13/09/2024,11:00,177,3.7,22.0,1.2,24.1,55.9,0.0,1014,868,0.002,0.005,0.007,0.001,27.1,8.4,28
13/09/2024,12:00,153,3.2,21.9,1.2,24.3,54.2,0.0,1014,980,0.007,0.008,0.015,0.001,17.8,8.0,26
13/09/2024,13:00,137,2.5,25.8,1.1,25.0,51.0,0.0,1013,761,0.002,0.005,0.007,0.000,13.5,7.2,23
13/09/2024,14:00,79,4.5,16.7,1.2,23.5,69.3,0.0,1013,328,0.000,0.002,0.002,0.000,12.7,6.3,20
13/09/2024,15:00,89,4.5,16.2,1.3,22.9,70.7,0.0,1013,240,0.005,0.008,0.013,0.000,13.6,5.9,18
13/09/2024,16:00,97,4.7,18.4,1.4,22.4,70.0,0.0,1014,179,0.000,0.001,0.001,0.000,20.7,7.4,22
13/09/2024,17:00,108,4.3,18.2,1.3,22.0,69.4,0.0,1015,39,0.000,0.004,0.004,0.001,21.1,7.2,20
13/09/2024,18:00,124,3.9,18.5,1.3,21.6,67.1,0.0,1016,0,0.005,0.013,0.018,0.007,16.0,5.6,14
13/09/2024,19:00,132,3.0,19.1,0.9,21.2,67.2,0.0,1017,0,0.001,0.007,0.008,0.009,17.9,5.5,12
13/09/2024,20:00,131,3.1,19.0,1.0,20.9,66.9,0.0,1017,0,0.000,0.005,0.005,0.004,17.2,5.3,11
13/09/2024,21:00,137,3.9,17.5,1.2,20.1,64.8,0.0,1018,0,0.000,0.005,0.005,0.000,14.7,4.7,11
13/09/2024,22:00,134,3.3,17.0,1.0,19.3,66.8,0.0,1018,0,0.000,0.007,0.007,0.000,15.1,5.5,14
13/09/2024,23:00,128,2.7,18.5,0.9,18.9,66.8,0.0,1018,0,0.000,0.007,0.007,0.000,14.4,5.6,13
14/09/2024,00:00,137,1.9,23.2,0.7,18.4,68.1,0.0,1018,0,0.000,0.010,0.010,0.000,16.4,6.1,14
14/09/2024,01:00,159,2.5,20.8,0.9,18.0,68.3,0.0,1017,0,0.000,0.003,0.004,0.000,16.1,6.2,11
14/09/2024,02:00,159,3.2,19.7,1.1,17.8,68.9,0.0,1017,0,0.001,0.006,0.007,0.000,22.6,6.2,11
14/09/2024,03:00,157,3.5,16.4,1.1,17.7,70.6,0.0,1017,1,0.003,0.010,0.012,0.000,28.3,7.0,13
14/09/2024,04:00,156,3.7,17.6,1.2,17.4,71.2,0.0,1017,0,0.002,0.007,0.009,0.000,23.1,6.5,12
14/09/2024,05:00,159,3.3,18.4,1.0,17.2,71.1,0.0,1018,2,0.003,0.009,0.012,0.000,25.7,6.2,11
14/09/2024,06:00,155,3.3,19.0,1.1,17.2,70.1,0.0,1018,95,0.001,0.004,0.005,0.000,15.0,5.0,8
14/09/2024,07:00,151,3.4,21.0,1.2,18.4,66.9,0.0,1019,327,0.002,0.007,0.009,0.000,14.2,5.4,13
14/09/2024,08:00,143,3.9,20.6,1.2,20.0,61.0,0.0,1019,562,0.004,0.010,0.014,0.000,14.9,5.2,11
14/09/2024,09:00,122,4.9,18.5,1.6,21.4,54.5,0.0,1018,776,0.001,0.002,0.002,0.000,15.0,4.9,8
14/09/2024,10:00,124,4.4,21.1,1.5,22.3,49.9,0.0,1018,915,0.001,0.002,0.004,0.001,14.2,4.6,7
14/09/2024,11:00,106,3.5,23.1,1.1,22.9,47.2,0.0,1017,973,0.009,0.008,0.017,0.003,14.5,4.6,8
14/09/2024,12:00,74,4.9,17.3,1.4,23.4,47.9,0.0,1016,941,0.001,0.002,0.003,0.001,14.3,4.6,7
14/09/2024,13:00,74,5.0,16.3,1.4,23.1,51.6,0.0,1015,837,0.001,0.002,0.003,0.000,14.6,5.0,8
14/09/2024,14:00,77,5.0,17.2,1.3,23.0,50.4,0.0,1015,694,0.002,0.002,0.004,0.000,15.5,5.2,9
14/09/2024,15:00,80,4.5,17.1,1.4,22.6,55.2,0.0,1015,480,0.001,0.002,0.003,0.000,15.5,5.4,10
14/09/2024,16:00,85,4.5,17.7,1.2,22.1,59.2,0.0,1015,239,0.000,0.001,0.001,0.000,16.0,5.6,9
14/09/2024,17:00,98,4.2,16.5,1.3,21.5,61.6,0.0,1015,40,0.000,0.001,0.001,0.000,17.8,5.6,9
14/09/2024,18:00,106,3.9,16.3,1.1,21.2,60.8,0.0,1016,0,0.000,0.001,0.001,0.000,16.1,5.2,9
14/09/2024,19:00,108,3.3,18.0,1.1,21.1,62.4,0.0,1017,0,0.000,0.003,0.003,0.001,17.3,5.0,8
14/09/2024,20:00,117,3.5,18.9,1.2,20.8,64.9,0.0,1017,0,0.001,0.013,0.015,0.006,17.1,5.2,9
14/09/2024,21:00,133,2.5,17.0,0.8,20.1,67.6,0.0,1017,0,0.001,0.009,0.010,0.005,17.1,5.6,12
14/09/2024,22:00,153,1.8,19.1,0.6,19.2,70.4,0.0,1017,0,0.000,0.006,0.007,0.001,16.6,5.8,15
14/09/2024,23:00,161,1.4,19.3,0.5,18.6,72.4,0.0,1017,1,0.000,0.006,0.006,0.000,13.7,4.9,10
15/09/2024,00:00,170,1.9,19.0,0.7,18.4,72.3,0.0,1017,1,0.000,0.004,0.005,0.000,17.7,5.3,9
15/09/2024,01:00,166,1.7,25.0,0.8,18.1,71.6,0.0,1016,1,0.000,0.003,0.004,0.000,16.7,5.4,9
15/09/2024,02:00,215,1.2,32.9,0.6,17.4,73.4,0.0,1016,1,0.001,0.006,0.006,0.000,17.3,5.5,11
15/09/2024,03:00,260,1.4,28.1,0.5,16.1,78.8,0.0,1016,1,0.000,0.003,0.004,0.000,11.6,5.0,11
15/09/2024,04:00,259,1.7,16.5,0.5,15.3,80.6,0.0,1016,1,0.000,0.003,0.003,0.000,12.0,4.9,10
15/09/2024,05:00,262,3.6,9.3,0.6,14.4,83.5,0.0,1016,2,0.001,0.003,0.004,0.000,12.2,5.2,11
15/09/2024,06:00,266,3.6,9.7,0.7,14.8,81.5,0.0,1016,92,0.001,0.004,0.005,0.000,13.1,6.0,14
15/09/2024,07:00,269,2.7,14.8,0.7,16.9,72.8,0.0,1017,319,0.001,0.002,0.003,0.000,17.4,6.6,16
15/09/2024,08:00,174,1.5,26.8,0.7,20.2,61.2,0.0,1017,556,0.005,0.005,0.011,0.000,15.0,5.9,14
15/09/2024,09:00,136,2.8,19.9,0.9,22.0,49.9,0.0,1017,760,0.004,0.005,0.008,0.000,12.9,5.1,10
15/09/2024,10:00,83,2.3,29.8,1.0,23.1,43.8,0.0,1016,899,0.009,0.013,0.022,0.008,11.3,4.5,8
15/09/2024,11:00,63,4.2,16.1,1.0,23.1,47.3,0.0,1015,959,0.002,0.007,0.009,0.004,14.3,5.0,8
15/09/2024,12:00,63,4.1,17.9,1.0,23.3,46.1,0.0,1015,944,0.001,0.003,0.004,0.000,10.5,4.3,7
15/09/2024,13:00,76,3.8,16.1,1.0,23.6,47.2,0.0,1014,855,0.005,0.006,0.012,0.000,10.5,4.1,7
15/09/2024,14:00,77,3.8,16.1,1.0,23.5,51.5,0.0,1014,697,0.002,0.002,0.004,0.000,10.0,4.0,7
15/09/2024,15:00,84,4.2,15.7,1.0,23.0,55.8,0.0,1014,479,0.001,0.001,0.002,0.000,10.4,4.1,7
15/09/2024,16:00,81,3.2,16.1,0.8,22.6,58.4,0.0,1014,238,0.000,0.001,0.001,0.000,10.8,3.8,7
15/09/2024,17:00,71,2.4,15.7,0.8,21.9,61.7,0.0,1015,38,0.000,0.001,0.001,0.000,10.9,3.9,7
15/09/2024,18:00,85,2.0,15.7,0.6,21.3,68.3,0.0,1016,1,0.000,0.001,0.001,0.000,12.2,4.4,9
15/09/2024,19:00,94,1.5,17.2,0.5,21.3,69.3,0.0,1016,2,0.000,0.002,0.003,0.000,12.3,4.4,10
15/09/2024,20:00,277,0.4,20.9,0.2,19.9,74.0,0.0,1017,1,0.003,0.016,0.019,0.000,13.5,4.7,11
15/09/2024,21:00,299,1.2,8.9,0.2,17.1,84.0,0.0,1017,1,0.001,0.013,0.013,0.000,12.2,4.6,11
15/09/2024,22:00,294,1.4,8.0,0.3,16.4,86.8,0.0,1017,1,0.000,0.009,0.009,0.000,13.9,4.8,11
15/09/2024,23:00,285,1.9,9.0,0.3,16.3,86.8,0.0,1017,1,0.000,0.007,0.007,0.000,11.3,4.8,11
16/09/2024,00:00,273,1.9,12.8,0.5,16.1,86.4,0.0,1017,1,0.001,0.007,0.007,0.000,12.6,6.0,16
16/09/2024,01:00,270,2.2,19.3,0.7,16.2,82.8,0.0,1017,1,0.000,0.004,0.004,0.000,13.5,6.8,19
16/09/2024,02:00,184,1.6,31.6,0.9,18.1,73.8,0.0,1017,1,0.000,0.004,0.004,0.000,18.1,6.5,17
16/09/2024,03:00,168,2.4,23.6,1.0,18.8,72.1,0.0,1016,0,0.001,0.005,0.005,0.000,18.0,5.7,14
16/09/2024,04:00,159,2.3,19.7,0.8,18.2,74.3,0.0,1017,1,0.000,0.003,0.004,0.000,16.9,5.7,15
16/09/2024,05:00,149,2.2,19.7,0.8,17.4,78.0,0.0,1017,2,0.002,0.014,0.016,0.000,16.2,6.2,22
16/09/2024,06:00,151,2.0,23.9,0.8,17.3,78.6,0.0,1018,72,0.003,0.017,0.020,0.000,13.8,6.6,25
16/09/2024,07:00,157,3.3,20.2,1.2,18.3,72.5,0.0,1019,178,0.003,0.006,0.009,0.000,22.2,7.3,20
16/09/2024,08:00,136,4.2,20.1,1.5,19.2,66.0,0.0,1020,299,0.004,0.009,0.013,0.000,25.9,8.1,18
16/09/2024,09:00,134,3.9,20.2,1.3,19.7,62.0,0.0,1020,426,0.003,0.009,0.012,0.000,27.2,7.6,17
16/09/2024,10:00,131,4.2,17.8,1.3,20.2,59.2,0.0,1020,453,0.008,0.006,0.014,0.000,22.6,6.9,14
16/09/2024,11:00,129,3.8,21.6,1.2,21.1,55.1,0.0,1019,871,0.001,0.002,0.003,0.000,18.2,6.1,12
16/09/2024,12:00,85,3.7,20.8,1.2,22.6,53.3,0.0,1019,775,0.010,0.007,0.017,0.002,19.1,6.0,13
16/09/2024,13:00,76,4.8,16.3,1.3,22.7,53.9,0.0,1018,879,0.001,0.001,0.003,0.000,21.9,7.9,20
16/09/2024,14:00,79,4.6,17.1,1.2,22.4,56.7,0.0,1018,700,0.004,0.005,0.009,0.000,22.4,7.0,15
16/09/2024,15:00,86,4.4,17.9,1.2,22.1,59.2,0.0,1017,485,0.000,0.001,0.001,0.000,21.6,6.8,14
16/09/2024,16:00,86,4.0,16.8,1.1,21.5,60.6,0.0,1017,245,0.008,0.005,0.013,0.000,21.8,8.2,15
16/09/2024,17:00,94,3.5,14.5,1.1,20.8,63.3,0.0,1018,40,0.000,0.002,0.002,0.000,21.7,6.7,14
16/09/2024,18:00,98,3.2,15.4,1.0,20.5,62.5,0.0,1019,0,0.000,0.001,0.001,0.000,20.6,6.5,14
16/09/2024,19:00,112,2.4,16.7,0.8,20.3,64.1,0.0,1019,0,0.000,0.005,0.005,0.001,19.4,6.3,14
16/09/2024,20:00,134,1.8,17.9,0.6,19.9,65.4,0.0,1020,0,0.003,0.015,0.018,0.006,20.9,7.0,18
16/09/2024,21:00,141,1.5,19.7,0.5,19.2,66.1,0.0,1021,0,0.000,0.008,0.008,0.002,21.5,7.0,18
16/09/2024,22:00,154,1.3,18.6,0.4,18.6,64.6,0.0,1021,1,0.000,0.010,0.010,0.000,26.5,7.1,16
16/09/2024,23:00,171,1.6,23.6,0.6,18.7,60.8,0.0,1020,1,0.001,0.005,0.006,0.000,23.8,6.4,12
17/09/2024,00:00,203,1.4,37.4,0.7,18.4,62.0,0.0,1020,1,0.001,0.005,0.006,0.000,24.6,6.3,12
17/09/2024,01:00,254,1.8,25.2,0.6,16.9,68.5,0.0,1019,1,0.000,0.003,0.003,0.000,16.9,6.5,13
17/09/2024,02:00,261,2.9,11.9,0.6,15.7,72.9,0.0,1019,1,0.000,0.001,0.002,0.000,16.2,6.1,12
17/09/2024,03:00,262,2.5,12.6,0.6,15.4,73.1,0.0,1018,1,0.001,0.003,0.004,0.000,15.1,6.1,12
17/09/2024,04:00,261,3.4,10.2,0.7,14.9,74.2,0.0,1019,0,0.001,0.003,0.004,0.000,17.9,8.7,23
17/09/2024,05:00,223,3.0,21.6,1.0,16.5,69.1,0.0,1019,1,0.003,0.008,0.011,0.003,24.2,12.0,33
17/09/2024,06:00,199,2.1,28.8,1.1,17.3,67.3,0.0,1019,67,0.006,0.013,0.019,0.001,27.8,9.4,23
17/09/2024,07:00,171,2.4,23.6,0.9,18.2,65.0,0.0,1020,219,0.011,0.016,0.026,0.000,38.5,9.1,20
17/09/2024,08:00,161,3.0,21.1,1.0,19.2,58.3,0.0,1020,323,0.002,0.005,0.007,0.000,23.5,5.7,11
17/09/2024,09:00,143,2.7,20.6,1.1,20.6,52.4,0.0,1020,528,0.004,0.005,0.009,0.000,21.9,5.4,11
17/09/2024,10:00,123,3.5,17.1,0.9,21.3,45.3,0.0,1020,537,0.007,0.004,0.011,0.002,14.4,5.3,12
17/09/2024,11:00,100,3.0,22.0,1.0,21.9,43.4,0.0,1020,607,0.009,0.014,0.023,0.011,15.3,6.4,17
17/09/2024,12:00,71,4.3,15.2,1.1,21.7,48.9,0.0,1019,685,0.003,0.005,0.008,0.002,13.9,6.9,16
17/09/2024,13:00,70,3.6,16.1,0.9,22.2,47.3,0.0,1018,652,0.002,0.005,0.007,0.000,12.8,5.3,12
17/09/2024,14:00,74,3.5,17.6,1.0,22.9,43.5,0.0,1018,633,0.003,0.004,0.007,0.000,13.2,5.3,11
17/09/2024,15:00,79,3.6,15.9,0.9,23.0,32.9,0.0,1018,413,0.000,0.002,0.003,0.000,8.9,4.0,8
17/09/2024,16:00,85,2.7,14.7,0.7,22.0,39.8,0.0,1018,141,0.002,0.002,0.005,0.000,12.3,5.9,14
17/09/2024,17:00,90,2.0,15.1,0.6,21.0,56.3,0.0,1019,21,0.000,0.003,0.004,0.000,12.3,5.6,13
17/09/2024,18:00,83,2.1,16.2,0.7,20.6,68.0,0.0,1019,0,0.000,0.001,0.001,0.000,12.1,4.6,10
17/09/2024,19:00,73,1.4,16.8,0.4,20.6,70.4,0.0,1020,1,0.000,0.001,0.001,0.000,12.4,4.5,9
17/09/2024,20:00,87,1.5,14.9,0.5,20.6,69.5,0.0,1020,1,0.000,0.001,0.001,0.000,12.3,4.3,9
17/09/2024,21:00,95,1.2,17.1,0.4,20.8,67.7,0.0,1020,1,0.000,0.002,0.002,0.000,11.4,4.3,8
17/09/2024,22:00,297,0.2,23.5,0.2,19.8,68.3,0.0,1020,1,0.000,0.006,0.006,0.000,10.8,4.1,8
17/09/2024,23:00,283,1.5,9.1,0.3,17.2,80.0,0.0,1020,1,0.000,0.007,0.007,0.000,12.8,4.4,9
18/09/2024,00:00,272,2.0,10.0,0.4,16.3,83.2,0.0,1020,1,0.002,0.005,0.007,0.000,11.0,4.6,10
18/09/2024,01:00,275,2.0,10.7,0.4,15.9,83.9,0.0,1019,1,0.001,0.005,0.005,0.000,12.3,4.9,10
18/09/2024,02:00,267,2.8,11.7,0.6,15.6,82.6,0.0,1018,1,0.000,0.004,0.004,0.000,11.9,5.2,12
18/09/2024,03:00,266,2.5,12.3,0.5,15.7,77.1,0.0,1018,1,0.001,0.004,0.004,0.000,13.6,6.4,16
18/09/2024,04:00,267,2.5,12.9,0.5,14.5,79.7,0.0,1018,2,0.001,0.004,0.006,0.000,15.3,7.8,21
18/09/2024,05:00,260,2.5,14.4,0.6,14.2,80.0,0.0,1018,4,0.002,0.007,0.009,0.000,16.9,10.8,32
18/09/2024,06:00,263,2.9,13.2,0.6,14.5,78.9,0.0,1019,95,0.004,0.008,0.012,0.001,23.2,14.2,44
18/09/2024,07:00,267,2.4,15.0,0.5,17.1,73.2,0.0,1019,329,0.005,0.009,0.015,0.001,40.6,19.4,60
18/09/2024,08:00,138,0.9,28.1,0.8,20.6,68.2,0.0,1020,524,0.004,0.008,0.011,0.001,19.2,9.3,26
18/09/2024,09:00,91,3.0,18.3,0.9,22.1,63.8,0.0,1019,758,0.007,0.012,0.019,0.005,14.2,5.0,11
18/09/2024,10:00,80,3.8,19.4,1.0,22.7,61.9,0.0,1019,888,0.002,0.006,0.008,0.001,12.3,4.4,9
18/09/2024,11:00,68,4.0,16.4,1.1,22.7,61.4,0.0,1018,933,0.001,0.002,0.003,0.000,11.3,4.2,9
18/09/2024,12:00,75,4.2,17.7,1.1,22.8,62.5,0.0,1018,900,0.004,0.002,0.006,0.000,10.3,4.1,8
18/09/2024,13:00,83,4.3,16.0,1.1,23.0,60.6,0.0,1017,867,0.009,0.004,0.014,0.000,12.2,4.8,9
18/09/2024,14:00,81,4.0,18.0,1.1,22.9,62.5,0.0,1016,738,0.001,0.003,0.004,0.000,12.0,4.2,9
18/09/2024,15:00,81,3.9,16.4,1.1,22.7,64.1,0.0,1016,465,0.006,0.007,0.013,0.000,12.0,4.6,9
18/09/2024,16:00,68,3.0,16.0,1.0,22.6,62.5,0.0,1016,251,0.002,0.001,0.002,0.000,11.8,4.3,9
18/09/2024,17:00,65,2.4,17.0,0.8,21.7,63.7,0.0,1016,33,0.000,0.000,0.001,0.000,11.9,4.3,9
18/09/2024,18:00,49,1.0,23.6,0.4,21.0,67.9,0.0,1017,1,0.000,0.001,0.001,0.000,14.0,4.3,9
18/09/2024,19:00,46,0.4,32.1,0.2,20.6,70.7,0.0,1017,1,0.000,0.006,0.006,0.000,13.8,4.3,10
18/09/2024,20:00,292,0.3,31.3,0.1,20.1,72.5,0.0,1017,1,0.016,0.020,0.036,0.001,16.6,4.8,11
18/09/2024,21:00,295,0.5,16.2,0.1,18.7,78.2,0.0,1017,1,0.039,0.023,0.062,0.001,14.9,5.0,15
18/09/2024,22:00,293,0.7,10.8,0.1,18.0,80.3,0.0,1017,1,0.021,0.018,0.039,0.000,16.9,5.3,16
18/09/2024,23:00,302,1.0,8.1,0.2,17.0,84.1,0.0,1017,1,0.003,0.011,0.013,0.000,15.8,4.7,11
19/09/2024,00:00,299,1.0,11.0,0.2,16.6,85.8,0.0,1016,1,0.004,0.011,0.015,0.000,15.1,4.5,11
19/09/2024,01:00,298,1.1,8.7,0.2,16.7,85.7,0.0,1016,1,0.000,0.004,0.004,0.000,12.8,5.3,14
19/09/2024,02:00,294,1.2,7.5,0.2,16.8,85.4,0.0,1015,1,0.000,0.004,0.005,0.000,15.4,8.1,24
19/09/2024,03:00,275,1.4,12.0,0.3,16.7,85.7,0.0,1014,1,0.001,0.005,0.006,0.000,15.6,8.2,24
19/09/2024,04:00,270,1.3,14.0,0.3,16.8,85.9,0.0,1014,1,0.001,0.007,0.008,0.000,16.7,9.4,29
19/09/2024,05:00,269,1.2,14.7,0.3,16.8,85.9,0.0,1015,2,0.004,0.011,0.015,0.000,17.1,8.5,26
19/09/2024,06:00,268,1.9,13.5,0.4,16.9,85.6,0.0,1015,59,0.005,0.012,0.016,0.000,20.1,8.1,24
19/09/2024,07:00,269,1.7,13.8,0.4,19.1,80.1,0.0,1016,240,0.010,0.011,0.021,0.001,31.1,7.4,20
19/09/2024,08:00,31,0.9,35.2,0.5,22.6,71.3,0.0,1016,355,0.011,0.011,0.022,0.002,32.4,6.3,15
19/09/2024,09:00,12,2.0,25.9,0.8,23.9,63.1,0.0,1015,581,0.005,0.003,0.008,0.001,12.1,3.9,7
19/09/2024,10:00,357,1.5,32.7,0.9,25.1,55.7,0.0,1015,792,0.003,0.007,0.010,0.001,11.7,4.1,7
19/09/2024,11:00,9,2.6,23.5,1.0,25.7,52.1,0.0,1014,902,0.023,0.021,0.043,0.001,22.2,6.6,18
19/09/2024,12:00,20,2.8,19.2,0.9,26.2,43.9,0.0,1013,864,0.004,0.006,0.010,0.000,12.4,4.0,6
19/09/2024,13:00,26,2.4,24.0,0.9,27.1,36.2,0.0,1012,651,0.005,0.007,0.012,0.000,13.3,3.8,6
19/09/2024,14:00,7,2.4,22.6,1.0,26.8,36.1,0.0,1011,584,0.009,0.013,0.022,0.000,18.2,4.6,8
19/09/2024,15:00,14,2.2,22.9,0.9,26.1,54.9,0.0,1010,507,0.004,0.005,0.009,0.000,18.1,4.6,8
19/09/2024,16:00,10,2.1,23.2,0.9,24.6,62.8,0.0,1010,169,0.003,0.008,0.011,0.001,22.6,5.0,10
19/09/2024,17:00,359,2.1,23.2,0.9,22.9,68.4,0.0,1011,42,0.001,0.005,0.006,0.000,14.4,4.7,9
19/09/2024,18:00,358,1.6,27.6,0.7,22.2,72.8,0.0,1011,0,0.000,0.000,0.001,0.000,13.1,4.7,10
19/09/2024,19:00,355,1.4,27.8,0.7,21.9,76.9,0.0,1011,0,0.000,0.000,0.000,0.000,14.8,5.1,11
19/09/2024,20:00,353,1.1,25.1,0.5,21.7,78.7,0.0,1012,0,0.000,0.001,0.001,0.000,13.4,5.0,12
19/09/2024,21:00,349,0.9,27.8,0.4,21.2,81.6,0.0,1012,0,0.000,0.001,0.002,0.001,13.9,4.9,12
19/09/2024,22:00,2,0.6,38.8,0.3,20.9,84.2,0.0,1012,1,0.000,0.002,0.002,0.004,13.2,4.7,12
19/09/2024,23:00,341,1.1,34.0,0.6,20.7,86.8,0.0,1011,1,0.000,0.002,0.002,0.003,13.0,4.7,11
20/09/2024,00:00,53,0.3,41.9,0.3,20.5,88.5,0.0,1011,0,0.000,0.002,0.002,0.003,12.9,4.8,12
20/09/2024,01:00,203,0.1,56.4,0.3,20.2,89.6,0.0,1010,0,0.000,0.002,0.002,0.001,12.9,4.7,7
20/09/2024,02:00,302,0.7,21.0,0.3,20.2,87.7,0.0,1010,0,0.000,0.002,0.002,0.001,11.7,4.5,9
20/09/2024,03:00,302,1.1,17.8,0.3,18.9,89.4,0.0,1009,0,0.001,0.004,0.005,0.000,12.5,4.5,11
20/09/2024,04:00,297,1.1,13.0,0.2,17.8,93.6,0.0,1010,0,0.006,0.009,0.015,0.000,11.0,4.4,10
20/09/2024,05:00,310,0.6,17.5,0.2,16.9,93.8,0.0,1010,4,0.028,0.009,0.038,0.001,11.7,4.4,11
20/09/2024,06:00,300,0.7,26.3,0.2,17.3,94.2,0.0,1011,91,0.040,0.012,0.052,0.001,13.8,4.7,14
20/09/2024,07:00,293,0.7,27.9,0.3,20.6,85.2,0.0,1011,323,0.009,0.008,0.017,0.001,14.6,4.8,13
20/09/2024,08:00,306,0.9,41.0,0.5,23.8,71.4,0.0,1011,537,0.003,0.004,0.007,0.002,17.6,5.2,14
20/09/2024,09:00,342,1.3,36.0,0.7,25.6,64.4,0.0,1011,759,0.001,0.003,0.004,0.001,17.0,5.2,13
20/09/2024,10:00,355,1.9,31.4,0.8,27.4,57.3,0.0,1010,884,0.001,0.004,0.005,0.001,21.8,5.7,13
20/09/2024,11:00,316,2.1,27.8,0.9,28.6,50.6,0.0,1009,945,0.004,0.005,0.010,0.003,16.3,5.7,14
20/09/2024,12:00,347,1.6,35.5,1.0,29.0,52.3,0.0,1008,692,0.005,0.010,0.015,0.001,24.0,6.2,15
20/09/2024,13:00,8,2.1,23.3,0.9,28.2,55.6,0.0,1007,586,0.007,0.010,0.017,0.001,25.3,6.1,16
20/09/2024,14:00,22,2.3,21.6,0.9,28.6,54.2,0.0,1006,491,0.008,0.009,0.017,0.001,23.1,5.9,15
20/09/2024,15:00,356,2.1,23.0,1.0,27.1,64.2,0.0,1006,157,0.005,0.007,0.012,0.001,21.9,6.1,17
20/09/2024,16:00,359,2.1,26.3,1.0,24.8,74.6,0.0,1006,75,0.008,0.005,0.012,0.001,18.7,6.3,19
20/09/2024,17:00,17,1.4,32.5,0.7,24.2,76.9,0.0,1007,12,0.000,0.001,0.001,0.001,20.5,6.5,19
20/09/2024,18:00,18,1.7,20.7,0.6,23.2,82.1,0.0,1007,0,0.000,0.001,0.001,0.000,19.9,7.1,20
20/09/2024,19:00,5,1.3,23.3,0.5,22.4,85.4,0.0,1008,1,0.000,0.001,0.001,0.000,17.7,6.7,20
20/09/2024,20:00,8,1.1,30.6,0.5,22.4,87.0,0.0,1008,0,0.000,0.001,0.001,0.000,18.1,6.6,19
20/09/2024,21:00,13,0.9,34.1,0.5,22.5,87.2,0.0,1009,0,0.000,0.001,0.001,0.000,17.9,6.7,19
20/09/2024,22:00,346,1.1,31.3,0.6,22.3,87.0,0.0,1009,0,0.000,0.001,0.001,0.001,15.5,6.0,18
20/09/2024,23:00,342,0.9,34.8,0.5,22.0,88.2,0.0,1008,0,0.000,0.001,0.001,0.001,14.5,5.7,16
21/09/2024,00:00,327,0.9,37.2,0.5,22.1,87.4,0.0,1008,0,0.000,0.001,0.001,0.001,14.5,5.6,15
21/09/2024,01:00,349,0.6,25.8,0.2,22.1,88.1,0.0,1008,0,0.000,0.001,0.001,0.001,14.3,5.6,10
21/09/2024,02:00,304,0.3,31.9,0.2,21.7,89.8,0.0,1008,0,0.001,0.002,0.003,0.001,13.4,5.5,14
21/09/2024,03:00,290,0.4,35.7,0.2,20.6,91.7,0.0,1007,0,0.002,0.005,0.007,0.001,13.5,5.3,15
21/09/2024,04:00,309,0.5,25.1,0.2,19.5,94.1,0.0,1008,1,0.010,0.005,0.016,0.001,12.9,5.1,13
21/09/2024,05:00,298,0.5,40.3,0.3,19.5,94.6,0.0,1008,3,0.022,0.007,0.029,0.001,14.5,5.2,16
21/09/2024,06:00,304,0.3,35.2,0.2,20.0,93.4,0.0,1008,94,0.033,0.008,0.041,0.001,17.4,5.4,17
21/09/2024,07:00,1,0.9,30.7,0.4,23.0,83.5,0.0,1009,200,0.004,0.006,0.010,0.001,19.8,6.0,19
21/09/2024,08:00,277,2.3,24.1,0.8,24.5,69.6,0.0,1010,502,0.001,0.002,0.003,0.001,38.6,10.1,33
21/09/2024,09:00,269,2.0,22.9,0.8,25.8,58.6,0.0,1009,776,0.001,0.002,0.004,0.001,38.9,11.5,35
21/09/2024,10:00,275,2.4,24.9,1.0,28.0,44.5,0.0,1009,911,0.001,0.003,0.004,0.001,75.6,13.0,34
21/09/2024,11:00,274,3.1,25.8,1.0,29.9,23.9,0.0,1007,961,0.003,0.004,0.007,0.001,60.4,13.9,39
21/09/2024,12:00,276,3.3,25.4,1.1,30.9,19.7,0.0,1006,933,0.000,0.001,0.002,0.000,30.1,14.1,42
21/09/2024,13:00,262,3.7,24.5,1.3,31.0,15.9,0.0,1006,855,0.000,0.001,0.002,0.000,63.7,14.9,42
21/09/2024,14:00,272,3.9,24.9,1.5,31.3,12.9,0.0,1005,718,0.000,0.001,0.002,0.000,50.1,7.8,17
21/09/2024,15:00,251,3.2,18.3,1.1,31.2,12.2,0.0,1005,506,0.000,0.001,0.002,0.000,21.6,6.6,17
21/09/2024,16:00,260,2.8,20.0,0.9,31.1,11.9,0.0,1005,264,0.000,0.002,0.002,0.000,22.0,7.1,17
21/09/2024,17:00,258,1.6,14.3,0.4,29.8,13.4,0.0,1006,44,0.001,0.009,0.010,0.000,20.6,7.6,21
21/09/2024,18:00,264,1.1,10.5,0.2,26.0,17.5,0.0,1007,0,0.004,0.021,0.025,0.000,20.8,8.0,22
21/09/2024,19:00,252,1.5,13.7,0.3,25.3,16.5,0.0,1008,0,0.006,0.016,0.022,0.000,18.6,7.1,19
21/09/2024,20:00,252,2.1,12.9,0.4,25.1,15.9,0.0,1009,1,0.004,0.018,0.022,0.000,21.4,7.5,21
21/09/2024,21:00,250,2.1,12.2,0.4,24.7,15.9,0.0,1010,0,0.005,0.017,0.023,0.000,24.1,8.3,24
21/09/2024,22:00,245,2.6,12.7,0.6,24.4,16.8,0.0,1010,0,0.003,0.012,0.014,0.000,19.7,8.0,24
21/09/2024,23:00,253,4.3,11.3,0.8,23.3,18.9,0.0,1010,0,0.001,0.003,0.004,0.000,24.7,11.1,35
22/09/2024,00:00,262,3.2,10.9,0.6,22.3,20.9,0.0,1010,0,0.000,0.003,0.003,0.000,23.9,11.7,37
22/09/2024,01:00,277,1.8,25.3,0.4,21.1,23.9,0.0,1010,0,0.000,0.007,0.007,0.000,25.2,13.5,42
22/09/2024,02:00,312,1.0,17.2,0.3,18.0,30.7,0.0,1010,0,0.008,0.012,0.020,0.000,22.4,12.9,39
22/09/2024,03:00,280,0.6,41.4,0.3,17.8,31.7,0.0,1010,0,0.003,0.011,0.015,0.000,31.8,21.1,67
22/09/2024,04:00,283,0.8,27.2,0.3,17.6,32.2,0.0,1011,0,0.003,0.013,0.015,0.000,38.5,27.6,93
22/09/2024,05:00,256,2.8,10.6,0.5,18.7,28.9,0.0,1012,3,0.003,0.008,0.012,0.001,38.1,26.9,91
22/09/2024,06:00,262,2.2,16.7,0.5,18.2,31.2,0.0,1013,104,0.006,0.010,0.016,0.001,34.8,24.2,84
22/09/2024,07:00,262,2.7,12.8,0.6,19.7,29.8,0.0,1014,294,0.002,0.005,0.006,0.002,55.3,23.4,77
22/09/2024,08:00,185,2.2,29.3,0.9,22.8,23.7,0.0,1014,524,0.007,0.013,0.020,0.011,77.7,18.6,52
22/09/2024,09:00,158,3.2,23.2,1.1,24.4,21.2,0.0,1014,727,0.003,0.007,0.010,0.002,39.4,12.0,35
22/09/2024,10:00,148,2.9,22.7,1.0,25.9,18.7,0.0,1014,834,0.002,0.004,0.006,0.002,27.6,12.6,41
22/09/2024,11:00,178,1.3,36.7,0.9,27.5,17.7,0.0,1013,936,0.004,0.011,0.015,0.003,34.5,17.6,56
22/09/2024,12:00,63,3.3,16.5,1.0,27.4,23.2,0.0,1012,921,0.002,0.006,0.008,0.002,37.2,14.3,40
22/09/2024,13:00,79,3.9,16.5,1.1,26.8,26.3,0.0,1011,837,0.005,0.003,0.007,0.001,16.7,9.0,26
22/09/2024,14:00,72,3.3,16.7,0.9,26.4,27.6,0.0,1011,685,0.005,0.004,0.009,0.001,14.4,6.7,18
22/09/2024,15:00,55,2.2,21.1,0.7,26.9,31.0,0.0,1011,483,0.004,0.003,0.007,0.001,17.1,8.3,23
22/09/2024,16:00,88,3.0,15.4,0.8,24.9,44.6,0.0,1012,256,0.002,0.007,0.009,0.001,19.8,7.2,16
22/09/2024,17:00,95,1.8,16.7,0.5,22.9,55.7,0.0,1013,37,0.000,0.001,0.001,0.000,14.9,4.8,11
22/09/2024,18:00,298,0.5,13.5,0.2,20.7,64.5,0.0,1014,1,0.001,0.009,0.010,0.000,17.2,5.7,15
22/09/2024,19:00,304,0.8,8.5,0.1,19.1,71.5,0.0,1015,2,0.007,0.015,0.022,0.000,13.0,5.8,16
22/09/2024,20:00,301,1.0,7.1,0.2,17.2,78.1,0.0,1015,2,0.013,0.023,0.036,0.000,23.8,7.1,20
22/09/2024,21:00,300,1.3,7.6,0.3,16.5,80.1,0.0,1016,3,0.000,0.016,0.016,0.000,17.0,6.8,18
22/09/2024,22:00,300,1.2,8.3,0.2,16.8,80.7,0.0,1016,2,0.000,0.015,0.016,0.000,16.6,7.0,20
22/09/2024,23:00,297,1.2,8.6,0.3,17.0,83.0,0.0,1016,1,0.000,0.010,0.010,0.000,17.5,7.4,21
23/09/2024,00:00,275,1.3,14.6,0.4,17.7,85.8,0.0,1015,1,0.000,0.008,0.009,0.000,17.9,8.6,24
23/09/2024,01:00,275,2.4,10.5,0.5,17.2,81.9,0.0,1015,0,0.000,0.003,0.004,0.001,34.7,25.6,92
23/09/2024,02:00,273,2.5,10.2,0.5,16.2,79.9,0.0,1015,0,0.000,0.004,0.005,0.000,34.1,25.4,83
23/09/2024,03:00,270,2.2,11.4,0.5,16.2,76.4,0.0,1015,0,0.001,0.004,0.005,0.000,37.8,29.0,95
23/09/2024,04:00,269,2.1,11.8,0.4,15.8,73.8,0.0,1016,0,0.001,0.004,0.005,0.000,40.2,31.0,100
23/09/2024,05:00,273,2.4,14.6,0.6,15.0,77.5,0.0,1017,5,0.003,0.011,0.014,0.000,40.6,29.8,96
23/09/2024,06:00,276,1.7,27.2,0.5,16.3,78.7,0.0,1017,112,0.003,0.009,0.012,0.000,40.4,29.6,99
23/09/2024,07:00,180,1.4,30.8,0.6,20.7,75.3,0.0,1017,339,0.003,0.009,0.012,0.001,30.0,17.0,57
23/09/2024,08:00,152,2.6,21.4,0.9,22.2,71.6,0.0,1018,490,0.003,0.007,0.009,0.000,19.0,8.7,29
23/09/2024,09:00,110,3.5,19.1,1.0,23.6,65.1,0.0,1018,664,0.008,0.013,0.021,0.008,17.5,8.2,26
23/09/2024,10:00,94,3.4,21.5,1.1,24.8,57.2,0.0,1018,917,0.012,0.015,0.027,0.011,19.6,8.5,25
23/09/2024,11:00,69,4.4,16.4,1.2,24.7,60.9,0.0,1017,984,0.001,0.003,0.003,0.001,15.2,6.5,18
23/09/2024,12:00,73,4.7,15.6,1.3,24.7,59.7,0.0,1016,972,0.001,0.005,0.006,0.001,14.4,6.5,17
23/09/2024,13:00,75,4.5,16.9,1.3,24.4,63.7,0.0,1016,877,0.001,0.004,0.005,0.001,13.8,6.3,17
23/09/2024,14:00,85,4.5,16.1,1.3,23.9,67.2,0.0,1016,712,0.001,0.002,0.003,0.001,16.3,6.3,18
23/09/2024,15:00,78,4.2,15.3,1.2,23.7,69.5,0.0,1016,495,0.000,0.002,0.002,0.000,14.1,6.1,18
23/09/2024,16:00,78,3.6,16.4,1.0,23.3,70.6,0.0,1017,247,0.001,0.001,0.002,0.000,14.2,5.8,18
23/09/2024,17:00,81,3.3,15.7,1.0,22.7,69.7,0.0,1018,44,0.000,0.001,0.001,0.000,13.5,5.4,14
23/09/2024,18:00,85,2.2,16.6,0.7,22.3,71.9,0.0,1018,0,0.000,0.000,0.000,0.000,14.1,5.1,13
23/09/2024,19:00,96,1.7,14.6,0.5,21.9,75.0,0.0,1018,0,0.000,0.002,0.002,0.000,14.7,5.2,14
23/09/2024,20:00,95,1.8,16.3,0.6,21.9,70.3,0.0,1019,1,0.000,0.001,0.001,0.000,15.4,5.4,14
23/09/2024,21:00,99,1.0,23.6,0.4,21.7,70.8,0.0,1019,1,0.000,0.003,0.003,0.000,13.4,5.3,14
23/09/2024,22:00,133,0.2,58.3,0.2,20.7,74.0,0.0,1019,2,0.002,0.013,0.015,0.000,14.7,5.5,15
23/09/2024,23:00,29,0.4,51.5,0.3,20.7,74.0,0.0,1019,2,0.001,0.009,0.010,0.000,13.3,5.5,15
24/09/2024,00:00,173,0.2,45.5,0.2,20.1,74.6,0.0,1018,1,0.002,0.009,0.011,0.000,13.9,5.4,14
24/09/2024,01:00,300,1.0,10.7,0.2,17.3,84.7,0.0,1018,1,0.003,0.011,0.015,0.000,11.9,5.4,14
24/09/2024,02:00,285,1.6,8.6,0.2,16.6,89.2,0.0,1018,1,0.000,0.005,0.006,0.000,13.0,6.7,19
24/09/2024,03:00,270,2.0,11.4,0.5,16.5,89.4,0.0,1018,1,0.000,0.005,0.005,0.000,16.4,9.1,29
24/09/2024,04:00,277,2.2,8.9,0.4,15.9,90.2,0.0,1018,1,0.001,0.006,0.007,0.000,16.5,9.8,32
24/09/2024,05:00,267,2.0,14.9,0.5,16.3,87.2,0.0,1018,5,0.004,0.009,0.014,0.000,18.3,11.5,39
24/09/2024,06:00,275,2.2,9.8,0.4,16.2,85.2,0.0,1019,138,0.005,0.009,0.014,0.000,30.5,15.9,54
24/09/2024,07:00,140,1.1,22.6,0.5,19.9,69.9,0.0,1019,318,0.019,0.011,0.030,0.004,29.7,11.7,35
24/09/2024,08:00,106,3.2,17.9,0.9,22.0,60.2,0.0,1019,282,,,,,,,
24/09/2024,09:00,93,4.1,16.8,1.1,22.4,61.3,0.0,1019,478,,,,,,,
24/09/2024,10:00,82,4.5,19.0,1.2,23.0,57.6,0.0,1019,844,,,,,,,
24/09/2024,11:00,74,4.7,16.5,1.3,23.3,54.8,0.0,1018,1007,0.007,0.003,0.009,,10.6,4.6,8
24/09/2024,12:00,74,4.4,15.7,1.2,23.4,52.8,0.0,1018,956,,,,,,,
24/09/2024,13:00,71,4.2,18.2,1.2,23.5,56.9,0.0,1017,586,0.002,0.005,0.007,0.000,13.2,5.0,9
24/09/2024,14:00,77,4.9,16.5,1.3,23.5,59.4,0.0,1016,725,0.001,0.004,0.005,0.000,13.3,5.3,10
24/09/2024,15:00,69,4.1,17.0,1.2,23.3,55.6,0.0,1016,419,0.002,0.002,0.004,0.000,11.7,5.4,10
24/09/2024,16:00,84,3.8,17.2,1.0,22.7,59.3,0.0,1016,200,0.006,0.002,0.008,0.000,13.2,5.6,12
24/09/2024,17:00,96,3.3,17.1,0.9,22.4,62.9,0.0,1017,40,0.000,0.001,0.001,0.000,12.6,5.8,12
24/09/2024,18:00,72,2.5,17.2,0.9,22.2,60.1,0.0,1017,0,0.000,0.000,0.000,0.000,12.5,5.9,13
24/09/2024,19:00,87,2.1,15.5,0.6,22.1,63.3,0.0,1018,0,0.000,0.001,0.001,0.000,14.2,6.2,13
24/09/2024,20:00,84,2.6,16.0,0.8,22.0,57.9,0.0,1018,0,0.000,0.001,0.001,0.000,16.6,6.2,13
24/09/2024,21:00,88,2.4,15.8,0.7,21.8,57.1,0.0,1018,1,0.000,0.000,0.001,0.000,13.6,5.7,12
24/09/2024,22:00,107,2.2,13.7,0.6,21.5,58.8,0.0,1018,0,0.000,0.002,0.002,0.000,13.2,5.7,11
24/09/2024,23:00,97,2.0,12.8,0.5,21.6,58.7,0.0,1018,0,0.000,0.001,0.001,0.000,12.6,5.5,11
25/09/2024,00:00,102,2.4,13.9,0.7,21.4,59.2,0.0,1017,0,0.000,0.002,0.002,0.000,16.2,5.6,11
25/09/2024,01:00,66,2.0,17.5,0.6,21.3,58.4,0.0,1016,0,0.000,0.001,0.001,0.000,13.1,5.2,9
25/09/2024,02:00,72,0.7,25.6,0.3,21.3,61.5,0.0,1017,0,0.000,0.001,0.001,0.000,12.0,5.1,9
25/09/2024,03:00,71,1.3,18.1,0.5,21.2,61.8,0.0,1017,1,0.000,0.001,0.001,0.000,11.6,5.2,10
25/09/2024,04:00,61,1.8,18.6,0.6,21.0,60.0,0.0,1017,1,0.000,0.000,0.000,0.000,12.6,5.2,9
25/09/2024,05:00,73,1.1,20.8,0.4,21.1,58.5,0.0,1017,5,0.000,0.001,0.001,0.000,12.4,5.3,9
25/09/2024,06:00,103,0.8,21.1,0.2,21.5,59.0,0.0,1018,70,0.002,0.007,0.008,0.000,13.4,5.4,11
25/09/2024,07:00,98,1.8,24.7,0.5,22.3,56.6,0.0,1018,404,0.006,0.009,0.015,0.000,18.3,6.1,12
25/09/2024,08:00,89,2.8,17.5,0.8,23.1,51.0,0.0,1018,496,0.003,0.007,0.010,0.000,15.5,5.6,10
25/09/2024,09:00,87,4.0,16.2,1.0,23.7,48.1,0.0,1018,737,0.002,0.005,0.007,0.000,12.3,5.5,10
25/09/2024,10:00,88,4.3,17.5,1.1,23.9,48.2,0.0,1017,937,0.008,0.003,0.011,0.000,13.3,5.7,10
25/09/2024,11:00,87,4.6,18.1,1.2,24.0,49.1,0.0,1016,1007,0.000,0.000,0.000,0.000,13.2,5.7,9
25/09/2024,12:00,85,4.7,15.7,1.2,24.0,49.6,0.0,1015,951,0.005,0.003,0.008,0.000,13.2,5.5,9
25/09/2024,13:00,82,4.4,17.2,1.2,24.2,48.3,0.0,1014,916,0.004,0.003,0.007,0.000,13.2,5.5,9
25/09/2024,14:00,90,4.3,16.8,1.1,23.9,49.5,0.0,1014,661,0.008,0.003,0.012,0.000,12.8,5.4,9
25/09/2024,15:00,88,3.5,17.4,0.9,23.7,50.3,0.0,1014,444,0.000,0.000,0.000,0.000,13.8,5.4,9
25/09/2024,16:00,81,2.4,20.6,0.8,23.8,50.8,0.0,1014,254,0.000,0.002,0.002,0.000,13.0,5.5,10
25/09/2024,17:00,62,2.5,15.4,0.7,23.0,56.5,0.0,1015,48,0.000,0.000,0.000,0.000,12.7,5.3,9
25/09/2024,18:00,51,1.2,20.1,0.4,21.8,62.8,0.0,1015,1,0.000,0.001,0.001,0.000,12.5,5.1,10
25/09/2024,19:00,11,0.5,32.2,0.3,20.9,66.0,0.0,1016,1,0.002,0.009,0.010,0.000,15.5,5.6,11
25/09/2024,20:00,302,0.6,21.9,0.2,20.0,70.3,0.0,1016,1,0.028,0.024,0.052,0.000,18.8,6.0,13
25/09/2024,21:00,297,0.6,17.7,0.1,18.8,75.6,0.0,1016,1,0.016,0.021,0.037,0.000,16.1,5.8,13
25/09/2024,22:00,298,0.9,10.3,0.2,16.8,82.2,0.0,1015,1,0.002,0.014,0.016,0.000,14.3,5.7,12
25/09/2024,23:00,298,1.3,11.3,0.2,15.5,87.2,0.0,1015,1,0.004,0.014,0.018,0.000,16.3,6.0,12
26/09/2024,00:00,297,1.5,8.9,0.3,15.4,88.0,0.0,1015,1,0.001,0.011,0.012,0.000,16.1,6.3,13
26/09/2024,01:00,281,1.9,8.8,0.3,16.1,84.2,0.0,1014,1,0.000,0.007,0.007,0.000,14.7,7.1,14
26/09/2024,02:00,281,1.8,8.7,0.3,16.0,84.1,0.0,1014,1,0.000,0.007,0.007,0.000,14.4,7.1,15
26/09/2024,03:00,277,1.5,10.8,0.3,15.5,85.8,0.0,1014,1,0.001,0.010,0.011,0.000,15.5,8.1,19
26/09/2024,04:00,304,0.7,21.0,0.2,14.7,88.0,0.0,1014,1,0.007,0.013,0.020,0.000,15.9,8.4,19
26/09/2024,05:00,286,1.1,15.3,0.2,14.2,89.4,0.0,1014,6,0.024,0.015,0.039,0.000,16.3,8.7,22
26/09/2024,06:00,286,1.1,13.3,0.3,15.3,86.5,0.0,1014,128,0.008,0.012,0.020,0.000,21.3,9.8,23
26/09/2024,07:00,296,1.2,16.5,0.3,19.1,75.7,0.0,1015,359,0.011,0.013,0.024,0.000,24.9,9.4,22
26/09/2024,08:00,15,1.8,29.8,0.7,23.2,62.4,0.0,1015,589,0.001,0.003,0.005,0.001,22.3,7.0,14
26/09/2024,09:00,16,2.0,29.9,0.9,24.5,55.4,0.0,1014,782,0.007,0.010,0.017,0.000,17.7,6.8,14
26/09/2024,10:00,355,1.5,36.6,0.8,25.6,48.3,0.0,1014,898,0.004,0.006,0.010,0.000,16.7,6.8,14
26/09/2024,11:00,323,1.5,43.2,0.9,26.6,42.7,0.0,1013,928,0.001,0.002,0.003,0.000,16.3,7.2,14
26/09/2024,12:00,20,2.0,38.8,0.9,27.1,43.4,0.0,1012,917,0.003,0.006,0.009,0.000,19.6,7.4,15
26/09/2024,13:00,21,2.5,24.0,0.9,27.4,42.4,0.0,1011,767,0.004,0.007,0.011,0.000,20.1,7.7,15
26/09/2024,14:00,15,2.7,22.4,1.0,27.2,47.1,0.0,1010,656,0.004,0.007,0.011,0.000,20.6,7.7,16
26/09/2024,15:00,43,3.2,21.3,1.1,25.4,58.7,0.0,1010,436,0.000,0.001,0.002,0.000,17.2,6.6,14
26/09/2024,16:00,35,2.5,17.9,0.8,24.8,60.8,0.0,1010,202,0.000,0.001,0.001,0.000,16.2,6.7,15
26/09/2024,17:00,12,1.9,21.7,0.7,23.6,62.7,0.0,1010,31,0.000,0.002,0.002,0.000,19.5,7.2,16
26/09/2024,18:00,357,1.2,22.8,0.5,22.5,67.3,0.0,1011,1,0.000,0.000,0.001,0.000,16.6,6.9,16
26/09/2024,19:00,352,0.8,24.4,0.3,21.9,71.9,0.0,1012,1,0.000,0.000,0.000,0.000,14.5,6.7,16
26/09/2024,20:00,106,0.2,34.4,0.2,21.3,75.4,0.0,1012,0,0.002,0.005,0.007,0.000,17.9,7.2,17
26/09/2024,21:00,123,0.5,21.9,0.1,20.9,79.0,0.0,1012,1,0.003,0.007,0.010,0.000,22.2,7.6,19
26/09/2024,22:00,92,0.5,19.2,0.2,21.1,79.3,0.0,1012,1,0.000,0.003,0.003,0.000,21.8,7.6,19
26/09/2024,23:00,287,0.6,24.3,0.2,21.6,79.1,0.0,1011,0,0.000,0.003,0.004,0.000,20.1,7.7,21
27/09/2024,00:00,281,1.3,19.9,0.5,21.9,80.7,0.1,1012,0,0.000,0.001,0.002,0.000,19.5,7.6,19
27/09/2024,01:00,233,1.6,14.0,0.4,21.0,87.0,0.1,1011,0,0.000,0.001,0.002,0.000,15.4,7.3,15
27/09/2024,02:00,303,0.7,17.7,0.2,20.6,90.0,0.0,1011,0,0.000,0.003,0.003,0.000,14.3,7.1,18
27/09/2024,03:00,306,0.4,24.6,0.2,20.9,88.1,0.0,1010,1,0.000,0.004,0.004,0.000,14.6,7.0,19
27/09/2024,04:00,278,0.5,27.0,0.3,21.1,87.0,0.0,1010,1,0.000,0.004,0.004,0.000,14.7,7.3,21
27/09/2024,05:00,286,0.5,25.6,0.2,21.0,87.9,0.0,1011,3,0.001,0.008,0.010,0.000,16.1,7.8,23
27/09/2024,06:00,196,0.5,32.8,0.3,21.5,85.9,0.0,1011,47,0.006,0.011,0.017,0.000,17.1,8.6,28
27/09/2024,07:00,241,1.8,24.3,0.5,22.2,82.0,0.0,1012,189,0.002,0.005,0.007,0.000,21.2,8.7,25
27/09/2024,08:00,230,3.2,19.2,1.0,22.5,76.7,0.0,1012,311,0.002,0.003,0.005,0.000,19.6,9.9,27
27/09/2024,09:00,225,3.3,20.1,1.0,23.5,71.7,0.0,1013,649,0.001,0.002,0.003,0.000,16.3,10.4,28
27/09/2024,10:00,227,2.6,29.9,1.1,24.9,62.7,0.0,1012,809,0.001,0.002,0.003,0.000,27.2,11.3,29
27/09/2024,11:00,217,3.0,25.4,1.2,26.5,52.4,0.0,1011,566,0.001,0.003,0.004,0.002,61.4,12.5,29
27/09/2024,12:00,228,2.8,31.8,1.2,27.5,48.5,0.0,1011,890,0.001,0.002,0.002,0.000,29.7,9.7,24
27/09/2024,13:00,237,3.3,26.1,1.1,27.7,43.6,0.0,1010,702,0.001,0.002,0.003,0.001,24.0,10.1,27
27/09/2024,14:00,256,2.9,22.9,1.3,28.5,36.9,0.0,1009,662,0.001,0.002,0.003,0.000,78.9,12.0,23
27/09/2024,15:00,254,2.9,25.2,1.1,28.8,34.1,0.0,1009,435,0.000,0.002,0.002,0.000,22.3,8.6,21
27/09/2024,16:00,258,2.7,21.4,0.9,28.6,32.8,0.0,1009,237,0.001,0.002,0.003,0.000,131.2,13.5,28
27/09/2024,17:00,260,1.8,16.4,0.5,27.3,35.0,0.0,1010,48,0.000,0.004,0.004,0.000,19.2,7.1,17
27/09/2024,18:00,249,1.5,13.9,0.4,25.6,36.9,0.0,1011,0,0.000,0.007,0.007,0.000,12.8,6.6,16
27/09/2024,19:00,191,0.4,36.0,0.3,23.8,49.2,0.0,1012,0,0.003,0.019,0.022,0.000,16.6,7.6,22
27/09/2024,20:00,239,0.5,43.0,0.3,21.3,65.9,0.0,1013,1,0.012,0.023,0.035,0.000,16.5,8.3,21
27/09/2024,21:00,278,1.1,15.5,0.3,20.3,72.2,0.0,1014,2,0.008,0.022,0.030,0.000,15.5,8.0,18
27/09/2024,22:00,308,1.0,27.0,0.4,18.4,72.5,0.0,1014,2,0.000,0.006,0.007,0.000,13.4,8.4,21
27/09/2024,23:00,292,0.6,53.3,0.3,18.5,81.4,0.0,1013,1,0.000,0.010,0.010,0.000,15.4,9.5,24
28/09/2024,00:00,270,1.0,37.2,0.5,19.4,68.0,0.0,1013,1,0.000,0.006,0.007,0.000,14.2,10.1,27
28/09/2024,01:00,178,1.6,33.1,0.8,20.6,59.7,0.0,1013,0,0.001,0.006,0.007,0.000,29.7,9.9,21
28/09/2024,02:00,186,1.4,41.3,0.9,19.9,64.5,0.0,1013,1,0.000,0.005,0.006,0.000,20.7,8.6,20
28/09/2024,03:00,268,0.9,29.2,0.5,18.1,59.2,0.0,1013,1,0.000,0.004,0.005,0.000,18.5,7.8,18
28/09/2024,04:00,275,2.0,11.0,0.4,16.8,62.2,0.0,1013,1,0.001,0.006,0.007,0.000,11.6,6.9,16
28/09/2024,05:00,273,1.2,25.8,0.4,16.4,62.5,0.0,1014,7,0.002,0.009,0.010,0.000,11.9,6.5,14
28/09/2024,06:00,268,2.6,11.0,0.5,16.5,63.6,0.0,1014,137,0.002,0.005,0.007,0.000,11.4,6.2,14
28/09/2024,07:00,267,2.8,15.2,0.6,19.2,58.1,0.0,1015,378,0.002,0.003,0.005,0.000,37.4,7.8,15
28/09/2024,08:00,270,1.9,34.3,0.7,21.7,53.0,0.0,1015,614,0.001,0.002,0.003,0.001,12.3,5.8,13
28/09/2024,09:00,157,1.1,40.6,0.6,23.8,48.0,0.0,1015,817,0.001,0.004,0.005,0.002,14.4,5.8,12
28/09/2024,10:00,267,1.4,42.2,0.8,25.2,39.6,0.0,1014,942,0.000,0.002,0.002,0.001,11.5,4.5,9
28/09/2024,11:00,234,1.6,37.5,1.1,26.1,35.7,0.0,1013,1010,0.000,0.001,0.001,0.000,13.0,4.5,8
28/09/2024,12:00,295,2.4,32.1,1.3,27.3,32.3,0.0,1012,948,0.000,0.001,0.001,0.000,23.7,5.4,11
28/09/2024,13:00,294,4.4,20.6,1.4,28.0,28.5,0.0,1010,864,0.001,0.001,0.002,0.000,19.6,5.7,12
28/09/2024,14:00,142,0.5,29.8,1.1,26.4,41.4,0.0,1010,657,0.001,0.002,0.003,0.001,16.9,5.3,11
28/09/2024,15:00,219,3.8,21.3,1.3,27.9,26.7,0.0,1010,391,0.001,0.001,0.002,0.000,15.4,5.1,9
28/09/2024,16:00,249,2.8,23.7,1.1,27.3,27.9,0.0,1010,238,0.001,0.002,0.002,0.000,20.8,5.0,9
28/09/2024,17:00,236,2.6,21.1,0.9,26.6,28.8,0.0,1011,49,0.000,0.003,0.003,0.000,10.8,3.7,6
28/09/2024,18:00,225,1.3,17.4,0.5,25.1,31.7,0.0,1012,0,0.001,0.006,0.006,0.000,10.8,3.5,5
28/09/2024,19:00,139,2.2,14.7,0.6,22.6,64.0,0.0,1013,0,0.000,0.007,0.007,0.002,14.5,5.1,12
28/09/2024,20:00,215,0.3,20.1,0.2,21.2,75.7,0.0,1014,1,0.001,0.016,0.017,0.001,17.8,6.0,16
28/09/2024,21:00,289,0.9,14.0,0.2,19.7,80.1,0.0,1014,1,0.004,0.018,0.022,0.001,13.2,5.5,12
28/09/2024,22:00,292,1.3,13.7,0.3,18.5,82.9,0.0,1014,1,0.002,0.012,0.014,0.001,12.3,5.1,11
28/09/2024,23:00,299,1.3,13.3,0.3,16.8,87.7,0.0,1014,1,0.001,0.009,0.010,0.000,12.9,5.5,12
29/09/2024,00:00,274,1.9,9.8,0.4,16.6,84.0,0.0,1013,2,0.003,0.015,0.018,0.000,15.1,6.3,14
29/09/2024,01:00,279,1.9,18.4,0.4,16.3,81.2,0.0,1012,1,0.005,0.015,0.020,0.001,14.5,6.8,15
29/09/2024,02:00,301,0.9,14.5,0.2,14.5,87.9,0.0,1012,1,0.009,0.013,0.022,0.000,14.7,6.7,15
29/09/2024,03:00,278,2.1,9.6,0.3,14.9,82.9,0.0,1012,1,0.002,0.012,0.014,0.000,13.6,6.8,16
29/09/2024,04:00,282,1.4,28.8,0.3,14.4,81.9,0.0,1012,1,0.004,0.011,0.016,0.000,13.3,7.1,17
29/09/2024,05:00,280,2.2,9.9,0.3,14.3,80.0,0.0,1012,8,0.006,0.012,0.019,0.000,14.8,7.6,17
29/09/2024,06:00,316,0.9,21.1,0.2,15.6,75.5,0.0,1013,151,0.005,0.010,0.014,0.000,14.4,7.5,17
29/09/2024,07:00,266,1.3,27.2,0.4,20.6,57.2,0.0,1014,397,0.005,0.006,0.010,0.001,21.8,5.8,11
29/09/2024,08:00,231,2.5,20.3,0.7,22.9,44.9,0.0,1014,636,0.001,0.002,0.002,0.000,54.2,5.8,6
29/09/2024,09:00,236,2.5,29.4,1.1,24.3,42.7,0.0,1014,828,0.001,0.002,0.003,0.000,124.4,9.3,6
29/09/2024,10:00,251,1.6,36.2,1.0,26.3,38.9,0.0,1013,953,0.000,0.001,0.001,0.000,6.6,2.5,3
29/09/2024,11:00,38,0.5,31.5,1.0,27.2,37.6,0.0,1012,1006,0.001,0.003,0.004,0.001,9.1,3.1,5
29/09/2024,12:00,42,1.2,36.5,0.8,28.4,34.6,0.0,1011,934,0.002,0.005,0.007,0.001,12.5,3.6,5
29/09/2024,13:00,35,2.8,23.0,0.9,28.1,39.2,0.0,1010,898,0.000,0.003,0.003,0.001,10.2,3.5,6
29/09/2024,14:00,44,3.2,19.5,1.1,27.6,39.8,0.0,1010,725,0.001,0.003,0.004,0.001,9.8,3.2,5
29/09/2024,15:00,35,2.6,20.2,0.8,27.3,40.8,0.0,1009,519,0.000,0.001,0.002,0.001,7.9,2.9,4
29/09/2024,16:00,47,2.2,18.2,0.7,27.0,42.7,0.0,1010,278,0.002,0.002,0.004,0.001,9.7,3.2,5
29/09/2024,17:00,86,3.1,15.2,0.8,24.4,58.7,0.0,1011,53,0.000,0.001,0.001,0.001,11.0,4.1,8
29/09/2024,18:00,69,1.4,20.3,0.4,23.0,64.7,0.0,1012,0,0.000,0.001,0.001,0.000,11.8,5.1,10
29/09/2024,19:00,299,0.6,12.2,0.1,21.6,70.7,0.0,1013,2,0.003,0.015,0.018,0.000,19.4,6.7,15
29/09/2024,20:00,296,0.9,6.0,0.2,20.3,75.2,0.0,1014,1,0.004,0.016,0.020,0.000,21.0,6.8,14
29/09/2024,21:00,299,0.7,14.5,0.2,19.8,77.3,0.0,1014,2,0.011,0.021,0.032,0.000,18.5,6.0,13
29/09/2024,22:00,307,1.0,10.9,0.2,18.6,81.5,0.0,1014,3,0.005,0.016,0.022,0.000,19.1,5.8,12
29/09/2024,23:00,307,1.0,10.7,0.2,17.6,85.5,0.0,1014,2,0.004,0.014,0.018,0.000,17.6,5.8,12
30/09/2024,00:00,294,1.4,10.6,0.3,18.0,84.5,0.0,1013,2,0.001,0.012,0.013,0.000,13.9,5.7,12
30/09/2024,01:00,288,1.4,10.3,0.3,18.1,83.1,0.0,1013,1,0.001,0.008,0.009,0.000,15.4,6.5,13
30/09/2024,02:00,297,0.9,11.3,0.2,17.6,85.2,0.0,1012,2,0.004,0.013,0.018,0.000,15.4,6.4,14
30/09/2024,03:00,299,1.3,11.5,0.3,17.0,87.3,0.0,1012,1,0.002,0.010,0.012,0.000,15.7,6.6,15
30/09/2024,04:00,300,1.3,12.0,0.3,16.0,90.5,0.0,1012,1,0.001,0.007,0.008,0.000,13.8,6.6,16
30/09/2024,05:00,290,1.3,12.9,0.3,16.1,89.9,0.0,1013,7,0.006,0.013,0.019,0.000,15.9,7.5,18
30/09/2024,06:00,284,1.6,14.3,0.4,18.0,83.6,0.0,1014,145,0.006,0.012,0.018,0.000,20.3,10.3,26
30/09/2024,07:00,126,1.0,24.1,0.6,21.3,74.2,0.0,1015,387,0.014,0.015,0.028,0.001,21.3,9.6,25
30/09/2024,08:00,128,2.3,20.9,0.8,22.6,70.6,0.0,1015,623,0.020,0.017,0.037,0.012,15.4,7.0,16
30/09/2024,09:00,63,2.4,25.6,0.6,23.6,70.1,0.0,1015,812,0.007,0.012,0.019,0.010,17.2,7.5,18
30/09/2024,10:00,77,2.8,19.3,0.6,24.4,66.3,0.0,1014,948,0.011,0.018,0.030,0.013,17.1,7.3,17
30/09/2024,11:00,77,3.6,15.8,0.8,25.3,61.7,0.0,1013,802,0.004,0.010,0.014,0.009,13.3,6.0,13
30/09/2024,12:00,76,3.9,16.9,1.2,26.0,60.3,0.0,1012,680,0.007,0.006,0.013,0.002,12.4,5.3,12
30/09/2024,13:00,59,3.2,19.6,1.1,26.9,57.1,0.0,1011,565,0.000,0.001,0.002,0.001,13.2,5.4,10
30/09/2024,14:00,59,3.1,19.2,1.0,27.0,55.3,0.0,1010,741,0.001,0.002,0.002,0.001,13.9,5.4,10
30/09/2024,15:00,56,2.9,19.4,0.9,26.8,54.3,0.0,1010,512,0.001,0.003,0.003,0.001,13.1,4.9,9
30/09/2024,16:00,46,2.4,17.1,0.8,26.1,56.2,0.0,1010,265,0.001,0.003,0.004,0.001,13.9,4.9,9
30/09/2024,17:00,26,1.3,18.2,0.5,25.0,58.5,0.0,1011,49,0.000,0.002,0.002,0.000,12.4,4.6,8
30/09/2024,18:00,29,0.5,21.5,0.2,23.6,65.2,0.0,1012,1,0.000,0.001,0.001,0.000,12.7,4.6,9
30/09/2024,19:00,321,0.2,35.3,0.2,22.3,75.3,0.0,1013,1,0.008,0.016,0.025,0.000,22.3,6.4,13
30/09/2024,20:00,287,0.5,26.5,0.1,21.2,82.5,0.0,1013,1,0.011,0.021,0.032,0.000,28.8,7.7,17
30/09/2024,21:00,281,0.6,17.3,0.1,20.4,86.9,0.0,1013,1,0.025,0.019,0.044,0.000,17.9,6.5,14
30/09/2024,22:00,289,1.3,9.9,0.2,19.9,87.8,0.0,1013,1,0.004,0.013,0.017,0.000,14.5,5.5,12
30/09/2024,23:00,279,1.5,12.4,0.3,19.4,87.4,0.0,1013,1,0.002,0.010,0.012,0.000,13.9,5.5,11
01/10/2024,00:00,284,1.6,11.8,0.3,19.1,86.8,0.0,1013,1,0.001,0.013,0.014,0.000,12.6,5.4,11
01/10/2024,01:00,305,0.8,19.4,0.2,18.2,90.3,0.0,1013,1,0.001,0.010,0.010,0.000,12.3,5.3,9
01/10/2024,02:00,300,0.9,11.3,0.2,17.3,92.1,0.0,1013,1,0.007,0.009,0.016,0.000,12.5,5.1,10
01/10/2024,03:00,295,0.9,20.9,0.2,17.0,92.1,0.0,1013,1,0.008,0.010,0.017,0.000,12.6,5.1,10
01/10/2024,04:00,146,0.2,26.7,0.3,17.9,92.2,0.0,1014,1,0.007,0.009,0.016,0.000,14.6,5.7,17
01/10/2024,05:00,146,1.7,16.2,0.6,20.0,88.3,0.0,1014,7,0.004,0.012,0.016,0.000,21.9,10.8,45
01/10/2024,06:00,145,1.6,24.0,0.6,20.5,83.8,0.0,1015,44,0.006,0.014,0.020,0.001,19.6,9.2,30
01/10/2024,07:00,126,2.3,21.1,0.8,21.6,78.2,0.0,1016,172,0.001,0.004,0.005,0.000,36.8,8.3,15
01/10/2024,08:00,130,2.9,18.5,0.9,22.5,73.2,0.0,1017,397,0.001,0.003,0.004,0.001,19.8,7.3,17
01/10/2024,09:00,119,3.4,18.3,1.0,23.6,67.3,0.0,1017,480,0.008,0.009,0.017,0.008,21.0,8.2,19
01/10/2024,10:00,103,3.8,18.0,1.1,24.5,61.2,0.0,1016,921,0.008,0.011,0.019,0.010,19.2,7.4,16
01/10/2024,11:00,82,4.1,18.3,1.3,25.2,59.5,0.0,1015,638,0.006,0.006,0.012,0.004,22.0,7.8,17
01/10/2024,12:00,73,4.8,17.4,1.4,25.3,60.2,0.0,1015,814,0.000,0.001,0.001,0.001,21.9,7.9,18
01/10/2024,13:00,76,5.0,15.8,1.3,24.9,59.2,0.0,1014,773,0.000,0.001,0.001,0.000,20.9,7.6,16
01/10/2024,14:00,85,4.9,17.2,1.3,24.2,63.6,0.0,1014,656,0.003,0.002,0.004,0.000,22.4,8.0,17
01/10/2024,15:00,78,4.3,17.6,1.3,24.2,65.8,0.0,1014,449,0.000,0.000,0.001,0.000,22.5,8.0,18
01/10/2024,16:00,86,4.1,17.4,1.2,23.5,70.5,0.0,1014,245,0.001,0.001,0.002,0.000,21.5,8.2,19
01/10/2024,17:00,90,3.8,16.8,1.1,23.1,72.8,0.0,1015,45,0.000,0.001,0.001,0.000,,,18
01/10/2024,18:00,89,3.7,16.4,1.1,22.9,71.4,0.0,1016,0,0.000,0.001,0.001,0.000,,,17
01/10/2024,19:00,96,4.0,15.7,1.1,23.0,71.4,0.0,1016,0,0.000,0.002,0.002,0.000,,,17
01/10/2024,20:00,105,4.0,17.0,1.2,22.7,73.0,0.2,1017,0,0.000,0.001,0.002,0.000,,,17
01/10/2024,21:00,100,3.6,16.8,1.1,22.4,75.1,0.1,1017,1,0.000,0.002,0.002,0.000,,,21
01/10/2024,22:00,116,3.3,16.0,1.0,22.4,72.5,0.0,1017,0,0.002,0.007,0.009,0.001,,,19
01/10/2024,23:00,133,2.3,18.3,0.7,21.7,73.1,0.0,1018,0,0.002,0.010,0.012,0.007,,,19
02/10/2024,00:00,136,2.1,15.6,0.6,21.0,74.5,0.0,1017,0,0.000,0.002,0.002,0.003,,,18
02/10/2024,01:00,155,1.9,19.5,0.7,20.5,74.8,0.0,1017,0,0.000,0.005,0.005,0.001,,,15
02/10/2024,02:00,155,1.7,22.3,0.6,20.1,75.8,0.0,1017,1,0.000,0.004,0.004,0.000,,,15
02/10/2024,03:00,155,1.4,18.4,0.5,19.6,79.0,0.0,1017,0,0.000,0.007,0.007,0.000,,,18
02/10/2024,04:00,156,1.8,20.1,0.6,19.2,81.2,0.0,1017,1,0.000,0.003,0.004,0.000,,,17
02/10/2024,05:00,154,1.7,20.3,0.6,19.2,81.4,0.0,1018,7,0.002,0.010,0.012,0.000,,,19
02/10/2024,06:00,138,2.6,20.1,0.9,20.0,76.6,0.0,1018,134,0.011,0.016,0.027,0.000,,,24
02/10/2024,07:00,130,4.1,19.4,1.3,21.1,68.4,0.0,1019,342,0.004,0.006,0.011,0.000,,,16
02/10/2024,08:00,127,4.4,19.4,1.6,22.3,61.9,0.0,1020,553,0.004,0.005,0.008,0.002,,,16
02/10/2024,09:00,133,4.5,18.8,1.3,23.1,54.2,0.0,1020,855,0.002,0.003,0.005,0.002,,,13
02/10/2024,10:00,104,4.6,19.7,1.5,24.1,49.6,0.0,1020,919,0.003,0.006,0.009,0.004,,,11
02/10/2024,11:00,80,5.5,17.5,1.5,24.4,49.1,0.0,1019,947,0.003,0.003,0.006,0.000,,,11
02/10/2024,12:00,77,5.7,16.0,1.7,24.3,51.1,0.0,1018,1024,0.000,0.001,0.001,0.000,,,11
02/10/2024,13:00,81,5.6,17.2,1.7,24.3,54.7,0.0,1018,787,0.007,0.004,0.011,0.000,,,12
02/10/2024,14:00,88,6.0,16.2,1.6,24.1,58.9,0.0,1017,712,0.008,0.003,0.011,0.000,,,12
02/10/2024,15:00,87,6.0,15.9,1.6,23.8,57.8,0.0,1017,484,0.000,0.001,0.001,0.000,,,12
02/10/2024,16:00,94,5.5,15.8,1.6,23.5,54.9,0.0,1017,273,0.006,0.005,0.011,0.000,,,14
02/10/2024,17:00,101,5.2,15.6,1.4,22.9,57.9,0.0,1018,49,0.000,0.001,0.001,0.000,,,15
02/10/2024,18:00,111,5.0,16.3,1.5,22.3,60.3,0.0,1019,0,0.000,0.003,0.003,0.001,,,16
02/10/2024,19:00,116,4.9,16.6,1.4,21.9,63.0,0.0,1019,0,0.021,0.023,0.043,0.014,,,19
02/10/2024,20:00,133,3.7,18.5,1.2,21.5,64.3,0.0,1020,0,0.022,0.019,0.041,0.022,,,21
02/10/2024,21:00,136,3.4,19.0,1.1,21.2,65.0,0.0,1020,0,0.000,0.002,0.002,0.004,,,22
02/10/2024,22:00,138,2.5,22.1,0.9,20.7,66.1,0.0,1020,0,0.000,0.007,0.008,0.001,,,28
02/10/2024,23:00,141,2.5,19.5,0.9,20.1,66.9,0.0,1020,0,0.000,0.008,0.009,0.000,,,27
03/10/2024,00:00,157,2.3,20.1,0.8,19.4,69.3,0.0,1020,0,0.000,0.006,0.006,0.000,,,20
03/10/2024,01:00,160,2.8,20.0,0.9,19.0,70.9,0.0,1019,0,0.000,0.002,0.002,0.000,,,15
03/10/2024,02:00,156,2.7,19.9,1.1,18.6,72.5,0.0,1018,0,0.000,0.002,0.002,0.000,,,15
03/10/2024,03:00,159,3.1,18.3,1.0,18.3,74.3,0.0,1018,1,0.000,0.002,0.002,0.000,,,15
03/10/2024,04:00,157,3.8,17.6,1.2,18.5,73.5,0.0,1019,0,0.001,0.003,0.003,0.000,,,15
03/10/2024,05:00,148,2.3,21.0,0.9,18.4,73.4,0.0,1019,10,0.001,0.011,0.012,0.000,,,17
03/10/2024,06:00,160,3.5,18.4,1.2,19.0,70.3,0.0,1019,134,0.001,0.005,0.006,0.000,,,14
03/10/2024,07:00,156,3.5,20.4,1.2,20.1,65.8,0.0,1020,363,0.003,0.006,0.009,0.000,,,13
03/10/2024,08:00,146,4.2,20.0,1.4,21.6,59.9,0.0,1021,633,0.002,0.005,0.007,0.000,,,13
03/10/2024,09:00,129,4.8,17.1,1.5,22.8,53.5,0.0,1021,850,0.001,0.003,0.004,0.000,,,12
03/10/2024,10:00,123,5.0,18.5,1.4,23.3,52.0,0.0,1021,949,0.002,0.004,0.006,0.003,,,11
03/10/2024,11:00,107,5.1,19.6,1.5,24.4,47.8,0.0,1020,1054,0.003,0.006,0.009,0.004,,,12
03/10/2024,12:00,89,5.6,16.5,1.5,24.7,48.6,0.0,1019,1021,0.002,0.003,0.005,0.001,,,14
03/10/2024,13:00,83,5.4,17.0,1.5,24.5,51.0,0.0,1018,916,0.002,0.005,0.007,0.000,,,14
03/10/2024,14:00,79,5.3,15.8,1.5,24.6,50.4,0.0,1018,755,0.001,0.001,0.002,0.000,,,15
03/10/2024,15:00,85,5.2,16.5,1.3,23.9,59.7,0.0,1017,533,0.004,0.006,0.010,0.000,,,15
03/10/2024,16:00,104,6.7,14.1,1.8,22.4,67.0,0.0,1017,220,0.005,0.003,0.008,0.000,,,12
03/10/2024,17:00,105,5.4,15.5,1.6,21.5,69.6,0.0,1018,55,0.001,0.008,0.009,0.002,,,8
03/10/2024,18:00,117,4.5,18.3,1.4,20.7,71.8,0.0,1019,0,0.024,0.022,0.046,0.016,,,12
03/10/2024,19:00,137,3.6,18.6,1.1,20.3,69.7,0.0,1020,0,0.000,0.002,0.003,0.002,,,10
03/10/2024,20:00,132,2.8,19.2,0.9,20.1,69.3,0.0,1020,0,0.000,0.003,0.003,0.000,,,14
03/10/2024,21:00,134,3.1,19.8,0.9,19.8,69.0,0.0,1021,0,0.000,0.005,0.005,0.000,,,13
03/10/2024,22:00,154,2.5,20.2,0.9,19.5,69.1,0.0,1021,0,0.000,0.005,0.006,0.000,,,16
03/10/2024,23:00,156,2.7,18.3,0.8,18.7,73.3,0.0,1021,0,0.000,0.001,0.001,0.000,,,12
04/10/2024,00:00,156,2.5,19.8,0.8,18.2,74.7,0.0,1020,0,0.000,0.002,0.002,0.000,,,12
04/10/2024,01:00,162,2.2,19.6,0.8,17.9,74.5,0.0,1019,0,0.000,0.002,0.002,0.000,,,12
04/10/2024,02:00,166,2.9,18.8,1.0,18.1,72.3,0.0,1018,0,0.001,0.003,0.003,0.000,,,12
04/10/2024,03:00,164,2.0,21.1,0.7,17.9,72.7,0.0,1018,0,0.000,0.002,0.002,0.000,,,11
04/10/2024,04:00,158,1.9,21.1,0.8,17.4,74.7,0.0,1018,1,0.000,0.004,0.004,0.000,,,12
04/10/2024,05:00,153,1.8,20.2,0.6,17.4,74.4,0.0,1018,9,0.002,0.007,0.009,0.000,,,13
04/10/2024,06:00,151,1.2,29.1,0.5,18.6,70.1,0.0,1019,150,0.003,0.009,0.011,0.000,,,18
04/10/2024,07:00,136,2.8,19.3,0.8,20.1,67.0,0.0,1019,401,0.005,0.010,0.015,0.001,,,18
04/10/2024,08:00,114,3.5,20.7,1.0,21.7,63.7,0.0,1019,671,0.012,0.013,0.025,0.012,18.3,6.3,10
04/10/2024,09:00,96,3.8,22.5,1.2,22.6,60.6,0.0,1019,862,0.003,0.005,0.008,0.004,17.5,6.3,9
04/10/2024,10:00,70,4.3,18.0,1.2,22.6,61.3,0.0,1018,995,0.002,0.003,0.006,0.001,17.1,6.2,10
04/10/2024,11:00,78,4.3,18.6,1.3,23.0,60.9,0.0,1017,1057,0.001,0.002,0.003,0.000,16.4,6.1,9
04/10/2024,12:00,76,4.4,18.4,1.3,23.2,57.4,0.0,1016,1005,0.000,0.000,0.000,0.000,16.1,5.6,7
04/10/2024,13:00,82,4.4,18.1,1.2,23.3,57.8,0.0,1015,810,0.007,0.007,0.015,0.000,15.2,5.5,8
04/10/2024,14:00,81,4.6,17.3,1.1,23.1,59.6,0.0,1014,515,0.000,0.001,0.001,0.000,13.8,5.2,8
04/10/2024,15:00,82,4.5,14.0,1.1,22.9,57.5,0.0,1014,535,0.005,0.002,0.006,0.000,15.0,5.1,6
04/10/2024,16:00,82,3.4,17.9,1.0,22.8,56.3,0.0,1014,277,0.003,0.002,0.005,0.000,12.2,4.4,5
04/10/2024,17:00,64,2.5,16.8,0.8,22.0,60.2,0.0,1015,54,0.000,0.000,0.000,0.000,11.9,4.2,5
04/10/2024,18:00,49,1.6,17.9,0.5,21.2,64.9,0.0,1015,0,0.000,0.001,0.001,0.000,13.5,4.5,6
04/10/2024,19:00,20,0.5,28.8,0.3,20.6,67.0,0.0,1016,1,0.003,0.005,0.008,0.000,14.0,4.7,7
04/10/2024,20:00,283,0.4,20.7,0.1,19.4,71.0,0.0,1016,1,0.015,0.021,0.036,0.000,17.6,5.0,8
04/10/2024,21:00,293,0.6,13.1,0.1,18.2,75.7,0.0,1016,1,0.011,0.017,0.028,0.000,17.4,5.4,9
04/10/2024,22:00,298,0.8,6.8,0.1,17.2,78.9,0.0,1015,1,0.008,0.015,0.023,0.000,14.7,5.0,9
04/10/2024,23:00,305,0.8,11.4,0.2,15.7,84.9,0.0,1015,1,0.002,0.011,0.013,0.000,17.4,5.2,8
05/10/2024,00:00,305,1.0,11.1,0.2,15.0,87.5,0.0,1015,1,0.001,0.010,0.011,0.000,16.5,5.5,9
05/10/2024,01:00,301,1.5,10.8,0.3,14.6,88.9,0.0,1015,1,0.002,0.011,0.014,0.000,13.7,5.4,9
05/10/2024,02:00,278,1.8,10.8,0.3,15.4,86.9,0.0,1014,1,0.000,0.006,0.006,0.000,12.7,4.8,7
05/10/2024,03:00,297,0.9,13.5,0.2,14.9,88.2,0.0,1014,1,0.002,0.010,0.012,0.000,11.7,4.5,8
05/10/2024,04:00,310,0.9,13.2,0.2,13.8,91.4,0.0,1014,1,0.011,0.012,0.023,0.000,11.3,4.5,7
05/10/2024,05:00,301,1.2,13.5,0.2,14.0,91.5,0.0,1015,9,0.012,0.013,0.025,0.000,11.9,4.4,7
05/10/2024,06:00,307,0.9,13.7,0.2,15.4,86.8,0.0,1015,160,0.008,0.010,0.018,0.000,15.1,4.6,8
05/10/2024,07:00,360,0.6,23.3,0.3,20.4,70.8,0.0,1015,402,0.004,0.006,0.010,0.001,19.9,5.0,8
05/10/2024,08:00,349,2.0,28.6,0.8,23.0,58.2,0.0,1016,635,0.004,0.006,0.010,0.000,12.9,4.2,5
05/10/2024,09:00,348,1.8,41.0,0.9,24.1,54.0,0.0,1015,833,0.008,0.004,0.012,0.001,14.9,4.4,6
05/10/2024,10:00,14,1.7,32.9,0.9,25.4,48.8,0.0,1014,960,0.003,0.005,0.008,0.001,14.1,4.5,6
05/10/2024,11:00,36,2.5,27.6,1.1,25.9,46.4,0.0,1014,1018,0.001,0.002,0.003,0.000,13.1,4.4,6
05/10/2024,12:00,43,3.0,23.1,1.1,26.4,45.2,0.0,1013,988,0.000,0.001,0.001,0.000,12.0,4.6,6
05/10/2024,13:00,37,2.7,27.9,1.0,26.9,43.5,0.0,1012,891,0.001,0.002,0.002,0.000,13.2,4.6,6
05/10/2024,14:00,34,3.4,20.1,1.1,26.3,46.9,0.0,1011,729,0.001,0.001,0.002,0.000,13.4,4.3,6
05/10/2024,15:00,18,2.6,23.8,1.0,26.1,45.4,0.0,1011,512,0.003,0.005,0.007,0.001,17.8,4.9,7
05/10/2024,16:00,14,1.7,22.5,0.6,25.8,44.3,0.0,1012,271,0.003,0.007,0.010,0.001,16.6,4.9,7
05/10/2024,17:00,19,1.8,16.1,0.6,24.4,47.7,0.0,1012,53,0.000,0.001,0.002,0.000,13.5,4.5,6
05/10/2024,18:00,2,1.2,25.4,0.5,22.4,59.6,0.0,1013,1,0.000,0.003,0.003,0.000,14.9,4.6,7
05/10/2024,19:00,1,0.9,22.6,0.4,21.4,68.1,0.0,1013,1,0.000,0.000,0.000,0.000,13.2,4.4,7
05/10/2024,20:00,23,0.3,33.4,0.2,20.8,71.7,0.0,1014,0,0.000,0.002,0.002,0.000,13.7,4.7,8
05/10/2024,21:00,139,0.4,24.4,0.1,19.9,77.3,0.0,1014,0,0.002,0.006,0.008,0.000,13.5,4.8,9
05/10/2024,22:00,128,0.4,26.8,0.1,19.4,80.6,0.0,1014,1,0.001,0.006,0.007,0.000,14.2,5.0,9
05/10/2024,23:00,148,0.4,23.7,0.1,19.0,82.6,0.0,1014,0,0.002,0.005,0.007,0.000,12.4,5.0,9
06/10/2024,00:00,156,0.6,16.5,0.2,18.9,84.1,0.0,1014,0,0.004,0.006,0.010,0.000,20.4,5.4,10
06/10/2024,01:00,218,0.1,52.0,0.2,18.2,85.5,0.0,1014,1,0.001,0.007,0.009,0.000,18.3,5.1,8
06/10/2024,02:00,185,0.3,27.3,0.2,17.9,87.1,0.0,1014,1,0.008,0.009,0.018,0.000,17.4,4.9,8
06/10/2024,03:00,280,0.5,33.5,0.2,16.8,90.2,0.0,1014,0,0.010,0.010,0.020,0.000,10.7,4.4,8
06/10/2024,04:00,301,0.7,17.9,0.2,16.3,91.8,0.0,1014,1,0.002,0.007,0.009,0.000,10.6,4.7,8
06/10/2024,05:00,300,0.4,43.8,0.3,16.2,91.7,0.0,1015,10,0.001,0.007,0.008,0.000,13.4,5.9,12
06/10/2024,06:00,305,0.4,32.5,0.2,18.2,86.7,0.0,1015,150,0.010,0.008,0.019,0.000,18.3,7.7,19
06/10/2024,07:00,347,1.0,38.4,0.5,22.9,72.8,0.0,1016,396,0.008,0.005,0.012,0.003,14.8,5.7,13
06/10/2024,08:00,313,2.5,22.8,1.0,24.2,65.4,0.0,1016,606,0.004,0.002,0.005,0.003,14.6,5.0,9
06/10/2024,09:00,292,1.6,29.5,0.9,25.6,58.7,0.0,1016,820,0.000,0.001,0.001,0.001,15.6,5.2,8
06/10/2024,10:00,5,2.1,27.1,0.9,27.2,53.3,0.0,1016,931,0.011,0.009,0.020,0.001,17.7,5.5,9
06/10/2024,11:00,15,2.2,26.6,0.9,27.9,51.3,0.0,1015,992,0.004,0.006,0.010,0.001,16.6,5.2,8
06/10/2024,12:00,20,2.1,27.9,0.8,29.5,45.4,0.0,1014,970,0.010,0.013,0.023,0.001,19.5,5.9,10
06/10/2024,13:00,44,2.5,26.5,1.0,30.1,41.9,0.0,1013,875,0.006,0.006,0.012,0.001,20.8,6.1,10
06/10/2024,14:00,40,3.1,21.4,1.1,29.5,51.5,0.0,1013,709,0.004,0.004,0.008,0.000,16.7,5.4,9
06/10/2024,15:00,25,2.8,20.4,0.9,28.7,54.5,0.0,1013,494,0.001,0.002,0.003,0.000,20.1,5.6,9
06/10/2024,16:00,14,2.3,24.4,0.9,27.6,59.2,0.0,1013,259,0.004,0.006,0.010,0.001,14.4,5.0,9
06/10/2024,17:00,3,2.0,22.7,0.9,25.4,69.4,0.0,1014,51,0.001,0.005,0.006,0.001,16.2,5.3,10
06/10/2024,18:00,4,1.8,21.3,0.7,23.6,77.6,0.0,1014,0,0.000,0.000,0.000,0.000,13.6,4.8,10
06/10/2024,19:00,354,1.3,24.3,0.6,22.9,80.7,0.0,1015,0,0.000,0.001,0.001,0.000,12.5,4.8,10
06/10/2024,20:00,4,0.3,33.1,0.2,22.6,81.9,0.0,1016,1,0.001,0.005,0.006,0.001,12.5,4.8,10
06/10/2024,21:00,173,0.2,24.1,0.1,21.8,85.5,0.0,1016,0,0.003,0.005,0.008,0.001,12.7,4.8,10
06/10/2024,22:00,163,0.1,30.0,0.1,21.1,88.2,0.0,1016,0,0.001,0.006,0.007,0.000,12.6,4.7,9
06/10/2024,23:00,187,0.1,50.3,0.1,20.9,89.0,0.0,1016,0,0.001,0.006,0.007,0.000,12.5,4.8,9
07/10/2024,00:00,257,0.3,23.6,0.1,20.4,91.2,0.0,1016,0,0.004,0.007,0.011,0.000,11.8,4.4,9
07/10/2024,01:00,315,0.3,23.5,0.1,19.8,92.4,0.0,1016,1,0.000,0.003,0.004,0.000,11.2,4.5,6
07/10/2024,02:00,252,0.3,19.4,0.1,20.1,93.5,0.0,1016,0,0.006,0.005,0.011,0.000,17.6,5.0,9
07/10/2024,03:00,218,0.1,45.3,0.1,19.7,93.6,0.0,1016,0,0.019,0.005,0.024,0.000,14.6,5.2,10
07/10/2024,04:00,232,0.2,26.4,0.1,19.8,94.3,0.0,1016,0,0.027,0.006,0.033,0.000,14.8,5.1,11
07/10/2024,05:00,303,0.7,10.3,0.2,18.7,94.7,0.0,1017,11,0.028,0.006,0.035,0.000,14.4,5.0,11
07/10/2024,06:00,318,0.7,18.8,0.2,19.2,93.8,0.0,1017,161,0.017,0.007,0.024,0.000,14.3,4.7,10
07/10/2024,07:00,324,0.7,39.0,0.3,22.9,83.9,0.0,1018,294,0.002,0.004,0.007,0.000,12.3,4.7,9
07/10/2024,08:00,5,1.4,31.0,0.6,24.8,72.0,0.0,1018,622,0.002,0.003,0.005,0.000,15.0,4.5,8
07/10/2024,09:00,10,1.6,34.8,0.7,26.5,62.1,0.0,1018,810,0.007,0.008,0.015,0.001,17.6,4.6,8
07/10/2024,10:00,7,1.7,34.3,0.8,28.3,52.7,0.0,1017,934,0.011,0.011,0.022,0.001,18.8,4.7,7
07/10/2024,11:00,69,3.3,20.0,1.0,28.0,57.2,0.0,1017,991,0.004,0.004,0.008,0.001,18.8,4.6,8
07/10/2024,12:00,57,3.2,19.6,1.1,28.6,58.4,0.0,1016,966,0.002,0.004,0.006,0.000,17.3,4.5,7
07/10/2024,13:00,8,2.6,28.5,1.0,29.4,54.7,0.0,1015,873,0.013,0.014,0.026,0.001,18.8,4.9,8
07/10/2024,14:00,15,3.1,22.7,1.2,28.5,57.5,0.0,1015,716,0.010,0.009,0.019,0.000,18.2,4.5,7
07/10/2024,15:00,4,2.3,24.6,0.9,28.2,57.3,0.0,1015,501,0.009,0.007,0.016,0.001,24.2,4.8,8
07/10/2024,16:00,359,2.1,24.9,0.9,27.5,61.0,0.0,1015,263,0.003,0.006,0.008,0.001,17.1,5.0,9
07/10/2024,17:00,347,1.8,21.0,0.7,26.0,67.2,0.0,1015,53,0.003,0.008,0.011,0.001,16.7,5.1,10
07/10/2024,18:00,5,1.2,15.0,0.4,24.5,72.6,0.0,1016,1,0.000,0.001,0.001,0.000,16.6,5.5,11
07/10/2024,19:00,7,1.0,23.7,0.4,23.3,80.8,0.0,1016,1,0.000,0.001,0.001,0.000,15.1,5.2,11
07/10/2024,20:00,355,0.3,53.7,0.2,22.7,85.5,0.0,1017,1,0.000,0.001,0.001,0.000,11.9,4.9,11
07/10/2024,21:00,353,1.0,25.4,0.4,23.0,84.9,0.0,1017,0,0.000,0.001,0.001,0.000,12.0,5.1,11
07/10/2024,22:00,355,1.1,19.9,0.4,22.9,84.7,0.0,1017,0,0.000,0.000,0.001,0.000,14.2,5.5,12
07/10/2024,23:00,27,0.3,35.0,0.2,22.2,88.4,0.0,1017,0,0.000,0.001,0.001,0.000,12.2,5.3,12
08/10/2024,00:00,182,0.1,24.5,0.1,21.5,90.8,0.0,1017,0,0.000,0.002,0.003,0.000,26.0,6.1,12
08/10/2024,01:00,268,0.4,36.3,0.2,20.8,92.1,0.0,1016,0,0.003,0.007,0.010,0.000,13.4,5.3,8
08/10/2024,02:00,250,0.1,36.5,0.1,20.8,92.7,0.0,1016,0,0.002,0.005,0.008,0.000,11.5,4.9,10
08/10/2024,03:00,309,0.2,41.7,0.1,20.8,91.9,0.0,1016,0,0.007,0.005,0.012,0.000,12.0,5.1,11
08/10/2024,04:00,255,0.3,23.2,0.1,20.8,93.4,0.0,1016,0,0.017,0.008,0.026,0.000,12.6,5.2,12
08/10/2024,05:00,302,0.4,21.0,0.1,19.9,93.7,0.0,1016,11,0.044,0.010,0.054,0.001,14.8,5.9,16
08/10/2024,06:00,297,0.6,16.6,0.2,20.2,93.4,0.0,1017,164,0.060,0.014,0.074,0.001,25.4,7.1,20
08/10/2024,07:00,348,0.9,37.9,0.5,23.8,83.1,0.0,1017,327,0.012,0.010,0.022,0.000,27.6,7.7,20
08/10/2024,08:00,334,1.8,32.1,0.9,25.7,68.0,0.0,1018,381,0.000,0.001,0.001,0.001,12.9,5.6,14
08/10/2024,09:00,317,2.0,30.7,0.9,26.8,59.3,0.0,1017,665,0.006,0.004,0.010,0.001,36.5,6.6,13
08/10/2024,10:00,6,1.8,29.9,0.9,28.0,53.9,0.0,1016,746,0.001,0.002,0.003,0.001,15.6,5.6,11
08/10/2024,11:00,18,2.1,27.6,0.9,28.4,53.0,0.0,1016,787,0.003,0.004,0.006,0.001,18.1,6.0,13
08/10/2024,12:00,30,2.2,27.0,0.8,29.1,50.6,0.0,1015,1020,0.001,0.003,0.005,0.001,14.8,6.0,13
08/10/2024,13:00,55,2.6,24.3,1.0,29.4,51.3,0.0,1014,876,0.003,0.004,0.006,0.001,19.0,6.6,15
08/10/2024,14:00,62,3.8,18.0,1.1,28.7,58.2,0.0,1013,719,0.000,0.001,0.002,0.000,17.3,6.7,19
08/10/2024,15:00,45,3.3,19.0,1.1,27.9,64.3,0.0,1012,502,0.001,0.001,0.002,0.000,17.4,6.7,23
08/10/2024,16:00,40,2.7,18.5,0.8,26.9,69.0,0.0,1012,262,0.000,0.000,0.001,0.000,15.9,7.1,25
08/10/2024,17:00,17,1.5,25.0,0.7,25.9,72.5,0.0,1013,52,0.000,0.001,0.001,0.000,18.5,7.4,26
08/10/2024,18:00,15,1.6,21.2,0.7,24.5,77.4,0.0,1013,1,0.000,0.001,0.001,0.000,18.4,7.8,28
08/10/2024,19:00,358,1.2,27.9,0.6,23.7,84.4,0.0,1013,1,0.001,0.003,0.004,0.000,18.0,8.1,31
08/10/2024,20:00,356,0.7,27.2,0.3,23.6,85.7,0.0,1014,1,0.000,0.001,0.001,0.000,16.6,7.9,29
08/10/2024,21:00,2,0.6,33.6,0.3,23.8,85.6,0.0,1014,1,0.000,0.002,0.002,0.000,17.9,7.8,27
08/10/2024,22:00,300,0.4,25.0,0.3,23.9,85.4,0.0,1014,0,0.000,0.001,0.001,0.000,16.7,7.6,25
08/10/2024,23:00,277,0.5,28.4,0.3,24.0,83.1,0.0,1014,0,0.000,0.001,0.001,0.000,15.6,7.2,24
09/10/2024,00:00,38,0.6,25.0,0.2,23.5,85.1,0.0,1013,0,0.003,0.001,0.004,0.000,18.3,7.4,23
09/10/2024,01:00,284,0.3,36.7,0.1,23.6,86.1,0.0,1013,1,0.001,0.003,0.004,0.000,18.0,7.4,18
09/10/2024,02:00,333,0.4,25.9,0.1,23.5,87.2,0.0,1013,0,0.001,0.003,0.004,0.000,16.1,7.3,22
09/10/2024,03:00,291,0.5,25.3,0.2,23.3,88.2,0.0,1013,0,0.002,0.004,0.006,0.000,15.7,7.0,22
09/10/2024,04:00,275,0.3,27.8,0.2,22.9,88.2,0.0,1013,0,0.002,0.006,0.007,0.000,15.5,7.2,23
09/10/2024,05:00,257,2.1,12.5,0.4,22.3,90.2,0.0,1014,17,0.005,0.006,0.011,0.000,17.7,8.2,29
09/10/2024,06:00,89,0.5,35.2,0.4,23.1,87.9,0.1,1014,67,0.002,0.005,0.007,0.000,18.0,8.1,29
09/10/2024,07:00,89,3.2,15.3,0.9,23.5,88.3,0.0,1014,292,0.011,0.005,0.016,0.000,17.5,8.3,28
09/10/2024,08:00,102,4.2,15.5,1.3,23.7,84.0,0.0,1015,314,0.003,0.006,0.010,0.000,17.7,7.3,20
09/10/2024,09:00,94,3.8,17.6,1.0,24.0,76.1,0.0,1015,303,0.006,0.010,0.016,0.002,12.9,5.3,12
09/10/2024,10:00,85,3.6,17.4,1.0,24.4,73.5,0.0,1015,529,0.004,0.003,0.007,0.002,12.7,5.1,13
09/10/2024,11:00,81,2.5,23.8,0.9,24.1,80.7,0.3,1014,99,0.004,0.001,0.004,0.001,13.2,5.7,17
09/10/2024,12:00,48,1.8,24.3,0.7,22.1,91.4,5.8,1014,89,0.000,0.001,0.001,0.000,16.1,6.7,19
09/10/2024,13:00,93,0.5,27.5,0.3,22.6,92.2,0.3,1012,239,0.001,0.002,0.003,0.000,15.0,6.5,19
09/10/2024,14:00,45,1.9,20.7,0.6,24.4,84.0,0.0,1011,574,0.001,0.001,0.002,0.000,13.2,5.4,15
09/10/2024,15:00,49,1.9,18.6,0.6,25.0,74.6,0.0,1010,240,0.000,0.001,0.001,0.000,11.9,5.1,15
09/10/2024,16:00,93,2.0,14.6,0.6,24.1,80.2,0.3,1012,24,0.000,0.001,0.001,0.000,12.2,5.0,16
09/10/2024,17:00,25,2.8,16.4,1.0,22.4,89.7,2.2,1012,1,0.000,0.002,0.002,0.000,12.4,5.4,15
09/10/2024,18:00,256,2.2,21.1,1.0,22.1,79.8,0.2,1012,1,0.001,0.005,0.005,0.000,11.5,5.0,13
09/10/2024,19:00,208,4.1,19.5,1.5,19.8,85.2,3.3,1016,1,0.001,0.004,0.005,0.000,10.7,4.4,9
09/10/2024,20:00,37,0.3,53.4,0.3,18.2,90.9,0.6,1015,0,0.000,0.005,0.005,0.000,11.5,4.5,9
09/10/2024,21:00,312,0.8,37.3,0.5,18.5,91.7,0.1,1014,0,0.001,0.011,0.012,0.000,16.1,6.2,13
09/10/2024,22:00,291,1.0,28.0,0.3,18.6,92.4,0.0,1014,0,0.000,0.011,0.011,0.000,14.3,5.8,13
09/10/2024,23:00,239,0.5,34.6,0.3,18.8,91.2,0.0,1013,0,0.003,0.011,0.015,0.000,12.9,5.2,11
10/10/2024,00:00,259,1.1,32.7,0.5,18.2,91.9,0.0,1014,0,0.000,0.008,0.009,0.000,12.7,5.6,15
10/10/2024,01:00,177,1.2,33.7,0.6,18.6,88.3,0.0,1013,1,0.000,0.004,0.004,0.000,12.5,4.8,10
10/10/2024,02:00,159,2.3,20.3,0.8,18.8,85.6,0.0,1013,0,0.000,0.003,0.003,0.000,15.7,4.8,10
10/10/2024,03:00,168,0.7,32.5,0.3,18.2,87.6,0.0,1013,0,0.000,0.007,0.007,0.000,10.2,4.9,13
10/10/2024,04:00,179,1.1,28.5,0.7,18.0,85.9,0.0,1013,1,0.001,0.006,0.007,0.000,10.5,4.2,9
10/10/2024,05:00,256,0.5,47.5,0.4,17.7,88.1,0.0,1014,12,0.001,0.006,0.006,0.000,9.5,4.2,9
10/10/2024,06:00,249,1.4,21.5,0.4,18.4,85.9,0.0,1015,183,0.003,0.007,0.010,0.001,10.9,4.5,10
10/10/2024,07:00,151,1.3,29.0,0.5,20.0,78.2,0.0,1015,436,0.002,0.005,0.007,0.002,10.5,4.1,9
10/10/2024,08:00,118,1.7,20.9,0.5,21.1,74.5,,1015,665,,,,,,,
10/10/2024,09:00,145,0.2,64.8,0.5,23.2,68.7,0.0,1015,867,0.023,0.016,0.039,0.003,9.8,4.4,11
10/10/2024,10:00,65,1.6,25.7,0.6,23.9,66.6,0.0,1015,751,0.006,0.012,0.019,0.004,10.3,4.1,9
10/10/2024,11:00,72,2.0,26.1,0.8,25.0,63.9,0.0,1014,1022,0.004,0.010,0.013,0.005,8.2,4.1,8
10/10/2024,12:00,73,2.8,20.8,0.8,25.3,61.8,0.0,1013,885,0.007,0.015,0.022,0.008,8.7,4.1,9
10/10/2024,13:00,79,4.1,14.2,1.0,25.2,64.4,0.0,1013,653,0.008,0.013,0.021,0.010,9.5,4.0,9
10/10/2024,14:00,95,4.6,14.4,1.2,24.3,70.1,0.0,1012,693,0.000,0.001,0.001,0.001,8.8,4.0,8
10/10/2024,15:00,93,3.8,16.8,1.0,24.0,70.4,0.0,1012,323,0.000,0.000,0.000,0.000,10.3,4.5,9
10/10/2024,16:00,82,3.4,16.0,0.9,24.1,70.2,0.0,1013,192,0.000,0.001,0.001,0.000,11.0,4.5,9
10/10/2024,17:00,80,2.4,16.2,0.7,23.8,71.6,0.0,1013,62,0.000,0.001,0.001,0.000,11.8,4.6,9
10/10/2024,18:00,90,3.3,15.7,0.9,23.2,74.9,0.0,1015,0,0.000,0.001,0.001,0.000,11.2,4.2,8
10/10/2024,19:00,98,3.3,15.9,0.9,23.0,73.9,0.0,1016,0,0.000,0.001,0.001,0.000,12.3,4.4,9
10/10/2024,20:00,106,2.7,16.0,0.8,22.6,75.5,0.0,1016,0,0.000,0.009,0.009,0.001,12.2,4.1,8
10/10/2024,21:00,121,1.8,18.3,0.5,22.0,76.9,0.0,1017,0,0.003,0.022,0.025,0.006,11.9,3.9,7
10/10/2024,22:00,127,1.9,19.5,0.6,21.5,77.1,0.0,1017,0,0.000,0.004,0.004,0.003,9.7,3.7,8
10/10/2024,23:00,134,1.8,19.0,0.6,21.0,75.3,0.0,1017,0,0.000,0.007,0.007,0.001,9.5,3.8,10
11/10/2024,00:00,150,1.9,21.4,0.8,20.6,74.3,0.0,1016,0,0.000,0.008,0.008,0.000,9.5,3.9,12
11/10/2024,01:00,149,2.3,21.0,0.8,20.3,75.5,0.0,1016,0,0.000,0.006,0.007,0.000,7.9,3.4,8
11/10/2024,02:00,155,2.4,20.3,0.8,20.1,77.5,0.0,1016,0,0.000,0.003,0.003,0.000,9.0,3.6,7
11/10/2024,03:00,154,2.7,18.7,1.0,20.1,79.1,0.0,1015,0,0.000,0.006,0.007,0.000,9.8,4.5,14
11/10/2024,04:00,153,2.7,17.5,0.9,20.1,79.4,0.0,1016,0,0.000,0.004,0.005,0.000,10.7,4.4,10
11/10/2024,05:00,152,1.9,20.2,0.7,20.2,80.0,0.0,1016,11,0.002,0.010,0.011,0.000,12.0,5.2,15
11/10/2024,06:00,138,3.7,17.9,1.2,21.2,77.2,0.0,1017,157,0.001,0.006,0.007,0.000,14.3,5.9,16
11/10/2024,07:00,132,4.3,19.2,1.4,22.4,73.0,0.0,1017,477,0.000,0.001,0.002,0.000,10.4,4.1,9
11/10/2024,08:00,126,4.7,18.7,1.5,23.4,69.3,0.0,1018,724,0.001,0.002,0.003,0.000,10.0,4.1,8
11/10/2024,09:00,119,4.8,17.6,1.5,23.7,68.3,0.0,1018,648,0.005,0.008,0.013,0.005,12.5,5.1,12
11/10/2024,10:00,105,5.5,17.2,1.6,24.2,65.7,0.0,1018,861,0.011,0.012,0.023,0.009,13.7,5.2,12
11/10/2024,11:00,99,5.3,16.8,1.4,24.8,62.1,0.0,1017,662,0.003,0.007,0.010,0.005,15.4,5.6,12
11/10/2024,12:00,91,5.1,17.0,1.5,24.7,65.5,0.0,1017,568,0.000,0.001,0.001,0.001,18.9,6.3,15
11/10/2024,13:00,89,5.3,16.6,1.4,25.1,64.4,0.0,1016,842,0.000,0.001,0.001,0.000,18.6,6.4,15
11/10/2024,14:00,89,5.4,15.3,1.4,24.8,63.5,0.0,1016,636,0.003,0.004,0.008,0.000,16.9,6.3,14
11/10/2024,15:00,91,5.7,15.1,1.6,24.6,65.0,0.0,1016,546,0.000,0.001,0.002,0.000,19.4,6.6,15
11/10/2024,16:00,92,4.9,16.3,1.4,24.1,65.2,0.0,1016,285,0.000,0.001,0.001,0.000,15.2,5.6,11
11/10/2024,17:00,97,4.3,16.7,1.3,23.3,67.5,0.0,1017,60,0.000,0.001,0.001,0.000,19.8,6.8,14
11/10/2024,18:00,104,4.0,16.2,1.2,22.8,72.9,0.0,1018,0,0.000,0.001,0.001,0.000,22.1,7.9,18
11/10/2024,19:00,108,3.1,17.5,0.9,22.6,72.7,0.0,1018,0,0.000,0.007,0.007,0.001,20.9,8.1,19
11/10/2024,20:00,107,2.6,17.4,0.8,22.6,72.8,0.0,1019,0,0.000,0.003,0.003,0.001,22.5,8.0,19
11/10/2024,21:00,128,2.0,16.4,0.6,22.4,73.3,0.0,1019,0,0.001,0.014,0.015,0.004,22.6,8.2,19
11/10/2024,22:00,146,1.4,18.4,0.4,21.7,75.9,0.0,1019,0,0.000,0.007,0.007,0.004,22.6,9.2,30
11/10/2024,23:00,150,1.8,16.2,0.5,21.3,76.0,0.0,1018,0,0.000,0.005,0.005,0.002,22.9,8.4,24
12/10/2024,00:00,153,1.9,16.2,0.6,20.9,76.1,0.0,1018,0,0.000,0.003,0.003,0.001,20.8,7.3,17
12/10/2024,01:00,151,1.4,19.5,0.5,20.4,77.8,0.0,1017,1,0.000,0.003,0.004,0.001,19.6,7.1,14
12/10/2024,02:00,152,1.2,22.7,0.4,20.3,78.3,0.0,1017,1,0.000,0.003,0.003,0.000,20.2,6.9,14
12/10/2024,03:00,158,1.7,16.7,0.6,20.0,79.5,0.0,1017,1,0.000,0.002,0.002,0.000,18.6,6.7,14
12/10/2024,04:00,173,0.8,46.7,0.5,20.0,79.3,0.0,1017,1,0.000,0.003,0.003,0.000,21.1,7.0,15
12/10/2024,05:00,247,1.3,32.2,0.6,19.1,82.7,0.0,1017,15,0.001,0.006,0.007,0.000,20.0,7.1,16
12/10/2024,06:00,263,2.5,13.9,0.6,18.8,84.2,0.0,1018,186,0.002,0.004,0.006,0.000,17.1,6.3,14
12/10/2024,07:00,176,1.4,16.9,0.7,21.4,74.9,0.0,1018,437,0.006,0.006,0.012,0.001,16.7,6.3,16
12/10/2024,08:00,135,2.0,26.3,1.0,23.2,66.9,0.0,1018,632,0.022,0.021,0.043,0.014,16.2,6.1,15
12/10/2024,09:00,87,3.2,21.3,1.0,23.9,62.0,0.0,1018,908,0.018,0.017,0.035,0.017,15.7,6.0,12
12/10/2024,10:00,65,4.0,15.9,1.1,24.0,62.4,0.0,1018,1047,0.000,0.002,0.002,0.001,13.3,5.0,9
12/10/2024,11:00,66,4.2,16.2,1.2,24.4,62.1,0.0,1017,1087,0.000,0.001,0.002,0.001,12.5,5.0,10
12/10/2024,12:00,77,4.7,18.9,1.4,24.6,62.6,0.0,1016,838,0.000,0.001,0.001,0.000,12.8,5.2,10
12/10/2024,13:00,79,5.0,15.9,1.3,24.4,58.4,0.0,1015,920,0.001,0.001,0.002,0.000,12.2,4.6,8
12/10/2024,14:00,76,4.6,16.4,1.2,24.2,58.8,0.0,1015,757,0.000,0.000,0.001,0.000,11.4,4.5,7
12/10/2024,15:00,74,4.3,16.8,1.1,24.2,58.1,0.0,1014,541,0.000,0.001,0.001,0.000,11.2,4.6,8
12/10/2024,16:00,80,3.7,17.1,1.1,23.8,60.7,0.0,1015,292,0.000,0.001,0.001,0.000,13.2,4.8,8
12/10/2024,17:00,87,3.7,17.4,1.0,23.2,63.9,0.0,1015,61,0.000,0.001,0.002,0.000,13.3,5.0,9
12/10/2024,18:00,91,3.0,17.6,0.9,22.7,68.4,0.0,1016,0,0.000,0.002,0.002,0.000,13.4,5.1,9
12/10/2024,19:00,95,3.3,15.5,0.9,22.4,71.8,0.0,1016,0,0.000,0.002,0.002,0.000,13.8,5.2,10
12/10/2024,20:00,100,2.6,14.7,0.7,22.4,68.8,0.0,1017,0,0.000,0.002,0.002,0.000,14.4,5.3,10
12/10/2024,21:00,143,1.2,17.0,0.4,21.9,70.7,0.0,1017,0,0.000,0.005,0.005,0.001,14.4,5.4,11
12/10/2024,22:00,156,1.4,16.2,0.5,21.2,73.1,0.0,1017,1,0.000,0.005,0.005,0.001,13.0,5.4,12
12/10/2024,23:00,157,1.5,17.9,0.5,20.7,72.3,0.0,1017,1,0.000,0.004,0.004,0.001,14.9,5.8,12
13/10/2024,00:00,159,1.7,18.3,0.6,20.5,72.0,0.0,1016,1,0.000,0.002,0.002,0.000,13.2,5.1,10
13/10/2024,01:00,153,2.1,15.2,0.6,20.0,73.8,0.0,1016,1,0.000,0.002,0.002,0.000,11.9,4.7,6
13/10/2024,02:00,156,2.0,20.0,0.6,19.9,76.6,0.0,1015,0,0.000,0.002,0.003,0.000,12.6,5.0,8
13/10/2024,03:00,153,2.0,17.3,0.6,19.6,77.4,0.0,1015,0,0.000,0.002,0.002,0.000,12.8,5.3,10
13/10/2024,04:00,158,1.5,18.7,0.5,19.5,78.7,0.0,1015,1,0.000,0.004,0.004,0.000,13.4,4.9,9
13/10/2024,05:00,155,1.6,22.2,0.6,19.5,79.6,0.0,1016,19,0.000,0.005,0.005,0.000,13.2,5.2,10
13/10/2024,06:00,148,2.0,19.3,0.7,20.1,77.3,0.0,1017,150,0.002,0.009,0.012,0.000,13.7,5.5,14
13/10/2024,07:00,128,3.2,18.2,0.9,21.8,70.8,0.0,1017,372,0.002,0.005,0.007,0.002,14.0,5.7,12
13/10/2024,08:00,106,4.7,17.5,1.5,23.2,65.1,0.0,1018,627,0.008,0.011,0.019,0.009,14.7,5.2,10
13/10/2024,09:00,109,4.8,17.8,1.5,23.8,61.3,0.0,1018,756,0.008,0.010,0.018,0.006,14.3,5.1,9
13/10/2024,10:00,102,5.4,17.6,1.5,24.2,59.2,0.0,1018,747,0.001,0.002,0.003,0.001,13.6,4.9,8
13/10/2024,11:00,97,5.8,17.3,1.6,24.5,58.7,0.0,1017,1024,0.004,0.004,0.008,0.001,16.3,5.2,9
13/10/2024,12:00,94,6.1,16.5,1.8,24.8,58.3,0.0,1017,974,0.000,0.001,0.001,0.000,16.6,5.2,9
13/10/2024,13:00,93,5.7,16.9,1.6,24.4,60.2,0.0,1016,646,0.004,0.001,0.005,0.000,16.2,5.1,9
13/10/2024,14:00,95,5.9,15.2,1.6,24.0,60.2,0.0,1016,440,0.000,0.001,0.001,0.000,15.6,5.1,8
13/10/2024,15:00,96,5.7,16.0,1.5,23.6,62.0,0.0,1016,473,0.000,0.001,0.001,0.000,14.8,5.1,8
13/10/2024,16:00,99,5.3,15.1,1.5,23.4,61.7,0.0,1016,213,0.010,0.007,0.017,0.000,17.1,5.1,8
13/10/2024,17:00,95,4.6,14.3,1.3,23.0,62.8,0.0,1017,38,0.000,0.001,0.001,0.000,15.6,5.0,8
13/10/2024,18:00,94,4.2,16.4,1.3,22.8,64.3,0.0,1017,0,0.000,0.002,0.002,0.000,13.4,4.7,8
13/10/2024,19:00,97,4.3,15.7,1.3,22.6,66.1,0.0,1018,0,0.000,0.002,0.002,0.000,11.9,4.7,8
13/10/2024,20:00,98,4.3,14.4,1.2,22.6,68.2,0.0,1018,0,0.000,0.002,0.002,0.000,12.6,4.7,9
13/10/2024,21:00,110,3.1,15.2,0.9,21.0,80.8,0.7,1018,0,0.001,0.006,0.007,0.001,13.7,5.5,12
13/10/2024,22:00,103,3.4,16.8,1.0,21.9,72.8,0.0,1017,1,0.000,0.002,0.002,0.000,13.5,5.4,12
13/10/2024,23:00,102,3.4,16.2,1.1,22.1,71.0,0.0,1017,0,0.000,0.001,0.001,0.000,14.4,5.6,12
14/10/2024,00:00,105,3.3,16.3,0.9,22.1,70.6,0.0,1017,0,0.000,0.002,0.002,0.000,14.2,5.4,11
14/10/2024,01:00,135,2.1,16.6,0.6,21.1,77.0,0.0,1016,0,0.000,0.005,0.005,0.003,14.5,5.5,12
14/10/2024,02:00,152,1.7,19.7,0.6,20.5,80.8,0.0,1016,0,0.000,0.007,0.007,0.002,13.7,5.8,15
14/10/2024,03:00,154,1.8,16.5,0.6,20.0,82.3,0.0,1016,0,0.000,0.007,0.007,0.001,14.1,5.7,16
14/10/2024,04:00,154,1.4,22.1,0.5,19.9,83.3,0.2,1016,0,0.000,0.011,0.011,0.001,13.9,5.9,16
14/10/2024,05:00,154,1.8,18.5,0.6,19.8,83.5,0.0,1017,9,0.002,0.011,0.013,0.001,18.1,7.1,20
14/10/2024,06:00,156,1.5,21.2,0.5,20.3,81.1,0.0,1018,70,0.004,0.012,0.016,0.000,20.6,7.7,21
14/10/2024,07:00,139,2.5,17.7,0.7,21.5,75.5,0.0,1018,328,0.005,0.010,0.015,0.003,22.1,8.1,22
14/10/2024,08:00,123,3.0,20.4,1.0,22.5,71.3,0.0,1018,234,0.026,0.021,0.046,0.019,20.3,7.9,19
14/10/2024,09:00,119,3.5,19.3,1.1,22.5,71.9,0.0,1018,212,0.015,0.020,0.035,0.015,20.8,7.8,18
14/10/2024,10:00,91,4.4,17.5,1.3,23.2,66.0,0.0,1018,182,0.001,0.002,0.003,0.003,19.7,7.2,15
14/10/2024,11:00,85,4.1,16.9,1.1,23.4,63.0,0.0,1017,165,0.000,0.001,0.001,0.001,16.6,6.9,13
14/10/2024,12:00,89,4.2,16.8,1.2,23.6,63.3,0.0,1017,332,0.000,0.001,0.001,0.000,17.7,6.6,13
14/10/2024,13:00,87,4.2,16.9,1.1,23.7,63.1,0.0,1016,388,0.000,0.001,0.001,0.000,17.3,6.8,13
14/10/2024,14:00,90,3.7,16.1,1.0,23.2,64.7,0.0,1015,227,0.003,0.002,0.005,0.000,19.8,6.9,13
14/10/2024,15:00,93,3.8,16.3,1.1,22.8,70.0,0.0,1015,194,0.006,0.006,0.012,0.000,19.3,7.5,16
14/10/2024,16:00,98,3.7,17.0,1.1,22.6,70.9,0.0,1016,150,0.000,0.001,0.001,0.000,18.6,6.6,14
14/10/2024,17:00,101,3.7,15.1,1.0,21.9,74.6,0.0,1016,31,0.000,0.001,0.001,0.000,14.9,5.5,11
14/10/2024,18:00,100,3.4,16.2,1.0,21.7,76.1,0.0,1016,0,0.000,0.002,0.002,0.000,13.8,5.6,12
14/10/2024,19:00,91,3.7,14.6,1.0,21.9,76.2,0.0,1016,0,0.000,0.002,0.002,0.000,13.0,4.9,10
14/10/2024,20:00,105,3.5,16.3,1.0,22.1,73.7,0.0,1017,0,0.000,0.001,0.001,0.000,14.6,5.5,12
14/10/2024,21:00,98,3.2,16.9,0.9,22.0,74.8,0.6,1017,0,0.000,0.001,0.001,0.000,16.2,5.8,12
14/10/2024,22:00,102,2.5,17.1,0.7,21.4,78.7,0.0,1017,0,0.000,0.002,0.002,0.000,16.7,5.9,13
14/10/2024,23:00,94,2.9,15.6,0.8,21.7,78.9,0.0,1017,1,0.000,0.001,0.002,0.000,16.1,6.2,14
15/10/2024,00:00,103,2.1,16.8,0.6,21.5,79.0,0.0,1016,1,0.000,0.002,0.002,0.000,15.5,5.8,14
15/10/2024,01:00,136,1.6,15.8,0.5,20.8,82.1,0.0,1016,0,0.000,0.005,0.006,0.001,15.8,6.6,16
15/10/2024,02:00,150,1.8,17.8,0.6,20.1,83.8,0.0,1015,1,0.001,0.011,0.012,0.004,15.8,6.5,18
15/10/2024,03:00,151,1.8,19.4,0.6,19.6,85.6,0.0,1015,0,0.000,0.004,0.004,0.001,11.8,4.9,14
15/10/2024,04:00,156,1.1,20.1,0.4,19.4,85.7,0.0,1015,1,0.001,0.009,0.009,0.000,11.9,6.2,27
15/10/2024,05:00,160,0.7,36.6,0.4,19.6,84.8,0.0,1015,17,0.002,0.010,0.013,0.000,13.2,4.7,12
15/10/2024,06:00,167,1.9,22.4,0.7,20.6,79.5,0.0,1016,182,0.002,0.005,0.006,0.000,17.2,5.9,13
15/10/2024,07:00,141,2.3,21.7,0.7,22.1,74.9,0.0,1016,442,0.022,0.015,0.037,0.007,16.1,6.2,17
15/10/2024,08:00,107,2.9,20.9,1.0,22.6,74.1,0.2,1017,564,0.031,0.020,0.051,0.022,14.0,5.5,12
15/10/2024,09:00,81,3.5,16.2,1.0,23.0,74.3,0.0,1017,554,0.000,0.001,0.002,0.002,13.4,5.0,11
15/10/2024,10:00,74,3.9,16.7,1.1,23.6,71.5,0.0,1017,1024,0.002,0.004,0.006,0.001,13.4,6.1,10
15/10/2024,11:00,75,4.4,15.9,1.1,24.2,68.5,0.0,1016,1050,0.001,0.003,0.004,0.000,11.9,4.6,10
15/10/2024,12:00,77,4.6,18.6,1.3,24.3,68.1,0.0,1015,1039,0.001,0.002,0.004,0.000,13.3,5.0,11
15/10/2024,13:00,84,4.3,18.6,1.2,24.4,65.9,0.0,1015,906,0.003,0.001,0.004,0.000,13.0,5.0,11
15/10/2024,14:00,77,4.6,16.2,1.3,24.0,67.3,0.0,1014,693,0.001,0.001,0.002,0.000,12.5,4.9,10
15/10/2024,15:00,86,4.2,18.6,1.2,23.9,67.0,0.0,1014,524,0.004,0.002,0.006,0.000,12.2,4.7,10
15/10/2024,16:00,83,3.8,17.3,1.0,23.2,72.1,0.0,1014,137,0.002,0.001,0.003,0.000,12.2,4.6,10
15/10/2024,17:00,81,3.3,15.8,1.0,22.5,75.4,0.0,1015,48,0.001,0.002,0.003,0.000,13.3,5.0,11
15/10/2024,18:00,85,2.5,17.3,0.7,22.1,76.7,0.0,1015,0,0.000,0.001,0.001,0.000,12.3,4.6,10
15/10/2024,19:00,99,1.7,16.8,0.5,22.0,77.0,0.0,1016,0,0.000,0.003,0.003,0.000,15.5,5.3,11
15/10/2024,20:00,109,2.2,14.8,0.6,21.9,78.4,0.0,1016,1,0.000,0.002,0.002,0.000,13.1,4.1,8
15/10/2024,21:00,109,1.6,14.5,0.4,21.8,79.3,0.0,1017,0,0.000,0.004,0.004,0.000,10.8,3.9,8
15/10/2024,22:00,134,1.1,21.2,0.4,21.5,79.5,0.0,1016,1,0.000,0.006,0.006,0.000,13.9,5.0,14
15/10/2024,23:00,181,0.6,40.0,0.3,20.9,82.4,0.0,1016,1,0.000,0.006,0.007,0.001,17.5,6.1,20
16/10/2024,00:00,279,1.6,14.1,0.4,19.6,86.6,0.0,1016,1,0.000,0.004,0.004,0.001,11.7,5.0,11
16/10/2024,01:00,246,0.6,33.2,0.4,19.7,86.2,0.0,1015,1,0.001,0.004,0.005,0.001,14.8,5.8,11
16/10/2024,02:00,210,1.2,24.8,0.5,20.6,82.9,0.0,1015,1,0.001,0.004,0.004,0.001,20.7,7.2,15
16/10/2024,03:00,209,0.8,30.1,0.4,20.1,83.9,0.0,1015,1,0.001,0.006,0.008,0.000,17.3,6.4,14
16/10/2024,04:00,189,0.7,34.8,0.4,19.8,84.7,0.0,1015,1,0.001,0.006,0.007,0.000,15.9,6.7,17
16/10/2024,05:00,178,1.0,28.6,0.4,20.1,82.7,0.0,1015,22,0.004,0.011,0.015,0.000,20.0,7.3,19
16/10/2024,06:00,153,0.8,35.7,0.5,21.1,79.2,0.0,1016,196,0.005,0.009,0.014,0.001,22.9,7.3,19
16/10/2024,07:00,122,2.3,17.7,0.7,22.4,74.2,0.0,1016,367,0.014,0.013,0.028,0.012,21.0,7.4,18
16/10/2024,08:00,91,3.4,19.7,1.0,23.5,68.4,0.0,1016,493,0.003,0.005,0.008,0.003,19.5,7.2,14
16/10/2024,09:00,74,3.7,19.3,1.0,23.9,65.1,0.0,1017,654,0.000,0.001,0.002,0.001,17.6,5.9,12
16/10/2024,10:00,86,4.7,16.2,1.2,24.1,64.0,0.0,1016,902,0.004,0.002,0.006,0.000,14.6,5.6,11
16/10/2024,11:00,79,4.4,18.3,1.2,24.4,63.6,0.0,1016,897,0.000,0.000,0.001,0.000,15.3,5.6,11
16/10/2024,12:00,83,4.3,18.3,1.2,24.5,63.6,0.0,1015,975,0.003,0.003,0.006,0.000,15.8,5.6,11
16/10/2024,13:00,78,4.5,16.3,1.2,24.4,62.6,0.0,1014,832,0.002,0.003,0.006,0.000,14.9,5.8,10
16/10/2024,14:00,86,4.1,16.4,1.0,24.5,60.0,0.0,1013,765,0.001,0.002,0.004,0.000,13.9,5.2,9
16/10/2024,15:00,85,4.3,15.5,1.1,24.3,61.1,0.0,1013,552,0.002,0.001,0.004,0.000,13.3,5.1,8
16/10/2024,16:00,82,3.7,16.6,1.1,23.8,63.4,0.0,1013,300,0.000,0.001,0.001,0.000,13.6,5.1,8
16/10/2024,17:00,79,3.0,16.3,0.8,23.1,66.3,0.0,1013,66,0.001,0.002,0.003,0.000,14.3,5.1,8
16/10/2024,18:00,79,2.8,14.5,0.8,22.5,69.1,0.0,1014,0,0.000,0.000,0.000,0.000,13.5,5.2,9
16/10/2024,19:00,96,2.5,15.4,0.7,22.5,70.7,0.0,1015,0,0.000,0.002,0.002,0.000,16.1,5.5,10
16/10/2024,20:00,89,2.5,16.1,0.7,22.6,70.5,0.0,1016,0,0.000,0.001,0.001,0.000,14.6,5.3,10
16/10/2024,21:00,83,2.7,16.3,0.7,22.6,72.1,0.0,1016,1,0.000,0.001,0.001,0.000,14.2,5.3,10
16/10/2024,22:00,75,2.1,16.7,0.6,22.5,73.9,0.0,1016,1,0.000,0.001,0.001,0.000,14.5,5.3,11
16/10/2024,23:00,70,1.6,17.0,0.5,22.2,75.5,0.0,1015,2,0.000,0.001,0.001,0.000,14.2,5.4,12
17/10/2024,00:00,72,0.4,46.8,0.3,21.9,78.2,0.0,1015,1,0.000,0.002,0.002,0.000,14.7,5.4,12
17/10/2024,01:00,284,1.0,17.9,0.2,19.8,82.9,0.0,1014,1,0.001,0.005,0.006,0.000,13.8,5.3,8
17/10/2024,02:00,273,1.4,21.5,0.4,18.6,84.0,0.0,1014,1,0.001,0.004,0.005,0.000,12.5,5.1,9
17/10/2024,03:00,271,1.5,19.3,0.4,18.2,84.1,0.0,1014,1,0.000,0.003,0.003,0.000,13.1,5.1,9
17/10/2024,04:00,272,1.9,11.5,0.4,18.1,84.5,0.0,1014,1,0.001,0.005,0.006,0.000,12.7,5.1,9
17/10/2024,05:00,270,1.7,15.0,0.4,18.2,84.3,0.0,1014,15,0.005,0.009,0.014,0.000,13.6,5.1,10
17/10/2024,06:00,279,1.3,15.5,0.3,19.7,79.7,0.0,1015,194,0.005,0.008,0.013,0.000,15.9,5.3,11
17/10/2024,07:00,3,0.4,31.2,0.4,22.7,74.3,0.0,1015,453,0.004,0.006,0.010,0.001,24.3,6.3,15
17/10/2024,08:00,89,1.8,23.1,0.7,24.0,72.5,0.0,1016,686,0.016,0.007,0.023,0.001,16.2,6.3,16
17/10/2024,09:00,73,2.2,26.3,0.7,24.7,70.4,0.0,1016,971,0.003,0.005,0.008,0.001,18.2,6.2,15
17/10/2024,10:00,77,3.4,19.1,0.8,24.9,71.3,0.0,1015,508,0.000,0.001,0.001,0.000,16.1,6.0,14
17/10/2024,11:00,83,4.2,16.2,1.0,25.2,72.3,0.0,1014,666,0.004,0.004,0.008,0.000,18.1,6.2,14
17/10/2024,12:00,85,4.4,15.9,1.2,25.8,71.1,0.0,1013,746,0.003,0.004,0.007,0.000,17.7,6.1,14
17/10/2024,13:00,66,3.7,19.1,1.1,26.8,66.9,0.0,1012,588,0.002,0.002,0.004,0.000,18.1,5.9,14
17/10/2024,14:00,50,3.4,19.1,1.1,26.8,66.1,0.0,1011,664,0.001,0.002,0.003,0.000,16.3,5.9,14
17/10/2024,15:00,45,3.4,17.9,1.1,26.2,67.9,0.0,1011,499,0.001,0.001,0.002,0.000,23.7,6.3,15
17/10/2024,16:00,52,3.3,17.6,1.0,25.3,70.9,0.0,1011,287,0.000,0.002,0.002,0.000,16.8,5.8,14
17/10/2024,17:00,35,2.0,17.8,0.7,24.5,74.4,0.0,1012,63,0.000,0.001,0.001,0.000,17.2,5.8,14
17/10/2024,18:00,37,1.8,19.5,0.6,23.4,79.9,0.0,1013,1,0.000,0.001,0.002,0.000,17.0,6.0,15
17/10/2024,19:00,31,1.2,19.6,0.4,23.4,80.5,0.0,1014,0,0.000,0.002,0.002,0.000,17.8,6.0,15
17/10/2024,20:00,29,1.0,16.2,0.4,23.3,80.5,0.0,1014,1,0.000,0.004,0.004,0.000,21.8,6.0,15
17/10/2024,21:00,47,1.1,18.3,0.4,23.1,81.5,0.0,1014,1,0.000,0.001,0.002,0.000,17.3,5.5,14
17/10/2024,22:00,53,1.3,18.5,0.4,23.1,81.5,0.0,1014,1,0.000,0.001,0.001,0.000,18.9,5.7,14
17/10/2024,23:00,49,1.5,19.5,0.6,22.9,81.8,0.0,1014,1,0.000,0.001,0.001,0.000,17.5,5.4,13
18/10/2024,00:00,45,1.3,20.5,0.4,22.8,82.0,0.0,1013,1,0.000,0.001,0.001,0.000,12.9,5.1,12
18/10/2024,01:00,46,1.2,20.9,0.4,22.8,81.9,0.0,1013,1,0.000,0.001,0.002,0.000,13.3,5.3,8
18/10/2024,02:00,46,1.2,18.1,0.4,22.8,81.5,0.0,1012,1,0.000,0.002,0.002,0.000,13.6,5.2,11
18/10/2024,03:00,57,1.1,23.6,0.4,22.7,81.4,0.0,1012,1,0.000,0.001,0.001,0.000,13.5,5.1,11
18/10/2024,04:00,43,0.6,33.3,0.3,22.6,80.5,0.0,1013,1,0.000,0.003,0.003,0.000,15.2,4.9,11
18/10/2024,05:00,333,0.4,21.7,0.2,22.4,81.6,0.0,1014,15,0.000,0.005,0.005,0.000,16.9,5.3,12
18/10/2024,06:00,345,0.4,23.0,0.1,22.8,80.0,0.0,1014,157,0.000,0.002,0.003,0.001,14.2,5.0,12
18/10/2024,07:00,29,0.7,35.0,0.3,23.9,75.6,0.0,1015,344,0.012,0.007,0.019,0.001,18.9,5.4,13
18/10/2024,08:00,77,2.0,26.1,0.6,24.9,69.3,0.0,1015,419,0.005,0.001,0.006,0.000,12.9,4.8,12
18/10/2024,09:00,78,3.0,17.8,0.8,25.1,68.9,0.0,1015,787,0.006,0.005,0.011,0.000,13.6,4.7,11
18/10/2024,10:00,83,3.2,18.1,0.9,25.4,68.2,0.0,1014,1004,0.000,0.001,0.001,0.000,12.8,4.7,10
18/10/2024,11:00,80,2.9,19.6,0.9,26.4,63.8,0.0,1013,708,0.002,0.002,0.004,0.000,13.8,5.0,11
18/10/2024,12:00,78,3.8,15.4,0.9,26.9,62.0,0.0,1012,719,0.003,0.002,0.004,0.000,13.6,5.1,11
18/10/2024,13:00,56,3.2,20.1,1.1,28.0,54.8,0.0,1012,942,0.001,0.003,0.004,0.000,13.6,5.0,9
18/10/2024,14:00,43,3.4,19.1,1.1,28.0,52.8,0.0,1011,747,0.000,0.001,0.001,0.000,13.9,4.6,7
18/10/2024,15:00,42,3.0,18.5,1.0,27.1,54.5,0.0,1010,535,0.000,0.001,0.002,0.000,15.5,4.4,7
18/10/2024,16:00,29,2.4,19.4,0.9,26.2,59.2,0.0,1011,288,0.000,0.002,0.002,0.000,13.9,4.5,8
18/10/2024,17:00,28,1.7,34.4,0.7,24.8,66.4,0.0,1011,65,0.000,0.001,0.001,0.000,13.2,4.6,9
18/10/2024,18:00,32,1.7,16.6,0.5,23.5,73.0,0.0,1012,1,0.000,0.000,0.000,0.000,13.4,4.9,10
18/10/2024,19:00,10,1.2,16.8,0.4,23.0,77.7,0.0,1012,2,0.000,0.000,0.001,0.000,14.9,5.2,11
18/10/2024,20:00,357,0.6,18.7,0.2,22.5,80.2,0.0,1013,1,0.000,0.001,0.001,0.000,13.2,5.0,11
18/10/2024,21:00,33,0.5,23.8,0.2,22.2,82.0,0.0,1012,1,0.000,0.001,0.001,0.000,12.9,5.1,11
18/10/2024,22:00,16,0.5,24.0,0.2,22.0,83.4,0.0,1012,1,0.000,0.001,0.001,0.000,13.0,5.1,11
18/10/2024,23:00,146,0.2,34.0,0.2,21.8,85.1,0.0,1011,1,0.000,0.002,0.002,0.000,12.5,5.0,11
19/10/2024,00:00,292,0.4,30.4,0.2,20.7,88.6,0.0,1011,1,0.000,0.005,0.006,0.000,13.2,4.8,11
19/10/2024,01:00,296,0.5,27.9,0.1,20.7,89.4,0.0,1010,1,0.001,0.006,0.007,0.000,11.8,4.7,8
19/10/2024,02:00,231,0.2,39.7,0.1,21.3,87.6,0.0,1010,1,0.005,0.008,0.013,0.000,15.9,4.9,11
19/10/2024,03:00,274,0.2,31.2,0.1,21.4,87.4,0.0,1010,1,0.006,0.008,0.014,0.000,16.3,5.1,12
19/10/2024,04:00,321,0.7,18.3,0.3,21.9,86.4,0.0,1010,0,0.000,0.004,0.004,0.000,12.1,4.9,11
19/10/2024,05:00,36,0.3,34.2,0.1,22.0,86.0,0.0,1011,23,0.000,0.001,0.001,0.000,13.3,5.0,11
19/10/2024,06:00,4,0.8,31.7,0.3,22.9,83.6,0.0,1011,198,0.000,0.001,0.001,0.001,13.1,5.1,12
19/10/2024,07:00,344,1.8,24.5,0.7,24.1,78.1,0.0,1012,400,0.009,0.006,0.016,0.002,16.0,5.3,12
19/10/2024,08:00,331,2.0,26.5,0.8,25.5,69.0,0.0,1012,621,0.001,0.003,0.004,0.002,18.2,5.3,12
19/10/2024,09:00,333,2.2,32.6,1.1,26.9,61.7,0.0,1011,855,0.003,0.003,0.006,0.002,16.0,5.2,11
19/10/2024,10:00,342,2.6,26.0,1.2,27.8,52.9,0.0,1011,980,0.002,0.002,0.004,0.001,11.4,4.7,10
19/10/2024,11:00,0,2.7,25.9,1.2,28.5,52.1,0.0,1010,1024,0.006,0.006,0.012,0.001,14.4,5.1,10
19/10/2024,12:00,7,2.7,24.8,1.0,29.2,53.7,0.0,1009,917,0.017,0.017,0.034,0.001,21.0,6.0,13
19/10/2024,13:00,7,2.7,25.8,1.1,29.5,57.0,0.0,1008,836,0.014,0.013,0.027,0.001,48.3,8.1,14
19/10/2024,14:00,2,3.3,21.5,1.3,28.9,60.2,0.0,1008,642,0.010,0.009,0.020,0.000,21.0,6.4,13
19/10/2024,15:00,9,3.2,23.2,1.2,27.6,64.4,0.0,1007,408,0.010,0.012,0.022,0.000,23.9,6.8,14
19/10/2024,16:00,12,2.9,23.5,1.1,26.7,67.8,0.0,1007,202,0.003,0.004,0.007,0.000,26.4,7.4,16
19/10/2024,17:00,5,1.9,26.5,0.8,25.8,71.1,0.0,1007,37,0.000,0.000,0.000,0.000,23.1,6.9,16
19/10/2024,18:00,4,1.5,31.3,0.7,25.0,74.5,0.0,1007,1,0.000,0.000,0.000,0.000,17.8,6.8,16
19/10/2024,19:00,336,1.4,28.3,0.7,24.6,76.0,0.0,1008,0,0.000,0.001,0.001,0.002,18.5,7.1,17
19/10/2024,20:00,326,1.2,30.5,0.7,24.4,76.8,0.0,1009,0,0.000,0.002,0.002,0.005,17.3,6.7,17
19/10/2024,21:00,322,1.7,21.2,0.6,24.2,79.1,0.0,1009,0,0.000,0.001,0.001,0.003,17.2,6.7,16
19/10/2024,22:00,296,0.7,43.9,0.3,24.4,76.3,0.0,1010,0,0.000,0.001,0.001,0.002,16.3,6.5,16
19/10/2024,23:00,351,1.0,24.4,0.5,23.7,78.6,0.0,1009,1,0.001,0.003,0.004,0.001,18.9,6.8,17
20/10/2024,00:00,84,0.1,35.0,0.9,24.5,65.6,0.0,1007,0,0.000,0.001,0.001,0.002,18.5,6.9,15
20/10/2024,01:00,152,1.2,39.5,0.6,24.2,72.1,0.0,1008,0,0.012,0.021,0.033,0.007,20.3,7.5,17
20/10/2024,02:00,321,1.0,23.0,0.4,24.0,63.1,0.0,1008,0,0.001,0.013,0.014,0.004,16.4,6.7,15
20/10/2024,03:00,231,0.2,28.5,0.2,22.8,65.0,0.0,1009,1,0.001,0.009,0.010,0.001,15.4,6.4,14
20/10/2024,04:00,302,0.5,26.0,0.2,20.7,76.3,0.0,1009,1,0.000,0.007,0.008,0.001,16.4,6.3,14
20/10/2024,05:00,295,0.8,14.3,0.2,19.8,81.3,0.0,1010,19,0.006,0.012,0.017,0.001,17.0,6.6,15
20/10/2024,06:00,300,1.0,12.7,0.3,22.1,75.5,0.0,1011,211,0.003,0.007,0.009,0.001,16.1,6.8,15
20/10/2024,07:00,65,0.8,23.2,0.3,25.7,65.0,0.0,1011,424,0.018,0.006,0.024,0.001,22.8,7.2,17
20/10/2024,08:00,70,2.1,18.3,0.7,27.0,60.2,0.0,1012,666,0.010,0.013,0.023,0.005,18.9,7.6,17
20/10/2024,09:00,75,4.1,17.4,1.1,27.3,56.2,0.0,1012,864,0.003,0.007,0.011,0.004,21.2,8.3,19
20/10/2024,10:00,74,4.7,15.5,1.3,27.1,63.4,0.0,1011,984,0.002,0.002,0.004,0.002,25.4,9.8,25
20/10/2024,11:00,71,4.9,16.2,1.4,26.8,67.5,0.0,1011,1032,0.001,0.004,0.006,0.001,23.6,10.2,27
20/10/2024,12:00,76,4.6,15.5,1.4,26.9,65.8,0.0,1010,1003,0.001,0.002,0.003,0.000,24.7,9.8,26
20/10/2024,13:00,74,4.8,16.7,1.4,26.4,69.2,0.0,1010,898,0.001,0.002,0.002,0.000,24.1,9.5,25
20/10/2024,14:00,70,4.4,17.8,1.3,26.1,71.3,0.0,1010,740,0.001,0.001,0.002,0.000,23.1,9.4,25
20/10/2024,15:00,75,4.3,16.3,1.3,25.8,71.7,0.0,1010,515,0.000,0.001,0.001,0.000,24.0,9.0,24
20/10/2024,16:00,78,4.1,15.2,1.3,25.4,72.5,0.0,1010,263,0.000,0.001,0.002,0.000,23.2,8.8,23
20/10/2024,17:00,81,3.5,16.0,1.0,24.6,74.4,0.0,1010,70,0.000,0.001,0.001,0.000,24.2,9.0,22
20/10/2024,18:00,87,3.5,15.1,1.1,24.1,75.9,0.0,1011,1,0.000,0.001,0.001,0.000,23.0,9.0,23
20/10/2024,19:00,93,3.8,14.5,1.1,24.0,78.8,0.0,1012,0,0.000,0.003,0.003,0.000,25.3,9.8,25
20/10/2024,20:00,92,3.6,15.6,1.1,23.9,78.3,0.0,1013,0,0.000,0.002,0.002,0.000,26.8,9.9,25
20/10/2024,21:00,98,3.6,14.8,1.0,23.7,76.8,0.0,1013,0,0.000,0.001,0.001,0.000,27.7,10.0,24
20/10/2024,22:00,105,3.5,15.6,1.0,23.6,75.4,0.0,1013,0,0.000,0.008,0.008,0.002,29.5,10.5,24
20/10/2024,23:00,115,3.0,16.5,0.9,23.4,75.3,0.0,1013,0,0.002,0.020,0.022,0.007,28.9,11.0,26
21/10/2024,00:00,131,2.3,14.8,0.6,23.0,76.1,0.0,1012,0,0.002,0.017,0.019,0.010,33.0,11.6,27
21/10/2024,01:00,144,2.1,13.3,0.6,22.3,76.3,0.0,1012,0,0.000,0.003,0.003,0.003,30.6,11.2,23
21/10/2024,02:00,150,1.6,20.4,0.5,21.9,76.9,0.0,1012,0,0.000,0.007,0.007,0.001,31.2,12.0,32
21/10/2024,03:00,156,1.2,22.9,0.4,21.6,78.0,0.0,1012,1,0.000,0.007,0.007,0.001,40.3,11.5,29
21/10/2024,04:00,160,1.4,17.7,0.4,21.4,78.4,0.0,1012,1,0.000,0.006,0.006,0.000,38.3,11.7,29
21/10/2024,05:00,153,1.4,18.0,0.5,21.3,78.9,0.0,1013,23,0.002,0.012,0.014,0.000,41.1,11.8,30
21/10/2024,06:00,152,1.9,19.6,0.6,22.2,76.1,0.0,1013,175,0.001,0.007,0.008,0.000,37.4,12.0,33
21/10/2024,07:00,128,2.3,22.9,0.7,23.4,73.1,0.0,1013,326,0.012,0.014,0.026,0.007,34.8,11.5,29
21/10/2024,08:00,113,3.3,16.4,0.9,23.7,72.6,0.0,1014,248,0.020,0.026,0.046,0.022,34.2,12.1,29
21/10/2024,09:00,96,3.2,16.9,0.9,24.1,70.2,0.0,1014,178,0.005,0.009,0.014,0.005,33.5,11.5,28
21/10/2024,10:00,83,3.8,15.4,1.1,24.4,69.1,0.0,1013,228,0.003,0.002,0.005,0.001,32.8,10.9,27
21/10/2024,11:00,81,3.5,16.6,1.0,24.5,67.9,0.0,1013,377,0.003,0.002,0.005,0.001,29.8,10.4,26
21/10/2024,12:00,73,3.7,19.2,1.1,24.9,67.7,0.0,1012,719,0.002,0.002,0.004,0.000,29.2,10.2,25
21/10/2024,13:00,74,3.8,16.6,1.0,25.0,67.0,0.0,1012,632,0.000,0.001,0.001,0.000,28.4,9.7,24
21/10/2024,14:00,81,3.8,16.3,1.1,25.3,66.4,0.0,1011,559,0.004,0.008,0.011,0.000,27.0,9.7,24
21/10/2024,15:00,84,3.8,16.2,1.0,25.3,64.7,0.0,1010,398,0.003,0.004,0.006,0.000,24.7,9.2,23
21/10/2024,16:00,80,3.3,15.2,0.8,24.9,65.5,0.0,1010,284,0.000,0.001,0.001,0.000,24.6,9.7,25
21/10/2024,17:00,59,1.8,19.1,0.6,24.4,65.0,0.0,1010,58,0.000,0.000,0.000,0.000,23.3,8.6,20
21/10/2024,18:00,42,0.9,19.3,0.3,23.5,69.2,0.0,1011,1,0.000,0.001,0.001,0.000,28.0,8.7,21
21/10/2024,19:00,45,0.9,17.0,0.3,23.2,69.0,0.0,1011,1,0.000,0.001,0.001,0.000,25.3,8.2,20
21/10/2024,20:00,23,0.4,34.3,0.2,22.8,71.9,0.0,1012,1,0.002,0.008,0.010,0.000,22.3,7.9,20
21/10/2024,21:00,16,0.4,37.8,0.2,22.7,74.2,0.0,1012,1,0.006,0.018,0.023,0.000,21.6,8.3,22
21/10/2024,22:00,305,0.5,25.7,0.2,21.7,79.7,0.0,1012,1,0.009,0.019,0.028,0.000,21.0,8.2,21
21/10/2024,23:00,312,0.2,45.0,0.2,21.4,82.0,0.0,1012,1,0.015,0.017,0.032,0.000,21.8,8.0,21
22/10/2024,00:00,316,0.4,26.6,0.2,21.7,82.2,0.0,1011,1,0.007,0.012,0.019,0.000,20.7,8.1,22
22/10/2024,01:00,302,0.5,23.5,0.2,21.1,84.0,0.0,1011,1,0.010,0.013,0.023,0.000,20.1,7.6,15
22/10/2024,02:00,290,0.8,8.6,0.1,20.7,85.8,0.0,1010,1,0.007,0.011,0.018,0.000,19.3,7.3,17
22/10/2024,03:00,302,0.8,14.4,0.2,20.2,87.5,0.0,1010,1,0.009,0.012,0.021,0.000,20.1,7.5,19
22/10/2024,04:00,305,0.9,13.5,0.2,19.7,88.9,0.0,1011,1,0.004,0.011,0.015,0.000,20.5,7.8,21
22/10/2024,05:00,294,0.8,12.5,0.2,20.1,86.9,0.0,1011,20,0.005,0.012,0.017,0.000,21.0,8.3,24
22/10/2024,06:00,288,1.2,9.9,0.2,20.7,85.8,0.0,1012,49,0.005,0.012,0.017,0.000,23.4,8.8,25
22/10/2024,07:00,275,0.9,22.5,0.3,22.5,80.9,0.0,1012,76,0.010,0.011,0.022,0.000,28.0,8.8,25
22/10/2024,08:00,334,1.2,27.6,0.5,24.4,71.6,0.0,1013,392,0.011,0.013,0.024,0.001,26.8,8.5,23
22/10/2024,09:00,341,1.6,30.9,0.8,25.4,65.8,0.0,1012,162,0.004,0.004,0.008,0.002,26.2,8.0,20
22/10/2024,10:00,315,1.8,22.7,0.6,24.9,68.4,0.0,1012,452,0.013,0.003,0.017,0.001,28.9,8.2,21
22/10/2024,11:00,320,1.1,34.6,0.7,26.5,62.5,0.0,1011,581,0.010,0.007,0.017,0.001,25.6,8.3,21
22/10/2024,12:00,70,1.9,22.2,0.7,26.4,63.6,0.0,1011,651,0.001,0.002,0.003,0.001,19.1,8.0,22
22/10/2024,13:00,41,2.1,21.8,0.7,27.5,58.0,0.0,1010,574,0.001,0.002,0.003,0.000,19.0,7.9,19
22/10/2024,14:00,353,1.9,26.3,0.8,28.7,50.0,0.0,1008,323,0.009,0.013,0.022,0.000,23.4,8.5,19
22/10/2024,15:00,357,2.0,29.1,0.9,29.1,47.3,0.0,1008,454,0.013,0.015,0.028,0.001,19.3,8.6,20
22/10/2024,16:00,9,2.7,21.8,1.0,27.8,51.3,0.0,1008,287,0.004,0.006,0.011,0.000,19.2,7.2,16
22/10/2024,17:00,8,1.8,25.1,0.9,26.3,59.2,0.0,1008,70,0.000,0.001,0.002,0.000,23.1,7.4,18
22/10/2024,18:00,3,1.6,25.0,0.8,24.5,69.5,0.0,1009,1,0.000,0.000,0.001,0.000,17.1,7.0,18
22/10/2024,19:00,6,1.1,25.5,0.5,23.6,73.6,0.0,1010,1,0.000,0.001,0.001,0.001,16.0,7.0,19
22/10/2024,20:00,52,0.7,21.7,0.2,23.0,77.5,0.0,1010,0,0.000,0.001,0.001,0.000,18.7,7.3,20
22/10/2024,21:00,163,0.3,29.1,0.1,22.3,81.2,0.0,1010,1,0.004,0.010,0.014,0.000,23.2,8.0,22
22/10/2024,22:00,144,0.6,13.2,0.1,21.6,85.3,0.0,1010,0,0.001,0.007,0.008,0.000,18.8,7.3,21
22/10/2024,23:00,147,0.4,21.6,0.1,21.3,87.7,0.0,1010,1,0.002,0.008,0.010,0.000,16.8,7.0,20
23/10/2024,00:00,200,0.3,19.8,0.1,21.0,89.2,0.0,1010,1,0.003,0.009,0.012,0.000,17.7,6.9,19
23/10/2024,01:00,213,0.3,24.4,0.1,21.2,89.5,0.0,1010,0,0.004,0.007,0.011,0.000,15.8,6.8,14
23/10/2024,02:00,277,0.4,23.4,0.1,20.6,90.5,0.0,1009,0,0.006,0.008,0.014,0.000,16.4,6.6,17
23/10/2024,03:00,292,0.8,9.1,0.2,19.9,93.4,0.0,1010,1,0.014,0.008,0.022,0.000,15.0,6.5,17
23/10/2024,04:00,308,0.7,14.3,0.2,19.5,94.2,0.0,1010,1,0.013,0.008,0.021,0.000,14.3,6.4,18
23/10/2024,05:00,308,0.7,11.8,0.2,19.1,94.7,0.0,1011,17,0.017,0.009,0.026,0.000,16.3,6.6,18
23/10/2024,06:00,294,1.0,10.5,0.2,20.5,93.0,0.0,1011,90,0.019,0.010,0.029,0.000,20.9,7.5,23
23/10/2024,07:00,289,0.7,32.0,0.4,23.7,82.5,0.0,1012,371,0.008,0.008,0.015,0.000,22.8,8.1,23
23/10/2024,08:00,346,1.8,26.9,0.8,26.0,67.4,0.0,1012,650,0.001,0.001,0.002,0.001,16.7,6.9,18
23/10/2024,09:00,320,2.2,30.7,1.1,27.5,55.0,0.0,1011,871,0.005,0.005,0.010,0.001,19.1,6.5,15
23/10/2024,10:00,340,2.1,37.2,0.9,28.8,50.3,0.0,1011,1008,0.008,0.004,0.012,0.001,18.4,6.5,14
23/10/2024,11:00,335,2.0,35.0,1.0,29.5,47.0,0.0,1010,1053,0.004,0.004,0.008,0.001,16.2,6.2,13
23/10/2024,12:00,20,2.8,26.1,1.0,29.8,48.4,0.0,1009,876,0.007,0.008,0.015,0.000,17.9,6.9,15
23/10/2024,13:00,20,3.0,24.6,1.1,29.9,52.5,0.0,1008,722,0.008,0.011,0.019,0.000,20.6,8.0,19
23/10/2024,14:00,15,2.8,22.7,1.2,29.3,57.8,0.0,1007,509,0.005,0.006,0.011,0.000,22.5,7.5,19
23/10/2024,15:00,3,2.9,25.0,1.2,28.9,59.4,0.0,1006,406,0.006,0.006,0.012,0.000,21.9,7.5,20
23/10/2024,16:00,5,2.9,24.2,1.1,27.7,63.4,0.0,1006,282,0.005,0.005,0.009,0.000,18.0,7.5,20
23/10/2024,17:00,10,2.3,25.2,1.0,26.4,68.3,0.0,1007,67,0.000,0.001,0.001,0.000,19.8,7.6,20
23/10/2024,18:00,2,1.8,26.4,0.8,25.0,74.4,0.0,1007,1,0.000,0.001,0.001,0.000,16.7,7.4,21
23/10/2024,19:00,8,1.2,28.7,0.6,24.2,78.6,0.0,1008,1,0.000,0.000,0.000,0.000,16.9,7.6,22
23/10/2024,20:00,11,0.8,32.0,0.4,23.9,81.1,0.0,1008,1,0.000,0.001,0.001,0.000,16.5,7.6,22
23/10/2024,21:00,13,0.6,41.0,0.3,23.6,82.3,0.0,1009,1,0.000,0.001,0.001,0.000,16.0,7.5,22
23/10/2024,22:00,36,0.7,33.3,0.3,23.4,83.3,0.0,1009,1,0.000,0.001,0.001,0.000,16.2,7.4,22
23/10/2024,23:00,21,0.8,30.9,0.4,23.1,84.5,0.0,1009,1,0.000,0.000,0.001,0.000,16.0,7.1,21
24/10/2024,00:00,24,0.3,46.0,0.3,23.0,84.8,0.0,1008,1,0.000,0.001,0.001,0.000,15.9,7.0,21
24/10/2024,01:00,157,0.4,23.2,0.2,22.5,86.8,0.0,1008,1,0.001,0.005,0.007,0.001,15.0,6.9,17
24/10/2024,02:00,172,0.3,32.2,0.1,22.1,88.4,0.0,1008,1,0.003,0.009,0.012,0.000,18.1,8.2,25
24/10/2024,03:00,207,0.3,26.9,0.1,22.1,88.4,0.0,1008,1,0.013,0.012,0.025,0.000,24.6,11.7,39
24/10/2024,04:00,283,0.5,18.0,0.1,21.4,90.9,0.0,1008,1,0.019,0.010,0.029,0.000,21.2,12.4,40
24/10/2024,05:00,295,0.8,13.9,0.1,20.6,91.8,0.0,1009,32,0.031,0.012,0.043,0.001,22.1,12.9,45
24/10/2024,06:00,329,0.3,34.3,0.3,23.5,83.4,0.0,1010,221,0.019,0.009,0.028,0.000,20.0,10.5,33
24/10/2024,07:00,339,2.0,25.7,0.9,25.3,73.9,0.0,1010,435,0.003,0.005,0.007,0.001,15.7,6.7,19
24/10/2024,08:00,353,2.7,25.9,1.2,26.9,60.8,0.0,1010,720,0.003,0.003,0.006,0.001,17.2,6.6,16
24/10/2024,09:00,325,3.0,25.0,1.3,27.8,55.6,0.0,1010,876,0.001,0.002,0.003,0.001,17.6,6.7,16
24/10/2024,10:00,328,2.8,28.5,1.3,28.7,53.8,0.0,1009,989,0.001,0.002,0.003,0.001,17.4,7.0,17
24/10/2024,11:00,328,2.2,40.3,1.0,29.8,51.4,,1008,1030,0.004,0.004,0.007,0.001,18.8,7.8,21
24/10/2024,12:00,343,2.5,28.9,1.2,30.7,50.8,0.0,1007,977,,,,,,,
24/10/2024,13:00,338,2.8,25.8,1.2,30.9,51.9,0.0,1006,892,0.004,0.006,0.010,0.001,,,28
24/10/2024,14:00,19,3.1,23.6,1.2,30.2,55.1,0.0,1005,722,0.008,0.012,0.020,0.001,,,51
24/10/2024,15:00,4,2.9,26.1,1.3,29.4,55.9,0.0,1004,508,0.012,0.014,0.025,0.001,,,64
24/10/2024,16:00,6,2.7,24.0,1.2,28.2,59.1,0.0,1004,189,0.003,0.007,0.010,0.001,,,54
24/10/2024,17:00,4,2.6,22.6,1.0,26.6,67.6,0.0,1005,34,0.000,0.003,0.003,0.000,,,21
24/10/2024,18:00,340,2.1,23.7,1.0,25.7,71.6,0.0,1006,1,0.000,0.001,0.001,0.001,,,30
24/10/2024,19:00,240,4.0,20.7,1.3,24.2,70.3,0.0,1009,0,0.000,0.003,0.003,0.001,,,20
24/10/2024,20:00,238,2.2,18.2,0.6,23.2,74.9,0.2,1010,0,0.000,0.004,0.005,0.001,,,10
24/10/2024,21:00,338,1.1,24.8,0.5,21.7,85.7,0.9,1011,0,0.000,0.003,0.003,0.000,,,14
24/10/2024,22:00,334,2.4,21.8,1.0,20.9,87.6,0.5,1010,1,0.000,0.002,0.002,0.000,,,14
24/10/2024,23:00,355,2.6,21.3,1.0,20.5,90.4,0.6,1009,1,0.000,0.002,0.002,0.001,,,14
25/10/2024,00:00,334,1.5,26.6,0.7,21.1,82.4,0.0,1007,2,0.000,0.004,0.004,0.001,,,25
25/10/2024,01:00,286,1.0,29.4,0.5,21.7,73.4,0.0,1007,1,0.000,0.002,0.002,0.001,,,24
25/10/2024,02:00,250,2.2,16.9,0.6,21.5,76.7,0.0,1007,0,0.000,0.002,0.002,0.001,,,25
25/10/2024,03:00,218,2.6,14.4,0.6,21.1,78.2,0.0,1008,0,0.000,0.003,0.003,0.000,,,28
25/10/2024,04:00,238,2.0,29.0,0.6,21.6,73.9,0.0,1008,1,0.000,0.003,0.003,0.000,,,30
25/10/2024,05:00,237,2.4,12.5,0.5,21.5,74.3,0.0,1009,22,0.002,0.007,0.009,0.000,,,29
25/10/2024,06:00,255,1.7,22.2,0.5,22.4,68.3,0.0,1010,191,0.002,0.011,0.012,0.001,,,25
25/10/2024,07:00,247,2.3,19.6,0.7,24.7,56.0,0.0,1010,472,0.002,0.006,0.008,0.003,,,20
25/10/2024,08:00,260,2.5,24.1,0.9,25.8,56.3,0.0,1010,704,0.001,0.003,0.004,0.001,16.3,8.4,21
25/10/2024,09:00,258,1.8,35.4,0.8,26.8,55.4,0.0,1010,825,0.000,0.002,0.002,0.001,18.8,8.9,23
25/10/2024,10:00,257,0.8,46.4,0.7,28.1,52.4,0.0,1010,831,0.002,0.007,0.009,0.001,18.1,9.1,24
25/10/2024,11:00,183,1.1,31.9,0.8,28.9,49.9,0.0,1009,666,0.001,0.003,0.004,0.001,22.9,9.0,24
25/10/2024,12:00,86,1.4,31.6,0.7,29.7,48.4,0.0,1008,855,0.001,0.003,0.004,0.001,17.5,9.1,24
25/10/2024,13:00,81,4.0,14.8,1.0,28.8,54.1,0.0,1007,543,0.002,0.005,0.006,0.003,17.9,9.1,25
25/10/2024,14:00,80,3.4,16.1,0.9,29.4,51.9,0.0,1006,582,0.001,0.003,0.004,0.003,17.4,9.1,25
25/10/2024,15:00,66,3.1,16.9,0.9,29.6,52.5,0.0,1006,555,0.001,0.003,0.004,0.002,18.7,9.2,25
25/10/2024,16:00,59,2.2,20.6,0.7,29.1,53.4,0.0,1007,308,0.000,0.003,0.003,0.002,17.9,9.4,25
25/10/2024,17:00,43,1.4,19.6,0.5,28.3,56.8,0.0,1008,64,0.000,0.002,0.002,0.001,17.7,9.2,26
25/10/2024,18:00,63,0.8,25.3,0.4,26.1,71.3,0.0,1009,2,0.000,0.003,0.003,0.001,17.1,10.1,30
25/10/2024,19:00,73,0.2,32.2,0.2,24.9,77.4,0.0,1010,1,0.000,0.010,0.010,0.000,19.3,10.2,31
25/10/2024,20:00,259,0.3,20.3,0.1,23.6,83.3,0.0,1011,1,0.007,0.017,0.023,0.000,21.6,10.4,30
25/10/2024,21:00,298,0.5,15.4,0.1,22.2,88.7,0.0,1012,1,0.009,0.015,0.023,0.000,18.1,9.6,29
25/10/2024,22:00,292,0.8,18.2,0.2,21.4,91.9,0.0,1012,1,0.004,0.012,0.016,0.000,17.6,9.5,28
25/10/2024,23:00,289,0.8,21.7,0.2,21.2,92.8,0.0,1012,1,0.001,0.010,0.011,0.000,17.5,9.7,29
26/10/2024,00:00,290,0.8,24.2,0.2,21.0,93.2,0.0,1012,1,0.001,0.009,0.010,0.000,17.8,9.9,30
26/10/2024,01:00,150,1.3,18.1,0.4,21.8,90.4,0.0,1012,1,0.000,0.007,0.008,0.000,21.9,13.1,58
26/10/2024,02:00,153,1.5,17.8,0.5,21.7,84.6,0.0,1012,0,0.000,0.006,0.007,0.001,23.7,14.4,78
26/10/2024,03:00,249,1.1,16.6,0.4,20.8,85.7,0.0,1012,0,0.000,0.005,0.005,0.000,17.2,10.6,34
26/10/2024,04:00,276,2.2,9.2,0.4,19.7,86.5,0.0,1012,1,0.000,0.005,0.005,0.000,16.9,10.4,31
26/10/2024,05:00,277,2.2,12.8,0.4,18.8,84.6,0.0,1013,33,0.001,0.005,0.005,0.000,18.4,11.0,32
26/10/2024,06:00,271,2.3,15.1,0.6,19.7,80.3,0.0,1014,245,0.002,0.005,0.006,0.000,18.9,11.0,32
26/10/2024,07:00,191,0.5,22.7,0.5,23.1,74.4,0.0,1014,482,0.008,0.013,0.021,0.006,20.0,9.9,26
26/10/2024,08:00,87,2.6,22.7,0.9,25.1,68.1,0.0,1015,698,0.010,0.010,0.020,0.008,16.5,8.2,22
26/10/2024,09:00,70,4.0,16.3,1.1,25.7,65.1,0.0,1015,926,0.000,0.001,0.002,0.001,14.7,7.1,18
26/10/2024,10:00,79,4.4,16.3,1.2,26.0,65.4,0.0,1015,1034,0.001,0.004,0.005,0.001,15.2,6.8,17
26/10/2024,11:00,82,4.6,17.1,1.4,26.3,64.5,0.0,1014,1006,0.000,0.001,0.001,0.000,15.9,6.8,16
26/10/2024,12:00,82,5.0,17.8,1.5,25.9,67.7,0.0,1014,759,0.001,0.001,0.002,0.000,18.7,7.5,18
26/10/2024,13:00,90,5.4,14.3,1.5,25.8,68.4,0.0,1013,364,0.002,0.002,0.004,0.000,19.7,7.9,19
26/10/2024,14:00,86,5.4,15.4,1.3,25.6,69.1,0.0,1012,338,0.001,0.001,0.001,0.000,19.3,7.6,19
26/10/2024,15:00,82,4.8,16.0,1.4,25.4,69.4,0.0,1012,515,0.000,0.001,0.001,0.000,19.8,7.7,19
26/10/2024,16:00,81,4.4,15.4,1.3,24.6,73.3,0.0,1012,173,0.000,0.000,0.001,0.000,19.9,7.7,19
26/10/2024,17:00,73,3.7,16.1,1.2,24.3,72.7,0.0,1013,66,0.000,0.000,0.000,0.000,19.3,7.6,19
26/10/2024,18:00,75,3.6,16.8,1.0,24.0,73.3,0.0,1014,1,0.000,0.001,0.001,0.000,18.4,7.0,17
26/10/2024,19:00,70,3.5,16.0,1.1,23.9,73.1,0.0,1015,0,0.000,0.000,0.000,0.000,17.7,6.7,15
26/10/2024,20:00,70,2.7,17.7,0.8,23.6,72.8,0.0,1016,0,0.000,0.000,0.000,0.000,19.1,6.7,15
26/10/2024,21:00,62,2.4,18.3,0.9,23.7,72.1,0.0,1016,0,0.000,0.000,0.000,0.000,17.9,6.6,15
26/10/2024,22:00,66,2.5,17.4,0.9,23.6,72.2,0.0,1016,0,0.000,0.001,0.001,0.000,21.6,7.5,17
26/10/2024,23:00,71,2.5,16.9,0.8,23.4,71.8,0.0,1016,1,0.000,0.001,0.001,0.000,20.3,7.3,17
27/10/2024,00:00,73,2.1,17.7,0.7,23.2,71.8,0.0,1015,2,0.000,0.000,0.000,0.000,18.3,7.0,16
27/10/2024,01:00,78,1.6,17.1,0.5,22.9,73.0,0.0,1015,2,0.000,0.000,0.001,0.000,17.6,6.5,10
27/10/2024,02:00,79,1.8,15.8,0.6,22.8,73.2,0.0,1014,2,0.000,0.000,0.000,0.000,19.2,6.8,13
27/10/2024,03:00,76,2.1,16.3,0.7,22.9,72.9,0.0,1015,1,0.000,0.000,0.000,0.000,21.4,7.7,16
27/10/2024,04:00,73,2.2,16.1,0.6,23.0,71.7,0.0,1015,1,0.000,0.001,0.001,0.000,22.3,7.7,17
27/10/2024,05:00,68,2.4,16.4,0.8,23.0,71.7,0.0,1015,20,0.000,0.000,0.001,0.000,20.6,7.6,17
27/10/2024,06:00,73,2.7,15.0,0.8,23.8,69.0,0.0,1016,111,0.000,0.001,0.001,0.000,21.4,7.9,18
27/10/2024,07:00,79,3.6,16.7,1.0,24.6,65.1,0.0,1017,355,0.007,0.004,0.010,0.000,21.7,8.2,18
27/10/2024,08:00,84,3.9,17.5,1.1,25.4,61.1,0.0,1018,682,0.003,0.001,0.004,0.000,20.8,7.4,15
27/10/2024,09:00,69,4.0,17.2,1.2,25.7,60.9,0.0,1018,867,0.002,0.003,0.005,0.000,19.0,7.1,15
27/10/2024,10:00,70,3.9,18.7,1.2,26.1,59.3,0.0,1017,867,0.001,0.002,0.003,0.000,19.4,7.1,15
27/10/2024,11:00,76,4.3,17.1,1.3,26.0,60.0,0.0,1017,939,0.000,0.001,0.001,0.000,19.0,7.1,15
27/10/2024,12:00,84,4.8,15.9,1.2,26.0,60.7,0.0,1016,766,0.003,0.001,0.004,0.000,19.1,7.3,15
27/10/2024,13:00,82,4.8,15.8,1.3,25.7,61.0,0.0,1015,777,0.002,0.001,0.003,0.000,19.7,7.3,16
27/10/2024,14:00,85,4.9,17.0,1.3,26.1,58.0,0.0,1015,742,0.002,0.001,0.004,0.000,18.2,7.0,14
27/10/2024,15:00,85,4.2,16.5,1.2,25.7,60.7,0.0,1015,561,0.000,0.000,0.000,0.000,18.8,7.0,15
27/10/2024,16:00,75,3.9,17.8,1.2,25.3,63.6,0.0,1014,307,0.000,0.001,0.001,0.000,19.4,7.4,16
27/10/2024,17:00,64,3.4,15.8,1.1,24.4,65.6,0.0,1015,68,0.000,0.000,0.000,0.000,18.8,6.8,15
27/10/2024,18:00,67,3.6,14.8,1.0,23.8,67.1,0.0,1015,1,0.000,0.000,0.000,0.000,18.8,6.5,14
27/10/2024,19:00,69,3.0,16.6,0.9,23.8,64.9,0.0,1016,0,0.000,0.000,0.000,0.000,19.3,6.4,13
27/10/2024,20:00,64,2.8,18.1,0.9,23.6,64.9,0.0,1017,0,0.000,0.000,0.000,0.000,18.0,6.3,13
27/10/2024,21:00,70,2.7,16.2,0.8,23.6,67.1,0.0,1017,1,0.000,0.000,0.000,0.000,18.5,6.5,14
27/10/2024,22:00,68,2.7,16.9,0.8,23.5,64.2,0.0,1017,1,0.000,0.001,0.001,0.000,17.7,6.6,13
27/10/2024,23:00,57,1.4,19.4,0.5,23.1,66.8,0.0,1016,1,0.000,0.000,0.000,0.000,19.3,6.8,14
28/10/2024,00:00,56,1.5,20.0,0.5,23.0,68.3,0.0,1016,2,0.000,0.001,0.001,0.000,18.6,6.9,15
28/10/2024,01:00,79,2.2,18.3,0.7,23.2,70.3,0.0,1015,2,0.000,0.000,0.001,0.000,20.0,7.4,11
28/10/2024,02:00,83,1.6,19.8,0.5,23.3,69.8,0.0,1015,1,0.000,0.000,0.000,0.000,21.0,7.0,12
28/10/2024,03:00,20,0.3,29.8,0.3,22.8,70.2,0.0,1015,1,0.003,0.006,0.009,0.000,20.0,6.4,12
28/10/2024,04:00,277,1.8,10.8,0.3,20.7,78.0,0.0,1016,1,0.001,0.009,0.010,0.000,17.2,6.6,15
28/10/2024,05:00,263,2.5,12.1,0.5,20.1,79.8,0.0,1016,20,0.002,0.006,0.009,0.000,17.5,7.6,18
28/10/2024,06:00,270,1.7,18.5,0.4,20.7,78.2,0.0,1017,68,0.002,0.006,0.008,0.000,19.3,8.1,19
28/10/2024,07:00,272,1.6,13.2,0.3,21.6,75.6,0.0,1017,121,0.003,0.007,0.010,0.000,27.6,8.8,21
28/10/2024,08:00,275,1.8,14.6,0.3,22.5,73.6,0.0,1018,189,0.003,0.007,0.009,0.000,44.1,10.1,23
28/10/2024,09:00,81,1.3,29.0,0.5,23.8,70.2,0.0,1017,245,0.003,0.008,0.011,0.001,37.5,9.9,21
28/10/2024,10:00,84,3.0,20.4,0.8,24.5,65.7,0.0,1017,603,0.000,0.001,0.002,0.000,24.4,7.0,15
28/10/2024,11:00,89,3.6,19.9,1.0,25.0,63.3,0.0,1016,906,0.002,0.002,0.004,0.000,17.5,6.2,12
28/10/2024,12:00,73,3.0,24.7,1.0,25.7,56.2,0.0,1015,977,0.002,0.002,0.005,0.000,14.5,5.7,10
28/10/2024,13:00,77,3.5,19.9,1.0,26.0,56.8,0.0,1015,852,0.001,0.001,0.002,0.000,14.5,5.5,10
28/10/2024,14:00,82,4.2,16.6,1.1,25.8,57.5,0.0,1014,702,,,,,,,
28/10/2024,15:00,70,3.7,17.9,1.1,25.8,58.3,0.0,1014,482,,,,0.000,14.7,5.7,10
28/10/2024,16:00,58,2.6,19.3,0.8,25.7,55.3,0.0,1013,265,0.001,0.001,0.002,0.000,14.7,5.4,9
28/10/2024,17:00,67,2.4,16.1,0.8,24.5,61.6,0.0,1015,37,0.000,0.000,0.001,0.000,15.0,5.6,10
28/10/2024,18:00,63,2.0,18.8,0.7,23.8,70.1,0.0,1015,1,0.000,0.000,0.001,0.000,17.7,6.1,13
28/10/2024,19:00,62,1.8,18.0,0.6,23.7,72.4,0.0,1016,1,0.000,0.001,0.001,0.000,18.0,6.4,15
28/10/2024,20:00,60,1.2,22.4,0.5,23.8,72.8,0.0,1016,1,0.000,0.000,0.000,0.000,18.2,6.3,15
28/10/2024,21:00,82,1.6,19.3,0.6,23.8,73.2,0.0,1017,1,0.000,0.000,0.000,0.000,18.2,6.3,15
28/10/2024,22:00,52,0.7,22.6,0.4,23.7,72.7,0.0,1017,1,0.000,0.000,0.000,0.000,18.3,5.9,14
28/10/2024,23:00,232,1.3,24.5,0.8,21.2,85.0,5.7,1017,0,0.001,0.005,0.006,0.000,17.2,5.9,14
29/10/2024,00:00,297,0.4,16.8,0.5,19.8,87.1,0.2,1015,1,0.000,0.005,0.005,0.000,15.6,6.0,15
29/10/2024,01:00,260,1.3,23.6,0.5,19.5,88.9,0.0,1015,1,0.001,0.006,0.007,0.000,9.2,4.3,9
29/10/2024,02:00,269,1.8,23.8,0.5,18.8,93.2,0.0,1015,0,0.000,0.005,0.006,0.000,11.2,5.5,15
29/10/2024,03:00,261,2.8,12.1,0.5,18.4,93.2,0.0,1015,1,0.001,0.005,0.006,0.000,11.1,5.3,15
29/10/2024,04:00,261,2.3,12.9,0.5,18.2,93.4,0.0,1016,1,0.002,0.007,0.008,0.000,12.0,5.6,16
29/10/2024,05:00,263,2.2,15.3,0.5,18.4,92.4,0.0,1016,33,0.004,0.009,0.014,0.000,14.1,5.5,16
29/10/2024,06:00,270,1.9,13.7,0.5,19.7,89.8,0.0,1016,238,0.007,0.010,0.017,0.001,16.1,6.0,16
29/10/2024,07:00,261,2.5,12.2,0.5,21.9,83.6,0.0,1017,500,0.004,0.005,0.009,0.001,14.9,5.6,14
29/10/2024,08:00,276,2.0,17.6,0.4,23.6,74.9,0.0,1017,657,0.008,0.010,0.017,0.003,16.8,6.1,14
29/10/2024,09:00,244,0.8,31.7,0.5,25.9,58.4,0.0,1017,886,0.001,0.003,0.004,0.001,13.5,5.2,11
29/10/2024,10:00,307,0.4,44.9,0.6,27.1,55.0,0.0,1016,1115,0.001,0.004,0.006,0.002,15.5,5.9,14
29/10/2024,11:00,73,1.7,31.2,0.7,27.9,54.2,0.0,1016,1001,0.002,0.006,0.007,0.003,15.4,6.6,17
29/10/2024,12:00,78,4.3,15.1,1.1,27.5,59.8,0.0,1015,1087,0.005,0.010,0.015,0.007,17.3,7.0,20
29/10/2024,13:00,88,4.9,16.0,1.4,26.4,61.8,0.0,1014,720,0.000,0.001,0.001,0.001,15.5,5.7,14
29/10/2024,14:00,78,3.3,17.5,1.1,25.4,63.8,0.0,1014,162,0.000,0.000,0.001,0.000,14.5,5.4,12
29/10/2024,15:00,67,3.1,18.5,1.0,25.9,58.8,0.0,1014,501,0.003,0.002,0.004,0.000,13.1,5.3,11
29/10/2024,16:00,67,2.8,16.7,1.0,26.1,58.1,0.0,1014,267,0.000,0.000,0.001,0.000,13.7,5.1,10
29/10/2024,17:00,70,2.4,16.7,0.7,25.1,64.0,0.0,1015,89,0.000,0.000,0.000,0.000,13.6,5.0,11
29/10/2024,18:00,63,1.8,16.6,0.6,23.9,70.9,0.0,1016,1,0.000,0.000,0.001,0.000,14.4,5.2,12
29/10/2024,19:00,62,1.3,18.9,0.5,23.6,72.7,0.0,1017,1,0.000,0.001,0.001,0.000,13.7,5.0,12
29/10/2024,20:00,61,1.2,23.0,0.4,23.4,75.3,0.0,1017,2,0.000,0.001,0.001,0.000,12.5,4.8,11
29/10/2024,21:00,314,0.5,29.8,0.2,22.2,80.1,0.0,1017,1,0.008,0.013,0.020,0.000,17.0,5.3,13
29/10/2024,22:00,301,1.1,12.6,0.2,20.0,88.7,0.0,1017,1,0.010,0.012,0.022,0.000,15.9,5.1,13
29/10/2024,23:00,303,1.1,11.6,0.3,19.1,91.7,0.0,1017,1,0.001,0.008,0.009,0.000,13.8,4.9,12
30/10/2024,00:00,303,1.3,12.2,0.3,19.0,92.6,0.0,1016,1,0.001,0.007,0.009,0.000,13.8,5.0,13
30/10/2024,01:00,288,1.5,11.4,0.3,18.8,93.0,0.0,1016,1,0.001,0.006,0.008,0.000,14.5,5.2,11
30/10/2024,02:00,278,1.9,11.6,0.4,18.9,92.3,0.0,1015,1,0.002,0.007,0.009,0.000,12.4,5.2,12
30/10/2024,03:00,274,0.9,24.2,0.3,18.6,92.8,0.0,1015,1,0.007,0.009,0.015,0.000,14.1,5.3,13
30/10/2024,04:00,263,1.6,14.3,0.4,18.8,93.0,0.0,1015,1,0.002,0.008,0.009,0.000,12.2,5.4,14
30/10/2024,05:00,275,0.5,28.8,0.2,19.0,92.0,0.0,1016,43,0.017,0.011,0.028,0.000,14.0,5.5,16
30/10/2024,06:00,290,1.1,12.6,0.2,20.2,88.7,0.0,1016,201,0.010,0.009,0.019,0.000,15.8,6.2,19
30/10/2024,07:00,109,0.8,37.4,0.5,24.0,74.4,0.0,1017,504,0.006,0.008,0.014,0.001,17.2,6.1,20
30/10/2024,08:00,74,1.5,34.1,0.8,25.0,64.1,0.0,1017,652,0.003,0.003,0.006,0.001,11.3,4.9,11
30/10/2024,09:00,76,2.2,21.8,0.7,25.2,61.6,0.0,1017,669,0.000,0.001,0.001,0.000,11.1,4.7,10
30/10/2024,10:00,70,2.5,22.2,0.8,25.9,60.3,0.0,1016,1116,0.008,0.006,0.014,0.000,12.0,4.8,10
30/10/2024,11:00,80,3.6,16.9,0.9,26.1,60.4,0.0,1015,872,0.001,0.002,0.003,0.000,11.8,4.8,10
30/10/2024,12:00,85,4.1,17.0,1.2,26.5,60.9,0.0,1014,459,0.000,0.001,0.001,0.000,11.6,4.5,9
30/10/2024,13:00,77,3.8,20.1,1.3,27.1,58.4,0.0,1013,556,0.000,0.001,0.001,0.000,11.1,4.5,9
30/10/2024,14:00,37,2.8,23.3,1.0,27.5,55.7,0.0,1012,742,0.000,0.001,0.001,0.000,12.4,4.6,9
30/10/2024,15:00,43,3.0,20.7,1.0,27.1,56.6,0.0,1011,554,0.001,0.004,0.005,0.000,12.8,4.6,9
30/10/2024,16:00,41,2.2,23.1,0.8,26.9,56.5,0.0,1011,314,0.006,0.005,0.012,0.000,14.3,4.6,10
30/10/2024,17:00,39,1.9,17.8,0.6,25.8,60.7,0.0,1012,79,0.000,0.002,0.002,0.000,13.0,4.5,9
30/10/2024,18:00,17,1.7,18.2,0.6,24.1,68.5,0.0,1012,2,0.000,0.001,0.001,0.000,14.5,5.0,11
30/10/2024,19:00,4,1.1,18.6,0.4,23.5,72.8,0.0,1013,1,0.000,0.005,0.005,0.000,21.0,5.8,13
30/10/2024,20:00,345,0.9,18.0,0.3,22.9,75.3,0.0,1013,1,0.000,0.004,0.004,0.000,22.5,6.1,13
30/10/2024,21:00,349,0.4,24.5,0.2,22.4,77.7,0.0,1014,1,0.000,0.003,0.003,0.000,10.9,4.6,11
30/10/2024,22:00,239,0.2,38.9,0.1,21.4,82.5,0.0,1014,1,0.004,0.011,0.016,0.000,15.0,5.0,12
30/10/2024,23:00,271,0.3,16.3,0.1,20.3,87.2,0.0,1013,1,0.018,0.012,0.030,0.000,13.4,4.7,11
31/10/2024,00:00,305,0.8,11.8,0.2,19.2,91.7,0.0,1012,1,0.003,0.007,0.010,0.000,10.4,4.3,10
31/10/2024,01:00,288,0.5,23.5,0.1,18.7,91.8,0.0,1012,0,0.018,0.008,0.027,0.001,12.1,4.5,9
31/10/2024,02:00,300,0.8,17.4,0.2,18.0,93.3,0.0,1011,1,0.009,0.008,0.017,0.000,11.4,4.6,10
31/10/2024,03:00,309,0.9,13.3,0.2,17.9,94.2,0.0,1011,0,0.003,0.008,0.011,0.000,11.1,4.7,11
31/10/2024,04:00,306,0.9,21.4,0.2,17.5,95.0,0.0,1011,1,0.008,0.009,0.017,0.000,11.5,4.9,12
31/10/2024,05:00,306,0.6,30.2,0.2,17.8,94.6,0.0,1012,47,0.015,0.009,0.025,0.000,12.1,4.9,13
31/10/2024,06:00,313,0.1,50.1,0.2,21.3,85.4,0.0,1012,257,0.017,0.009,0.026,0.001,13.7,5.1,15
31/10/2024,07:00,355,1.1,34.8,0.5,24.3,74.7,0.0,1013,479,0.003,0.004,0.006,0.000,15.5,5.0,11
31/10/2024,08:00,332,1.7,28.7,0.9,25.3,66.6,0.0,1013,587,0.006,0.007,0.013,0.001,12.4,4.7,11
31/10/2024,09:00,326,1.8,35.2,0.8,26.6,60.4,0.0,1012,905,0.003,0.004,0.007,0.001,14.3,6.6,16
31/10/2024,10:00,12,1.9,33.8,1.0,28.0,52.4,0.0,1012,1015,0.003,0.005,0.008,0.001,15.8,7.0,16
31/10/2024,11:00,6,2.3,30.7,1.0,28.7,50.0,0.0,1011,1025,0.015,0.012,0.026,0.000,18.6,5.5,11
31/10/2024,12:00,10,2.5,27.1,1.1,29.2,49.1,0.0,1010,1037,0.011,0.014,0.026,0.000,15.9,4.8,9
31/10/2024,13:00,28,2.9,24.2,1.1,29.4,49.6,0.0,1009,898,0.003,0.005,0.008,0.000,14.8,6.0,13
31/10/2024,14:00,43,3.6,19.6,1.2,28.5,59.0,0.0,1008,751,0.002,0.002,0.004,0.000,17.3,6.0,14
31/10/2024,15:00,2,2.7,23.7,1.2,28.6,57.9,0.0,1007,543,0.015,0.012,0.027,0.001,30.6,8.8,24
31/10/2024,16:00,12,3.0,19.8,1.2,27.3,62.5,0.0,1007,303,0.005,0.006,0.011,0.000,23.9,7.5,18
31/10/2024,17:00,6,2.4,23.9,1.1,25.9,68.0,0.0,1007,76,0.001,0.003,0.003,0.000,19.0,5.4,12
31/10/2024,18:00,358,2.2,23.1,1.1,24.7,71.2,0.0,1007,2,0.000,0.001,0.001,0.000,14.9,5.4,12
31/10/2024,19:00,355,1.2,35.0,0.7,24.2,73.3,0.0,1008,1,0.000,0.002,0.002,0.000,15.2,5.5,13
31/10/2024,20:00,313,0.8,29.1,0.5,24.2,74.5,0.2,1010,1,0.000,0.002,0.002,0.001,16.7,5.7,14
31/10/2024,21:00,352,0.3,18.1,0.6,23.1,83.7,1.0,1012,0,0.000,0.003,0.003,0.000,18.0,6.4,16
31/10/2024,22:00,146,1.0,23.0,0.4,22.9,86.0,0.0,1010,0,0.000,0.007,0.007,0.000,22.5,9.5,29
31/10/2024,23:00,259,0.3,28.4,0.3,22.2,90.0,0.0,1010,0,0.001,0.012,0.013,0.000,19.4,9.0,40
01/11/2024,00:00,292,0.6,22.1,0.2,21.2,93.5,0.0,1010,0,0.002,0.010,0.012,0.000,17.8,8.1,27
01/11/2024,01:00,288,0.6,14.5,0.2,20.8,94.1,0.0,1009,1,0.007,0.008,0.015,0.000,19.0,8.7,23
01/11/2024,02:00,293,0.8,10.6,0.1,20.3,95.0,0.0,1009,0,0.004,0.007,0.011,0.000,22.3,10.3,31
01/11/2024,03:00,287,0.6,25.9,0.2,20.0,94.9,0.0,1009,0,0.011,0.007,0.018,0.000,25.3,11.1,31
01/11/2024,04:00,298,0.8,17.9,0.2,19.4,95.3,0.0,1010,0,0.010,0.008,0.018,0.000,25.1,11.2,33
01/11/2024,05:00,288,1.4,13.6,0.3,19.3,94.9,0.1,1010,19,0.010,0.010,0.019,0.000,23.7,10.2,31
01/11/2024,06:00,289,1.2,20.5,0.3,20.6,92.2,0.0,1011,136,0.005,0.009,0.014,0.000,19.7,8.4,25
01/11/2024,07:00,312,2.3,25.8,1.0,24.3,80.1,0.0,1011,458,0.007,0.006,0.014,0.000,15.2,6.4,17
01/11/2024,08:00,321,2.4,27.1,1.0,25.8,71.0,0.0,1011,583,0.001,0.003,0.004,0.000,17.6,7.4,21
01/11/2024,09:00,324,2.5,28.3,1.0,27.2,62.8,0.0,1011,763,0.004,0.006,0.010,0.000,23.9,10.0,29
01/11/2024,10:00,343,2.2,25.8,1.0,28.4,59.9,0.0,1011,932,0.010,0.009,0.019,0.001,22.4,11.9,34
01/11/2024,11:00,11,2.4,27.8,1.0,29.1,58.9,0.0,1010,1004,0.015,0.016,0.031,0.001,26.1,12.3,36
01/11/2024,12:00,357,2.4,29.0,1.1,30.1,55.8,0.0,1009,629,0.007,0.008,0.015,0.001,24.3,11.1,30
01/11/2024,13:00,11,2.5,26.8,1.1,30.0,57.5,0.0,1008,876,0.013,0.009,0.022,0.001,25.3,10.7,29
01/11/2024,14:00,13,3.0,22.5,1.3,29.1,59.9,0.0,1008,693,0.005,0.007,0.012,0.001,23.1,8.7,23
01/11/2024,15:00,17,2.8,22.9,1.1,29.0,60.7,0.0,1007,529,0.003,0.006,0.009,0.001,21.9,8.9,24
01/11/2024,16:00,12,2.6,24.8,1.1,27.5,66.1,0.0,1008,215,0.004,0.006,0.010,0.001,24.4,7.6,19
01/11/2024,17:00,4,1.9,24.1,0.9,26.1,71.7,0.0,1008,48,0.001,0.004,0.005,0.000,19.1,6.6,17
01/11/2024,18:00,1,1.3,39.7,0.7,25.0,76.0,0.0,1009,2,0.000,0.001,0.001,0.000,15.3,6.0,16
01/11/2024,19:00,11,1.3,31.2,0.7,24.6,78.4,0.0,1010,1,0.000,0.001,0.002,0.000,16.8,6.1,16
01/11/2024,20:00,7,1.4,28.8,0.6,24.4,79.0,0.0,1011,1,0.000,0.002,0.002,0.000,24.4,6.3,17
01/11/2024,21:00,356,1.3,19.2,0.6,24.0,80.2,0.0,1011,1,0.000,0.001,0.001,0.000,27.7,6.3,16
01/11/2024,22:00,12,0.4,34.9,0.3,23.7,82.1,0.0,1012,1,0.000,0.002,0.002,0.000,15.2,5.7,15
01/11/2024,23:00,144,0.2,30.1,0.1,22.9,85.7,0.0,1012,1,0.000,0.003,0.004,0.001,16.9,5.7,15
02/11/2024,00:00,253,0.2,30.2,0.1,22.2,88.0,0.0,1012,1,0.002,0.008,0.011,0.000,17.7,5.6,15
02/11/2024,01:00,273,0.2,19.6,0.1,21.6,91.0,0.0,1011,1,0.006,0.007,0.013,0.001,13.8,5.1,10
02/11/2024,02:00,227,0.2,52.1,0.2,21.3,91.0,0.0,1011,1,0.012,0.009,0.021,0.000,15.7,5.0,12
02/11/2024,03:00,287,0.6,22.9,0.2,20.7,92.4,0.0,1012,1,0.008,0.006,0.014,0.000,15.6,4.6,11
02/11/2024,04:00,286,1.5,9.8,0.2,20.6,93.1,0.0,1012,1,0.002,0.006,0.008,0.000,12.6,4.8,12
02/11/2024,05:00,296,0.5,19.5,0.2,20.9,92.5,0.0,1013,37,0.003,0.006,0.009,0.000,12.1,5.1,13
02/11/2024,06:00,277,0.2,42.5,0.2,22.5,89.8,0.0,1014,178,0.008,0.008,0.016,0.000,14.8,6.3,44
02/11/2024,07:00,93,0.4,38.3,0.3,25.0,79.0,0.0,1015,375,0.007,0.014,0.021,0.000,23.1,6.3,19
02/11/2024,08:00,354,0.9,42.1,0.6,26.4,69.8,0.0,1015,532,0.007,0.009,0.016,0.000,15.2,5.5,14
02/11/2024,09:00,85,2.2,23.3,0.7,27.0,65.9,0.0,1015,650,0.004,0.006,0.010,0.000,17.3,5.7,13
02/11/2024,10:00,79,3.9,16.3,1.1,26.7,70.1,0.0,1015,703,0.003,0.003,0.006,0.000,13.0,5.4,14
02/11/2024,11:00,87,4.5,15.0,1.2,26.2,72.4,0.0,1015,879,0.002,0.004,0.007,0.000,12.3,5.5,14
02/11/2024,12:00,87,4.5,16.2,1.2,26.4,70.8,0.0,1015,930,0.002,0.003,0.005,0.000,12.6,5.2,13
02/11/2024,13:00,88,4.6,16.2,1.1,26.6,68.0,0.0,1014,703,0.001,0.001,0.001,0.000,11.2,5.0,12
02/11/2024,14:00,79,4.0,16.8,1.1,26.8,64.7,0.0,1014,616,0.000,0.002,0.002,0.000,11.5,4.8,11
02/11/2024,15:00,77,3.6,18.6,1.0,26.9,62.5,0.0,1013,443,0.001,0.002,0.003,0.000,11.8,4.8,11
02/11/2024,16:00,69,3.4,16.2,1.0,26.5,63.4,0.0,1014,267,0.001,0.001,0.002,0.000,11.1,4.7,11
02/11/2024,17:00,68,2.9,16.5,0.9,25.5,68.6,0.0,1014,81,0.000,0.000,0.000,0.000,12.1,4.7,10
02/11/2024,18:00,54,1.7,15.5,0.5,24.6,74.7,0.0,1015,2,0.000,0.002,0.002,0.000,11.4,4.7,11
02/11/2024,19:00,64,1.4,19.0,0.5,24.3,78.1,0.0,1016,1,0.000,0.001,0.001,0.000,11.7,4.8,12
02/11/2024,20:00,62,1.3,18.7,0.5,24.3,78.1,0.0,1017,2,0.000,0.000,0.000,0.000,11.8,4.9,12
02/11/2024,21:00,99,1.3,16.1,0.3,24.5,74.9,0.0,1018,1,0.000,0.001,0.001,0.000,11.0,4.9,12
02/11/2024,22:00,165,0.7,26.9,0.4,24.2,76.9,0.0,1019,1,0.000,0.004,0.004,0.000,12.4,5.0,13
02/11/2024,23:00,274,0.9,33.4,0.5,22.6,83.3,0.0,1018,1,0.000,0.003,0.003,0.000,12.4,5.4,15
03/11/2024,00:00,182,0.8,33.7,0.6,23.2,79.2,0.0,1017,1,0.000,0.002,0.003,0.000,15.3,5.4,15
03/11/2024,01:00,197,0.2,26.0,0.2,22.3,82.7,0.0,1016,1,0.003,0.005,0.008,0.000,14.6,5.3,12
03/11/2024,02:00,173,0.9,21.6,0.3,22.5,83.3,0.0,1016,1,0.001,0.008,0.009,0.000,21.9,6.5,21
03/11/2024,03:00,157,0.6,36.8,0.3,22.3,84.5,0.0,1015,0,0.000,0.006,0.006,0.000,24.9,6.9,25
03/11/2024,04:00,145,1.7,14.5,0.5,22.2,86.2,0.0,1016,1,0.000,0.005,0.005,0.001,17.4,6.8,32
03/11/2024,05:00,139,1.5,17.9,0.5,22.1,86.6,0.0,1016,25,0.000,0.006,0.007,0.001,17.9,7.8,36
03/11/2024,06:00,138,1.6,17.7,0.5,23.4,81.9,0.0,1017,107,0.003,0.009,0.011,0.004,12.3,5.7,15
03/11/2024,07:00,119,2.0,20.7,0.7,24.4,79.0,0.0,1018,110,0.023,0.019,0.042,0.012,14.5,6.1,16
03/11/2024,08:00,78,4.3,17.2,1.2,25.9,70.8,0.0,1018,553,0.001,0.002,0.003,0.002,12.2,5.3,13
03/11/2024,09:00,85,4.8,15.3,1.4,26.2,67.4,0.0,1018,472,0.000,0.001,0.001,0.001,12.3,5.3,12
03/11/2024,10:00,78,4.4,17.4,1.3,26.5,63.9,0.0,1018,582,0.002,0.002,0.004,0.001,12.7,5.3,12
03/11/2024,11:00,83,4.3,18.0,1.2,26.5,65.0,0.0,1017,672,0.003,0.002,0.006,0.000,13.0,5.3,12
03/11/2024,12:00,90,4.7,13.9,1.2,26.6,65.1,0.0,1017,1054,0.003,0.003,0.006,0.000,12.7,5.2,12
03/11/2024,13:00,82,4.6,16.9,1.3,26.6,65.8,0.0,1016,840,0.002,0.002,0.004,0.000,12.6,5.2,12
03/11/2024,14:00,84,4.4,15.3,1.2,26.6,67.2,0.0,1015,688,0.000,0.001,0.001,0.000,12.4,5.0,12
03/11/2024,15:00,87,4.1,15.8,1.2,26.4,66.6,0.0,1015,545,0.001,0.002,0.003,0.000,11.7,5.0,11
03/11/2024,16:00,81,3.7,16.7,1.0,26.1,66.3,0.0,1015,320,0.001,0.003,0.003,0.000,11.7,4.8,11
03/11/2024,17:00,78,2.7,16.2,0.9,25.4,69.5,0.0,1015,84,0.000,0.000,0.001,0.000,11.0,4.7,10
03/11/2024,18:00,63,2.0,18.2,0.7,24.6,74.3,0.0,1016,1,0.000,0.000,0.000,0.000,11.4,4.6,11
03/11/2024,19:00,58,1.5,18.3,0.5,24.3,77.3,0.0,1016,1,0.000,0.001,0.001,0.000,11.4,4.7,11
03/11/2024,20:00,46,1.1,20.6,0.4,24.1,78.0,0.0,1016,1,0.000,0.001,0.001,0.000,11.6,4.7,12
03/11/2024,21:00,7,0.4,36.9,0.2,23.7,79.4,0.0,1016,1,0.000,0.003,0.003,0.000,12.5,4.9,12
03/11/2024,22:00,311,0.5,21.4,0.1,22.8,82.5,0.0,1016,1,0.003,0.009,0.013,0.000,12.9,4.8,12
03/11/2024,23:00,316,0.3,41.7,0.2,22.5,83.8,0.0,1016,1,0.006,0.009,0.015,0.000,12.7,4.8,12
04/11/2024,00:00,300,0.8,16.0,0.2,22.1,85.0,0.0,1015,1,0.004,0.006,0.010,0.000,11.7,4.7,12
04/11/2024,01:00,299,1.2,10.7,0.2,20.4,90.8,0.0,1014,1,0.001,0.004,0.005,0.000,13.4,5.0,10
04/11/2024,02:00,280,1.8,8.7,0.3,20.6,90.8,0.0,1014,1,0.001,0.004,0.004,0.000,12.6,5.4,13
04/11/2024,03:00,274,1.6,14.0,0.4,20.5,91.0,0.0,1014,1,0.000,0.003,0.004,0.000,12.1,5.7,15
04/11/2024,04:00,267,1.1,26.8,0.4,20.0,92.9,0.0,1014,2,0.001,0.004,0.005,0.000,12.9,5.4,14
04/11/2024,05:00,268,1.7,12.6,0.4,20.1,92.7,0.0,1015,60,0.003,0.006,0.009,0.000,12.6,5.9,16
04/11/2024,06:00,280,1.6,11.4,0.3,21.6,87.6,0.0,1015,261,0.006,0.006,0.012,0.000,13.7,5.6,16
04/11/2024,07:00,69,0.7,48.5,0.5,25.0,76.5,0.0,1016,480,0.002,0.004,0.007,0.000,14.8,5.5,15
04/11/2024,08:00,74,1.5,28.6,0.6,25.6,71.8,0.0,1016,577,0.002,0.003,0.005,0.001,12.7,5.5,14
04/11/2024,09:00,66,2.5,20.7,0.8,25.8,73.0,0.0,1016,755,0.006,0.005,0.011,0.001,12.3,5.4,14
04/11/2024,10:00,70,3.0,22.1,0.8,26.6,67.1,0.0,1016,858,0.000,0.001,0.001,0.000,11.9,5.4,11
04/11/2024,11:00,80,3.8,18.0,1.1,26.7,65.1,0.0,1015,1082,0.001,0.002,0.003,0.000,11.8,4.8,11
04/11/2024,12:00,87,4.7,16.5,1.1,26.6,64.3,0.0,1015,1023,0.002,0.002,0.004,0.000,13.2,5.3,11
04/11/2024,13:00,82,4.2,16.5,1.1,27.0,63.8,0.0,1014,914,0.006,0.004,0.010,0.000,12.7,5.0,12
04/11/2024,14:00,56,3.1,20.7,1.1,27.8,60.8,0.0,1013,722,0.001,0.002,0.003,0.000,13.1,5.2,12
04/11/2024,15:00,34,2.6,21.7,1.0,27.6,58.2,0.0,1013,592,0.003,0.005,0.008,0.000,13.3,5.1,11
04/11/2024,16:00,35,2.8,18.1,0.9,26.9,58.2,0.0,1013,336,0.000,0.001,0.002,0.000,13.0,4.8,10
04/11/2024,17:00,32,1.9,19.0,0.7,26.0,61.8,0.0,1013,88,0.000,0.000,0.001,0.000,11.5,4.5,9
04/11/2024,18:00,24,1.2,15.8,0.4,24.6,70.6,0.0,1014,2,0.000,0.000,0.001,0.000,13.1,4.6,10
04/11/2024,19:00,13,1.0,18.0,0.3,23.9,76.1,0.0,1014,1,0.000,0.000,0.001,0.000,15.5,4.9,12
04/11/2024,20:00,328,0.4,21.1,0.1,23.1,80.2,0.0,1015,1,0.003,0.008,0.010,0.000,27.1,6.5,24
04/11/2024,21:00,311,0.4,26.4,0.1,22.5,83.3,0.0,1015,1,0.002,0.009,0.011,0.000,32.1,6.8,16
04/11/2024,22:00,326,0.5,22.3,0.2,22.1,84.1,0.0,1015,1,0.004,0.011,0.015,0.000,13.7,5.2,13
04/11/2024,23:00,220,0.2,46.7,0.1,21.7,85.7,0.0,1014,1,0.014,0.012,0.026,0.000,14.9,5.1,13
05/11/2024,00:00,277,0.2,23.8,0.1,20.5,89.2,0.0,1013,1,0.018,0.011,0.029,0.000,11.4,4.6,11
05/11/2024,01:00,295,0.5,17.1,0.1,19.5,92.0,0.0,1013,1,0.007,0.006,0.013,0.000,12.2,4.7,10
05/11/2024,02:00,300,1.1,9.4,0.2,18.9,94.1,0.0,1012,1,0.002,0.006,0.007,0.000,11.9,4.8,11
05/11/2024,03:00,303,0.8,18.5,0.2,18.6,94.3,0.0,1012,1,0.001,0.004,0.005,0.000,12.2,4.8,11
05/11/2024,04:00,294,1.2,10.0,0.3,18.7,94.8,0.0,1013,1,0.004,0.007,0.011,0.000,13.6,5.2,13
05/11/2024,05:00,289,1.3,10.9,0.3,19.3,93.9,0.0,1013,37,0.010,0.009,0.020,0.000,13.7,5.6,15
05/11/2024,06:00,297,1.1,11.7,0.2,21.4,87.8,0.0,1014,161,0.006,0.007,0.013,0.000,15.8,5.7,15
05/11/2024,07:00,71,2.0,24.7,0.6,24.8,71.6,0.0,1015,453,0.002,0.004,0.006,0.000,12.8,5.1,11
05/11/2024,08:00,80,2.1,26.5,0.9,25.4,66.5,0.0,1015,718,0.000,0.001,0.001,0.000,11.3,4.6,9
05/11/2024,09:00,74,2.4,26.8,0.9,26.1,60.0,0.0,1015,729,0.000,0.001,0.001,0.000,11.3,4.4,9
05/11/2024,10:00,82,3.1,22.5,0.9,26.6,57.2,0.0,1014,1021,0.001,0.003,0.004,0.000,11.3,4.4,9
05/11/2024,11:00,78,2.5,22.2,0.9,27.7,52.2,0.0,1013,1068,0.003,0.002,0.004,0.000,11.6,4.6,8
05/11/2024,12:00,82,3.3,18.3,1.0,28.3,52.4,0.0,1013,1040,0.005,0.005,0.010,0.000,10.8,4.6,9
05/11/2024,13:00,63,3.2,19.7,1.0,28.6,53.8,0.0,1012,939,0.002,0.002,0.004,0.000,14.1,4.8,9
05/11/2024,14:00,48,3.4,19.1,1.2,28.3,55.7,0.0,1011,775,0.002,0.003,0.004,0.000,12.7,4.7,9
05/11/2024,15:00,55,3.5,17.8,1.1,28.0,58.3,0.0,1011,567,0.000,0.001,0.001,0.000,13.2,4.8,10
05/11/2024,16:00,43,3.0,18.1,1.0,27.5,58.9,0.0,1011,322,0.001,0.001,0.002,0.000,12.7,4.8,10
05/11/2024,17:00,32,2.0,20.0,0.7,26.3,61.5,0.0,1011,86,0.000,0.001,0.001,0.000,12.2,4.7,10
05/11/2024,18:00,15,1.3,17.9,0.5,24.7,66.3,0.0,1012,2,0.000,0.000,0.000,0.000,12.7,4.8,10
05/11/2024,19:00,6,1.0,19.2,0.4,24.0,69.0,0.0,1013,1,0.000,0.001,0.001,0.000,61.6,9.1,20
05/11/2024,20:00,358,0.6,18.5,0.2,23.5,71.7,0.0,1014,2,0.000,0.001,0.001,0.000,37.2,7.4,15
05/11/2024,21:00,328,0.3,29.1,0.1,23.2,74.6,0.0,1014,1,0.001,0.005,0.006,0.000,34.5,7.0,16
05/11/2024,22:00,296,0.6,16.3,0.2,21.8,80.4,0.0,1015,1,0.003,0.008,0.011,0.000,13.0,4.9,12
05/11/2024,23:00,316,0.6,19.1,0.2,22.0,80.5,0.0,1014,1,0.004,0.009,0.013,0.000,12.6,4.9,12
06/11/2024,00:00,308,0.4,26.6,0.1,21.9,80.7,0.0,1013,1,0.004,0.010,0.014,0.000,12.7,4.7,11
06/11/2024,01:00,298,0.4,31.0,0.2,21.8,82.1,0.0,1013,2,0.012,0.009,0.021,0.000,12.5,4.6,9
06/11/2024,02:00,299,1.1,11.5,0.2,20.2,87.2,0.0,1013,1,0.004,0.008,0.013,0.000,12.9,4.6,10
06/11/2024,03:00,305,0.7,12.3,0.1,19.2,90.2,0.0,1013,1,0.002,0.007,0.009,0.000,13.1,5.0,11
06/11/2024,04:00,307,0.9,15.7,0.2,18.8,91.8,0.0,1013,1,0.005,0.009,0.014,0.000,14.5,5.0,11
06/11/2024,05:00,313,0.8,17.3,0.2,19.0,91.7,0.0,1014,45,0.013,0.009,0.022,0.000,13.9,5.3,13
06/11/2024,06:00,2,0.2,40.9,0.2,22.3,82.5,0.0,1015,247,0.014,0.009,0.023,0.000,16.5,5.6,15
06/11/2024,07:00,12,1.5,29.3,0.7,25.7,68.7,0.0,1015,489,0.013,0.009,0.023,0.000,27.7,6.3,13
06/11/2024,08:00,344,1.7,34.4,0.8,26.8,62.4,0.0,1015,660,0.014,0.012,0.025,0.000,27.2,5.8,10
06/11/2024,09:00,356,1.4,39.6,0.8,28.0,55.8,0.0,1015,833,0.007,0.008,0.015,0.000,51.6,7.2,11
06/11/2024,10:00,38,2.1,28.5,0.9,28.9,50.8,0.0,1014,1010,0.009,0.010,0.019,0.000,20.0,5.1,9
06/11/2024,11:00,31,2.4,28.0,1.0,29.7,48.3,0.0,1013,1055,0.004,0.005,0.009,0.000,15.7,5.1,8
06/11/2024,12:00,18,2.3,26.8,0.9,30.5,46.9,0.0,1013,1028,0.006,0.011,0.017,0.001,29.7,6.0,10
06/11/2024,13:00,30,2.7,26.4,1.1,30.6,44.2,0.0,1012,933,0.009,0.009,0.018,0.001,29.2,5.9,8
06/11/2024,14:00,51,4.3,16.8,1.4,29.1,54.8,0.0,1011,774,0.001,0.002,0.003,0.000,16.6,4.6,8
06/11/2024,15:00,36,3.1,17.9,1.0,28.6,56.2,0.0,1011,564,0.002,0.001,0.003,0.000,13.9,4.6,8
06/11/2024,16:00,43,2.6,16.4,0.8,27.9,58.5,0.0,1011,323,0.001,0.001,0.002,0.000,12.2,4.6,8
06/11/2024,17:00,33,2.1,18.7,0.8,26.7,60.0,0.0,1012,85,0.000,0.000,0.000,0.000,11.8,4.3,8
06/11/2024,18:00,26,1.7,18.8,0.7,25.2,67.9,0.0,1012,2,0.000,0.001,0.001,0.000,12.7,4.3,8
06/11/2024,19:00,12,1.2,20.5,0.5,24.4,73.2,0.0,1013,1,0.000,0.003,0.003,0.000,28.8,5.8,13
06/11/2024,20:00,3,0.9,18.5,0.4,23.8,76.0,0.0,1013,1,0.000,0.003,0.003,0.000,50.1,7.5,15
06/11/2024,21:00,35,0.2,32.7,0.2,23.4,78.5,0.0,1014,1,0.003,0.003,0.006,0.000,11.4,4.3,10
06/11/2024,22:00,281,0.6,16.7,0.1,22.0,83.8,0.0,1014,1,0.011,0.013,0.024,0.000,13.4,4.5,10
06/11/2024,23:00,296,0.7,13.3,0.2,20.9,88.1,0.0,1014,1,0.007,0.011,0.017,0.000,11.2,4.3,10
07/11/2024,00:00,301,0.9,9.3,0.2,20.3,90.5,0.0,1013,1,0.002,0.007,0.009,0.000,10.3,4.1,8
07/11/2024,01:00,296,0.6,14.3,0.1,20.0,91.2,0.0,1013,0,0.003,0.006,0.009,0.000,10.9,4.1,7
07/11/2024,02:00,278,0.4,22.0,0.1,19.6,91.4,0.0,1012,1,0.013,0.006,0.019,0.000,10.5,4.1,8
07/11/2024,03:00,291,0.5,18.5,0.1,19.6,92.0,0.0,1012,1,0.018,0.006,0.024,0.000,12.4,4.2,9
07/11/2024,04:00,296,0.9,8.3,0.1,19.2,93.1,0.0,1012,1,0.032,0.007,0.039,0.001,13.9,4.4,9
07/11/2024,05:00,298,1.0,10.3,0.2,19.0,93.3,0.0,1013,46,0.039,0.008,0.048,0.001,14.7,5.0,12
07/11/2024,06:00,4,0.4,43.7,0.2,22.6,84.6,0.0,1013,246,0.020,0.006,0.026,0.000,14.2,4.7,11
07/11/2024,07:00,355,1.7,28.2,0.7,25.9,71.8,0.0,1014,448,0.001,0.002,0.002,0.000,14.7,5.0,10
07/11/2024,08:00,341,1.7,26.9,0.8,27.0,63.8,0.0,1014,521,0.008,0.006,0.014,0.001,31.8,5.9,11
07/11/2024,09:00,1,1.7,30.7,0.8,28.3,59.6,0.0,1013,747,0.010,0.009,0.019,0.002,22.4,5.6,10
07/11/2024,10:00,24,2.1,31.4,1.0,29.3,56.3,0.0,1013,1006,0.012,0.009,0.021,0.001,17.1,5.5,10
07/11/2024,11:00,21,2.0,36.2,0.9,30.5,51.1,0.0,1012,1049,0.008,0.009,0.017,0.001,21.7,5.9,11
07/11/2024,12:00,11,2.3,32.9,1.0,31.1,48.9,0.0,1011,1023,0.007,0.007,0.014,0.001,17.9,6.0,10
07/11/2024,13:00,10,2.7,24.0,1.1,31.2,47.7,0.0,1010,927,0.008,0.007,0.015,0.001,26.8,6.9,11
07/11/2024,14:00,13,3.0,22.1,1.2,30.6,49.3,0.0,1009,765,0.008,0.014,0.021,0.001,33.4,7.1,12
07/11/2024,15:00,15,2.6,24.9,1.0,29.9,56.3,0.0,1009,550,0.010,0.009,0.019,0.001,32.4,7.4,15
07/11/2024,16:00,18,2.5,21.7,0.9,28.9,60.9,0.0,1009,306,0.002,0.003,0.005,0.000,31.3,7.5,17
07/11/2024,17:00,6,1.8,24.1,0.8,27.5,66.9,0.0,1010,80,0.003,0.007,0.010,0.000,29.8,7.9,18
07/11/2024,18:00,3,2.0,23.0,0.8,25.9,72.6,0.0,1010,2,0.000,0.002,0.003,0.000,21.5,7.0,16
07/11/2024,19:00,347,1.2,25.1,0.5,25.1,78.1,0.0,1011,1,0.000,0.001,0.001,0.000,18.9,6.9,17
07/11/2024,20:00,356,1.0,21.4,0.4,24.7,80.6,0.0,1012,0,0.000,0.000,0.001,0.000,18.7,6.9,17
07/11/2024,21:00,0,0.6,37.7,0.3,24.4,82.1,0.0,1012,1,0.000,0.001,0.001,0.000,18.1,6.9,17
07/11/2024,22:00,4,0.4,49.5,0.3,24.2,83.5,0.0,1012,0,0.000,0.001,0.001,0.000,17.5,6.9,17
07/11/2024,23:00,20,0.6,38.4,0.3,24.0,84.5,0.0,1011,0,0.000,0.001,0.001,0.000,17.2,6.5,16
08/11/2024,00:00,334,0.5,31.5,0.3,23.7,85.7,0.0,1011,1,0.000,0.001,0.001,0.000,16.9,6.5,16
08/11/2024,01:00,326,0.1,45.2,0.3,23.6,85.4,0.0,1010,1,0.001,0.001,0.002,0.000,16.1,6.4,10
08/11/2024,02:00,250,0.3,38.0,0.2,23.4,86.5,0.0,1010,1,0.000,0.003,0.003,0.000,15.6,6.1,14
08/11/2024,03:00,332,0.1,51.0,0.2,23.3,87.4,0.0,1011,1,0.000,0.004,0.004,0.000,15.2,5.9,14
08/11/2024,04:00,263,0.1,49.0,0.2,23.3,87.0,0.0,1011,1,0.007,0.009,0.016,0.001,16.9,6.0,15
08/11/2024,05:00,195,0.2,25.3,0.1,23.3,87.1,0.0,1012,23,0.029,0.013,0.042,0.001,20.5,6.7,18
08/11/2024,06:00,297,0.8,23.6,0.3,24.3,83.9,0.0,1013,131,0.010,0.009,0.019,0.000,21.7,7.1,19
08/11/2024,07:00,312,2.6,21.0,0.9,25.6,75.2,0.0,1013,246,0.001,0.001,0.002,0.000,23.2,9.1,26
08/11/2024,08:00,327,1.9,26.5,0.9,26.9,69.9,0.0,1013,538,0.003,0.003,0.007,0.000,17.1,7.2,18
08/11/2024,09:00,327,1.8,33.7,0.9,28.7,60.2,0.0,1013,827,0.002,0.005,0.006,0.001,17.0,6.5,13
08/11/2024,10:00,319,2.3,30.9,1.0,30.3,51.1,0.0,1012,983,0.004,0.004,0.007,0.002,29.4,6.8,13
08/11/2024,11:00,22,2.3,25.5,0.9,31.1,51.8,0.0,1011,1021,0.014,0.011,0.025,0.001,26.0,7.1,14
08/11/2024,12:00,26,2.7,24.1,0.9,32.2,49.4,0.0,1010,995,0.009,0.009,0.018,0.001,28.2,7.8,15
08/11/2024,13:00,24,2.5,23.3,0.9,33.3,46.8,0.0,1009,912,0.009,0.009,0.018,0.001,30.6,9.0,19
08/11/2024,14:00,19,2.8,25.1,1.1,34.0,45.3,0.0,1007,741,0.008,0.012,0.020,0.000,26.3,9.2,20
08/11/2024,15:00,4,2.7,23.4,1.1,32.3,54.2,0.0,1007,525,0.016,0.011,0.026,0.001,33.9,8.1,18
08/11/2024,16:00,8,2.3,26.3,1.0,29.8,62.2,0.0,1008,229,0.008,0.009,0.017,0.000,27.3,7.3,17
08/11/2024,17:00,10,2.5,19.3,1.0,27.7,70.4,0.0,1009,49,0.003,0.005,0.008,0.000,20.7,6.6,15
08/11/2024,18:00,3,1.8,24.8,0.7,26.5,76.2,0.0,1010,3,0.001,0.002,0.002,0.000,16.1,6.2,15
08/11/2024,19:00,4,1.3,31.5,0.7,25.9,79.4,0.0,1010,1,0.000,0.000,0.001,0.000,16.4,5.9,15
08/11/2024,20:00,2,0.9,31.5,0.5,25.7,81.0,0.0,1011,1,0.000,0.001,0.001,0.000,15.1,5.9,15
08/11/2024,21:00,4,1.1,28.1,0.5,25.7,81.2,0.0,1011,1,0.000,0.000,0.001,0.000,15.9,5.9,15
08/11/2024,22:00,355,1.2,32.0,0.6,25.6,82.4,0.0,1011,1,0.000,0.001,0.001,0.000,15.5,5.9,14
08/11/2024,23:00,3,1.1,32.0,0.6,25.5,83.0,0.0,1011,0,0.000,0.000,0.000,0.000,17.1,6.3,15
09/11/2024,00:00,1,1.1,31.7,0.5,25.5,82.8,0.0,1010,0,0.000,0.000,0.001,0.000,17.4,6.6,17
09/11/2024,01:00,353,0.8,32.7,0.4,25.3,83.1,0.0,1010,0,0.000,0.000,0.001,0.000,17.6,6.6,11
09/11/2024,02:00,1,0.5,35.8,0.3,25.1,83.9,0.0,1010,0,0.000,0.001,0.001,0.000,18.1,6.7,16
09/11/2024,03:00,298,0.4,29.3,0.2,24.5,86.2,0.0,1010,1,0.000,0.003,0.004,0.000,18.5,6.7,17
09/11/2024,04:00,300,0.4,28.1,0.2,24.3,85.9,0.0,1011,1,0.001,0.004,0.005,0.000,16.6,6.4,16
09/11/2024,05:00,317,0.5,16.4,0.1,24.2,86.6,0.0,1012,43,0.008,0.006,0.014,0.000,15.5,6.0,15
09/11/2024,06:00,344,0.8,34.2,0.4,25.8,81.4,0.0,1012,217,0.000,0.001,0.002,0.001,16.2,6.0,15
09/11/2024,07:00,339,1.5,27.1,0.6,26.9,73.9,0.0,1013,422,0.000,0.001,0.001,0.001,16.6,6.0,15
09/11/2024,08:00,344,1.5,37.8,0.7,28.6,64.7,0.0,1013,670,0.006,0.007,0.013,0.001,17.8,6.3,15
09/11/2024,09:00,330,1.8,34.9,0.8,30.1,53.3,0.0,1013,860,0.006,0.005,0.011,0.001,17.0,6.2,13
09/11/2024,10:00,1,2.2,28.7,0.9,31.7,39.5,0.0,1012,981,0.005,0.005,0.010,0.001,15.7,5.7,11
09/11/2024,11:00,335,1.6,38.4,0.9,32.6,35.8,0.0,1012,890,0.002,0.003,0.004,0.001,15.3,5.8,11
09/11/2024,12:00,47,3.2,23.7,1.2,32.2,48.0,0.0,1011,955,0.003,0.004,0.007,0.000,16.2,5.8,11
09/11/2024,13:00,39,3.3,20.8,1.1,30.5,60.1,0.0,1011,858,0.001,0.002,0.003,0.001,15.3,5.5,12
09/11/2024,14:00,43,3.4,19.1,1.1,29.7,63.6,0.0,1011,750,0.002,0.003,0.005,0.000,13.7,5.3,12
09/11/2024,15:00,34,3.1,19.8,1.1,29.2,64.3,0.0,1010,538,0.000,0.001,0.001,0.000,13.2,5.0,12
09/11/2024,16:00,39,2.9,19.4,0.9,28.5,68.1,0.0,1011,312,0.000,0.001,0.001,0.000,13.1,5.0,11
09/11/2024,17:00,29,2.5,18.0,0.9,27.2,73.1,0.0,1012,82,0.000,0.001,0.001,0.000,14.0,4.8,11
09/11/2024,18:00,29,2.2,17.1,0.7,26.0,78.2,0.0,1012,2,0.000,0.000,0.001,0.000,13.2,4.8,11
09/11/2024,19:00,21,1.6,23.8,0.7,25.6,80.8,0.0,1013,0,0.000,0.000,0.000,0.000,15.6,5.1,12
09/11/2024,20:00,27,1.3,24.2,0.5,25.5,81.2,0.0,1014,0,0.000,0.000,0.000,0.000,24.3,5.5,12
09/11/2024,21:00,61,2.0,17.3,0.7,25.6,81.6,0.0,1015,0,0.000,0.001,0.001,0.000,12.5,4.4,10
09/11/2024,22:00,66,2.6,17.1,0.9,25.4,81.7,0.0,1015,0,0.000,0.001,0.001,0.000,10.9,4.2,9
09/11/2024,23:00,48,1.6,21.1,0.7,25.3,81.3,0.0,1015,0,0.000,0.001,0.001,0.000,11.8,4.3,9
10/11/2024,00:00,49,1.7,20.1,0.6,25.1,80.3,0.0,1014,1,0.000,0.001,0.002,0.000,11.6,4.2,10
10/11/2024,01:00,45,1.1,24.6,0.4,25.1,80.4,0.0,1014,1,0.000,0.001,0.001,0.000,10.5,4.1,7
10/11/2024,02:00,27,0.4,35.7,0.3,25.0,80.4,0.0,1014,1,0.000,0.001,0.001,0.000,12.3,4.3,9
10/11/2024,03:00,300,0.7,21.6,0.2,24.2,83.5,0.0,1014,1,0.000,0.003,0.003,0.000,12.1,4.6,11
10/11/2024,04:00,295,0.5,24.8,0.1,23.7,86.0,0.0,1014,1,0.003,0.006,0.009,0.000,13.6,4.9,11
10/11/2024,05:00,331,0.6,20.6,0.2,22.8,89.7,0.0,1014,46,0.005,0.007,0.011,0.000,11.3,4.6,10
10/11/2024,06:00,49,1.0,27.9,0.4,25.5,80.7,0.0,1015,239,0.000,0.001,0.001,0.000,18.1,5.9,14
10/11/2024,07:00,50,2.4,19.2,0.8,26.6,73.9,0.0,1016,448,0.001,0.001,0.002,0.000,14.1,5.1,13
10/11/2024,08:00,75,2.6,20.6,0.9,27.3,69.8,0.0,1016,523,0.001,0.002,0.002,0.000,13.3,5.2,13
10/11/2024,09:00,84,3.4,17.8,1.0,27.2,70.9,0.0,1016,833,0.001,0.001,0.002,0.000,12.7,5.1,13
10/11/2024,10:00,91,3.7,16.6,1.0,27.6,69.0,0.0,1016,821,0.000,0.000,0.001,0.000,13.8,5.3,13
10/11/2024,11:00,90,4.6,15.5,1.2,27.9,69.3,0.0,1015,712,0.003,0.004,0.006,0.000,14.7,5.6,14
10/11/2024,12:00,90,4.9,14.3,1.1,28.1,66.1,0.0,1015,805,0.000,0.001,0.001,0.000,14.6,5.3,12
10/11/2024,13:00,68,3.8,18.6,1.2,28.6,63.4,0.0,1014,831,0.001,0.001,0.002,0.000,13.0,5.0,11
10/11/2024,14:00,49,2.8,23.8,1.0,29.0,61.1,0.0,1013,717,0.001,0.001,0.002,0.000,12.2,5.1,11
10/11/2024,15:00,62,3.2,19.4,1.0,28.3,62.9,0.0,1013,561,0.000,0.001,0.002,0.000,12.4,4.7,10
10/11/2024,16:00,54,2.8,17.6,0.9,27.9,62.9,0.0,1013,349,0.001,0.002,0.002,0.000,11.3,4.3,9
10/11/2024,17:00,47,2.1,21.0,0.7,27.0,67.7,0.0,1013,113,0.000,0.001,0.002,0.000,10.7,4.4,10
10/11/2024,18:00,57,1.6,18.9,0.5,26.0,73.5,0.0,1014,2,0.000,0.002,0.002,0.000,11.5,4.4,11
10/11/2024,19:00,58,1.5,16.5,0.5,25.4,77.2,0.0,1014,0,0.000,0.001,0.001,0.000,11.1,4.6,11
10/11/2024,20:00,57,1.8,17.4,0.6,25.1,79.1,0.0,1015,1,0.000,0.001,0.001,0.000,12.4,4.6,11
10/11/2024,21:00,50,1.2,21.2,0.5,25.0,79.4,0.0,1016,2,0.000,0.001,0.002,0.000,12.7,4.6,11
10/11/2024,22:00,53,1.2,21.3,0.4,25.2,79.8,0.0,1016,1,0.000,0.002,0.002,0.000,12.3,4.8,11
10/11/2024,23:00,51,0.7,29.9,0.3,25.2,80.1,0.0,1015,1,0.000,0.001,0.001,0.000,12.7,4.7,12
11/11/2024,00:00,50,1.3,21.1,0.5,25.1,80.0,0.0,1015,1,0.000,0.001,0.001,0.000,14.5,5.2,12
11/11/2024,01:00,27,0.5,38.9,0.3,24.8,79.5,0.0,1014,1,0.000,0.001,0.001,0.000,14.0,5.1,8
11/11/2024,02:00,18,0.5,26.8,0.3,24.7,80.4,0.0,1014,1,0.000,0.001,0.001,0.000,14.6,5.2,12
11/11/2024,03:00,7,0.5,23.0,0.3,24.8,80.0,0.0,1014,1,0.000,0.001,0.001,0.000,15.3,5.2,12
11/11/2024,04:00,18,0.7,25.0,0.3,24.7,80.7,0.0,1014,1,0.001,0.002,0.003,0.000,15.8,5.3,13
11/11/2024,05:00,16,0.6,26.3,0.3,25.0,80.3,0.0,1015,48,0.001,0.002,0.004,0.000,18.0,5.5,14
11/11/2024,06:00,33,1.4,22.5,0.6,25.8,76.6,0.0,1015,204,0.000,0.001,0.001,0.000,13.2,5.0,14
11/11/2024,07:00,39,2.0,25.0,0.7,26.9,70.5,0.0,1016,431,0.000,0.000,0.001,0.000,12.7,4.9,14
11/11/2024,08:00,51,2.5,20.3,0.9,27.8,64.9,0.0,1016,391,0.000,0.001,0.001,0.000,11.6,5.0,14
11/11/2024,09:00,18,1.8,26.6,0.8,29.0,59.9,0.1,1015,721,,,,,,,
11/11/2024,10:00,41,2.2,29.6,0.9,29.2,59.4,0.0,1015,770,,,,,,,
11/11/2024,11:00,51,2.7,16.7,0.8,28.4,63.1,0.0,1014,665,0.000,0.001,0.001,,,,13
11/11/2024,12:00,,,,,,,,,1004,,,,,,,
11/11/2024,13:00,,,,,,,,,759,,,,,,,
11/11/2024,14:00,,,,,,,,,773,,,,,,,
11/11/2024,15:00,56,3.2,19.9,1.1,28.9,61.3,0.0,1012,563,,,,,,,
11/11/2024,16:00,38,2.7,18.5,1.0,28.2,60.9,0.0,1012,272,0.000,0.001,0.001,,,,15
11/11/2024,17:00,29,2.3,17.2,0.8,26.9,69.8,0.0,1012,101,0.000,0.000,0.000,,,,18
11/11/2024,18:00,22,1.6,21.5,0.6,25.8,75.1,0.0,1013,3,0.000,0.000,0.000,,,,20
11/11/2024,19:00,21,1.3,22.0,0.6,25.4,77.9,0.0,1013,1,0.000,0.001,0.001,,,,21
11/11/2024,20:00,21,1.2,24.6,0.5,25.4,78.0,0.0,1014,1,0.000,0.000,0.001,,,,22
11/11/2024,21:00,16,1.6,21.2,0.7,25.3,79.0,0.0,1014,1,0.000,0.001,0.001,,,,21
11/11/2024,22:00,15,1.3,24.2,0.6,25.1,80.5,0.0,1014,1,0.000,0.000,0.000,0.000,,,18
11/11/2024,23:00,338,0.8,23.6,0.4,24.6,81.8,0.0,1014,1,0.000,0.002,0.002,0.000,,,16
12/11/2024,00:00,317,0.4,25.6,0.2,24.4,81.7,0.0,1013,1,0.000,0.004,0.005,0.000,,,15
12/11/2024,01:00,343,0.9,22.5,0.4,24.4,81.8,0.0,1012,1,0.000,0.001,0.002,0.000,,,10
12/11/2024,02:00,330,0.6,27.0,0.3,24.3,82.0,0.0,1012,1,0.000,0.002,0.003,0.000,,,13
12/11/2024,03:00,293,0.9,22.2,0.2,24.0,83.1,0.0,1012,0,0.001,0.003,0.004,0.000,,,14
12/11/2024,04:00,282,0.5,26.8,0.2,23.4,85.4,0.0,1012,1,0.004,0.006,0.010,0.000,,,14
12/11/2024,05:00,308,0.5,19.9,0.2,22.8,87.7,0.0,1013,43,0.006,0.009,0.015,0.000,,,15
12/11/2024,06:00,314,0.5,25.2,0.2,24.6,81.7,0.0,1013,215,0.017,0.010,0.027,0.000,,,17
12/11/2024,07:00,26,1.4,30.1,0.6,26.4,73.3,0.0,1013,338,0.003,0.007,0.010,0.000,,,15
12/11/2024,08:00,358,1.6,27.1,0.7,27.5,66.9,0.0,1013,511,0.009,0.007,0.016,0.000,,,14
12/11/2024,09:00,5,1.8,30.8,0.8,28.6,59.7,0.0,1013,390,0.004,0.005,0.009,0.000,,,11
12/11/2024,10:00,357,1.6,29.2,0.7,28.7,56.2,0.0,1013,447,0.001,0.002,0.003,0.000,,,10
12/11/2024,11:00,331,1.3,22.3,0.5,29.0,52.9,0.0,1013,388,0.017,0.013,0.030,0.000,,,11
12/11/2024,12:00,283,1.2,31.2,0.5,29.9,49.2,0.1,1012,541,0.004,0.006,0.010,0.000,,,10
12/11/2024,13:00,59,1.0,32.3,0.5,29.1,56.0,0.0,1011,169,0.003,0.006,0.009,0.000,,,11
12/11/2024,14:00,49,2.0,21.4,0.8,27.4,64.7,,1010,113,0.000,0.002,0.002,0.000,,,11
12/11/2024,15:00,36,1.8,18.5,0.6,26.5,69.1,0.0,1010,101,,,,,,,
12/11/2024,16:00,12,2.0,22.8,0.7,26.4,70.4,0.0,1010,157,,,,,,,
12/11/2024,17:00,11,1.6,21.1,0.7,26.6,70.2,0.0,1010,102,0.001,0.002,0.002,0.000,,,12
12/11/2024,18:00,357,1.1,28.9,0.5,25.8,73.4,0.0,1011,4,0.000,0.001,0.001,0.000,,,14
12/11/2024,19:00,2,1.0,25.9,0.5,25.3,76.1,0.0,1012,1,0.000,0.001,0.001,0.000,,,13
12/11/2024,20:00,314,0.2,30.3,0.1,24.8,78.6,0.0,1012,1,0.001,0.005,0.007,0.000,,,13
12/11/2024,21:00,298,0.4,20.9,0.1,23.6,83.1,0.0,1013,1,0.008,0.009,0.017,0.000,,,13
12/11/2024,22:00,352,0.3,33.0,0.2,22.9,86.5,0.0,1012,1,0.002,0.009,0.011,0.000,,,13
12/11/2024,23:00,160,0.1,23.7,0.1,23.4,85.2,0.0,1012,1,0.001,0.006,0.007,0.000,,,13
13/11/2024,00:00,158,0.4,22.1,0.1,23.2,87.3,0.0,1011,1,0.002,0.006,0.008,0.000,,,14
13/11/2024,01:00,274,0.1,44.4,0.1,22.4,89.2,0.0,1010,0,0.002,0.007,0.008,0.000,,,9
13/11/2024,02:00,222,0.3,30.0,0.2,22.4,89.5,0.0,1010,1,0.003,0.005,0.009,0.000,,,13
13/11/2024,03:00,209,0.2,41.8,0.2,22.2,90.2,0.0,1010,1,0.005,0.006,0.012,0.000,,,12
13/11/2024,04:00,280,0.3,29.5,0.2,22.1,90.1,0.0,1010,1,0.013,0.008,0.021,0.000,,,14
13/11/2024,05:00,288,1.0,13.9,0.2,22.3,89.7,0.0,1011,58,0.014,0.010,0.024,0.000,,,16
13/11/2024,06:00,2,0.5,27.7,0.3,24.9,81.7,0.0,1011,232,0.002,0.004,0.007,0.000,,,15
13/11/2024,07:00,1,1.5,31.2,0.7,26.7,72.1,0.0,1011,312,0.001,0.002,0.002,0.000,,,14
13/11/2024,08:00,351,1.5,41.2,0.8,27.9,63.7,0.0,1011,563,0.002,0.003,0.005,0.000,,,12
13/11/2024,09:00,327,1.7,28.8,0.8,28.8,57.8,0.0,1012,737,0.002,0.002,0.004,0.001,,,12
13/11/2024,10:00,360,1.5,33.3,0.8,29.7,54.2,0.0,1011,829,0.002,0.002,0.004,0.000,,,11
13/11/2024,11:00,349,1.7,24.9,0.7,30.1,52.7,0.0,1010,670,0.006,0.009,0.015,0.000,,,13
13/11/2024,12:00,1,1.2,28.2,0.7,30.6,51.1,0.0,1010,580,0.005,0.006,0.011,0.001,,,13
13/11/2024,13:00,41,2.7,24.4,1.0,30.8,53.5,0.0,1009,722,0.002,0.003,0.005,0.000,,,12
13/11/2024,14:00,47,3.4,15.6,1.1,29.7,59.9,0.0,1008,619,0.001,0.002,0.003,0.000,,,12
13/11/2024,15:00,30,2.7,17.6,1.0,29.1,63.4,0.0,1007,473,0.000,0.000,0.000,0.000,,,13
13/11/2024,16:00,24,2.1,21.0,0.8,28.1,66.0,0.0,1007,239,0.003,0.003,0.006,0.000,,,15
13/11/2024,17:00,15,2.2,22.2,0.8,27.4,69.6,0.0,1008,67,0.002,0.004,0.006,0.000,,,16
13/11/2024,18:00,7,2.1,20.9,0.8,26.2,75.4,0.0,1009,2,0.001,0.004,0.005,0.000,,,16
13/11/2024,19:00,7,1.2,30.5,0.5,26.0,76.3,0.0,1010,0,0.001,0.003,0.004,0.000,,,16
13/11/2024,20:00,3,1.5,25.0,0.7,25.9,77.1,0.0,1010,0,0.001,0.005,0.006,0.000,,,16
13/11/2024,21:00,5,1.4,29.9,0.7,25.9,78.3,0.0,1011,0,0.000,0.002,0.002,0.000,,,15
13/11/2024,22:00,352,1.0,32.7,0.6,25.7,78.2,0.0,1011,0,0.000,0.000,0.001,0.000,,,15
13/11/2024,23:00,338,0.6,38.3,0.3,25.5,77.6,0.0,1010,0,0.000,0.001,0.001,0.000,,,14
14/11/2024,00:00,24,0.7,30.7,0.3,25.2,78.6,0.0,1009,0,0.000,0.001,0.001,0.000,,,15
14/11/2024,01:00,280,0.4,25.5,0.3,25.0,80.0,0.0,1009,1,0.001,0.004,0.004,0.000,,,16
14/11/2024,02:00,313,0.1,20.0,0.1,24.5,82.0,0.0,1009,1,0.001,0.005,0.006,0.000,,,14
14/11/2024,03:00,292,0.4,30.1,0.1,24.4,82.8,0.0,1009,1,0.002,0.008,0.010,0.000,,,15
14/11/2024,04:00,108,0.1,35.0,0.2,24.5,82.7,0.0,1009,1,0.001,0.006,0.007,0.000,,,15
14/11/2024,05:00,102,0.3,42.2,0.1,24.8,82.4,0.0,1010,58,0.000,0.001,0.002,0.000,,,16
14/11/2024,06:00,340,1.1,23.3,0.4,26.1,78.2,0.0,1010,218,0.001,0.002,0.002,0.000,,,15
14/11/2024,07:00,354,1.5,32.1,0.6,27.5,71.1,0.0,1011,247,0.006,0.007,0.013,0.000,,,15
14/11/2024,08:00,10,2.0,32.0,0.9,28.7,62.4,0.0,1011,381,0.004,0.005,0.009,0.000,,,12
14/11/2024,09:00,14,2.2,31.0,0.9,29.5,58.9,0.0,1011,526,0.007,0.007,0.013,0.000,,,12
14/11/2024,10:00,3,2.2,27.8,1.0,30.2,55.7,0.0,1011,591,0.004,0.005,0.009,0.000,19.6,5.8,11
14/11/2024,11:00,45,3.5,21.0,1.2,29.5,62.0,0.0,1010,675,,,,,,,
14/11/2024,12:00,43,3.7,19.3,1.1,29.8,61.1,0.0,1009,649,,,,,,,
14/11/2024,13:00,28,2.8,24.9,1.1,30.3,59.1,0.0,1008,742,0.002,0.002,0.005,0.000,17.7,5.9,13
14/11/2024,14:00,29,2.9,25.1,1.2,30.5,60.3,0.0,1008,684,0.005,0.005,0.010,0.000,20.8,6.3,13
14/11/2024,15:00,38,3.2,18.4,1.1,29.9,64.2,0.0,1008,565,0.000,0.000,0.001,0.000,16.2,5.9,14
14/11/2024,16:00,32,2.6,22.1,1.0,28.9,68.2,0.0,1007,246,0.001,0.001,0.003,0.000,18.6,6.3,15
14/11/2024,17:00,16,2.1,20.5,0.9,27.5,72.4,0.0,1008,32,0.001,0.003,0.004,0.000,19.4,6.9,17
14/11/2024,18:00,10,1.7,22.3,0.6,26.6,76.7,0.0,1009,1,0.001,0.003,0.005,0.000,17.8,6.7,17
14/11/2024,19:00,354,1.0,27.7,0.5,26.5,78.3,0.0,1011,0,0.000,0.001,0.001,0.000,16.6,6.5,17
14/11/2024,20:00,306,2.3,16.0,0.8,25.8,82.3,0.6,1013,0,0.001,0.001,0.002,0.000,17.2,6.3,17
14/11/2024,21:00,339,2.7,23.3,1.1,24.4,92.0,0.3,1011,0,0.000,0.001,0.002,0.000,12.4,5.2,13
14/11/2024,22:00,244,0.8,29.0,0.5,24.7,84.5,0.0,1010,2,0.001,0.002,0.002,0.000,14.9,5.1,13
14/11/2024,23:00,314,0.6,26.8,0.3,23.9,87.0,0.0,1011,1,0.001,0.005,0.006,0.000,16.0,5.2,14
15/11/2024,00:00,302,0.5,31.0,0.2,23.7,89.1,0.0,1011,0,0.002,0.007,0.009,0.000,16.6,5.1,15
15/11/2024,01:00,6,0.6,35.8,0.3,24.6,89.7,0.0,1011,0,0.001,0.003,0.003,0.001,19.1,6.3,14
15/11/2024,02:00,322,0.6,33.5,0.3,24.7,90.0,0.0,1011,0,0.000,0.003,0.003,0.000,16.6,6.4,17
15/11/2024,03:00,93,0.1,31.2,0.2,24.8,89.5,0.0,1011,1,0.001,0.004,0.006,0.000,15.6,6.0,16
15/11/2024,04:00,317,0.3,33.6,0.1,24.7,88.9,0.0,1011,1,0.002,0.006,0.008,0.000,16.2,6.0,16
15/11/2024,05:00,321,0.4,34.8,0.2,24.7,88.7,0.0,1012,48,0.003,0.005,0.008,0.000,15.1,6.0,16
15/11/2024,06:00,51,0.7,40.2,0.3,26.1,83.7,0.0,1013,257,0.001,0.003,0.004,0.000,18.2,7.0,21
15/11/2024,07:00,64,1.2,27.6,0.4,26.8,77.9,0.0,1013,417,0.000,0.001,0.001,0.001,17.3,7.8,26
15/11/2024,08:00,64,1.7,26.2,0.5,27.3,72.5,0.0,1013,334,0.000,0.001,0.001,0.000,16.0,7.7,29
15/11/2024,09:00,87,2.9,15.9,0.8,27.4,73.7,0.0,1013,692,0.000,0.001,0.001,0.000,16.2,7.7,31
15/11/2024,10:00,92,3.3,14.5,0.8,27.3,76.3,0.0,1013,561,0.000,0.001,0.001,0.000,16.6,8.1,31
15/11/2024,11:00,88,3.7,17.0,1.1,28.4,71.4,0.0,1013,540,0.001,0.002,0.003,0.000,16.1,7.9,30
15/11/2024,12:00,92,4.5,15.4,1.3,28.6,69.5,0.0,1012,701,0.001,0.003,0.004,0.000,15.3,7.6,29
15/11/2024,13:00,85,4.4,16.3,1.2,28.9,69.1,0.0,1011,462,0.004,0.005,0.009,0.000,13.8,7.3,28
15/11/2024,14:00,83,4.0,15.7,1.1,28.9,67.5,0.0,1011,552,0.002,0.003,0.005,0.000,13.1,6.8,25
15/11/2024,15:00,37,2.8,19.9,1.0,28.6,66.2,0.0,1010,326,0.000,0.001,0.001,0.000,14.9,6.7,25
15/11/2024,16:00,64,2.7,17.8,0.8,27.3,70.0,0.0,1011,115,0.000,0.001,0.001,0.000,13.2,6.5,24
15/11/2024,17:00,69,2.5,18.1,0.8,26.3,78.0,0.0,1011,39,0.000,0.000,0.000,0.000,12.5,6.2,23
15/11/2024,18:00,73,2.6,16.6,0.8,26.0,77.0,0.0,1012,2,0.000,0.000,0.000,0.000,12.8,6.1,22
15/11/2024,19:00,78,2.8,15.8,0.9,25.9,78.4,0.0,1013,0,0.000,0.000,0.000,0.000,12.5,6.0,23
15/11/2024,20:00,80,3.6,15.4,1.1,26.0,78.6,0.0,1013,0,0.000,0.001,0.001,0.000,12.1,5.8,21
15/11/2024,21:00,69,3.1,17.3,1.1,25.9,80.4,0.0,1013,0,0.000,0.001,0.001,0.000,12.4,5.7,21
15/11/2024,22:00,71,3.3,17.3,1.1,26.0,78.5,0.0,1014,0,0.000,0.000,0.001,0.000,11.6,5.4,18
15/11/2024,23:00,67,1.6,30.1,0.6,25.9,79.0,0.0,1015,0,0.000,0.000,0.000,0.000,12.4,5.4,18
16/11/2024,00:00,101,0.3,19.8,0.5,24.4,83.2,0.6,1014,0,0.000,0.001,0.001,0.000,14.3,6.1,18
16/11/2024,01:00,101,1.7,27.4,0.8,21.6,87.5,1.6,1014,0,0.000,0.001,0.001,0.000,19.6,7.8,14
16/11/2024,02:00,283,0.8,26.5,0.3,20.8,92.6,0.1,1013,0,0.000,0.003,0.003,0.000,21.1,5.8,13
16/11/2024,03:00,114,0.6,31.8,0.4,21.5,90.5,0.0,1013,1,0.000,0.009,0.009,0.000,12.5,4.9,15
16/11/2024,04:00,151,1.3,18.4,0.5,22.2,90.5,0.0,1013,1,0.006,0.017,0.022,0.001,12.1,5.7,23
16/11/2024,05:00,172,1.8,25.7,0.7,22.7,86.8,0.0,1014,20,0.003,0.008,0.011,0.002,11.5,5.2,15
16/11/2024,06:00,156,1.0,30.1,0.4,22.9,87.5,0.0,1015,87,0.003,0.008,0.011,0.002,12.1,5.3,19
16/11/2024,07:00,128,2.2,17.2,0.6,24.3,85.0,0.0,1015,417,0.015,0.013,0.028,0.004,12.9,5.4,15
16/11/2024,08:00,109,2.5,18.9,0.8,25.3,80.6,0.0,1015,643,0.021,0.014,0.035,0.013,12.4,5.9,17
16/11/2024,09:00,87,3.0,18.2,0.9,26.4,74.0,0.0,1015,955,0.001,0.003,0.004,0.004,11.2,4.7,11
16/11/2024,10:00,88,3.6,16.5,0.9,26.9,71.7,0.0,1015,911,0.000,0.001,0.002,0.001,9.9,4.3,10
16/11/2024,11:00,84,3.6,16.3,0.9,27.1,70.5,0.0,1014,1096,0.000,0.001,0.001,0.001,10.5,4.4,10
16/11/2024,12:00,90,3.5,16.6,1.0,27.6,66.6,0.0,1014,1110,0.005,0.009,0.014,0.001,9.7,4.5,12
16/11/2024,13:00,89,3.7,14.5,0.9,28.0,63.9,0.0,1013,599,0.000,0.000,0.001,0.000,10.3,4.4,10
16/11/2024,14:00,79,4.2,15.3,1.2,27.9,68.5,0.0,1013,787,0.008,0.005,0.013,0.000,11.3,4.6,13
16/11/2024,15:00,81,4.2,16.2,1.3,27.7,69.9,0.0,1013,398,0.002,0.003,0.005,0.000,10.6,4.9,15
16/11/2024,16:00,84,4.2,16.4,1.1,26.7,77.6,0.0,1013,211,0.000,0.001,0.001,0.000,11.6,5.2,15
16/11/2024,17:00,99,4.4,15.1,1.3,26.0,79.9,0.0,1014,52,0.000,0.001,0.002,0.000,13.6,5.4,15
16/11/2024,18:00,106,3.4,14.4,1.1,25.3,83.2,0.0,1015,2,0.000,0.002,0.002,0.000,15.1,6.3,17
16/11/2024,19:00,106,3.0,16.8,1.0,25.3,82.6,0.0,1015,2,0.000,0.002,0.002,0.000,13.6,5.4,14
16/11/2024,20:00,110,2.0,15.5,0.6,25.2,82.8,0.0,1016,0,0.000,0.002,0.002,0.000,17.5,7.0,19
16/11/2024,21:00,103,3.0,15.6,0.8,25.3,81.2,0.0,1016,1,0.000,0.002,0.002,0.000,13.6,5.3,13
16/11/2024,22:00,99,3.0,14.2,0.9,25.5,81.5,0.0,1016,0,0.000,0.002,0.002,0.000,15.1,6.1,16
16/11/2024,23:00,97,4.1,15.1,1.2,25.6,79.3,0.1,1015,0,0.000,0.001,0.001,0.000,13.8,5.9,16
17/11/2024,00:00,98,4.2,14.8,1.2,25.2,78.9,0.0,1015,0,0.000,0.001,0.001,0.000,13.9,5.8,15
17/11/2024,01:00,98,3.8,14.3,1.1,25.2,79.5,0.0,1014,1,0.000,0.001,0.002,0.000,16.0,6.1,12
17/11/2024,02:00,92,3.3,15.8,1.1,25.2,79.7,0.0,1014,1,0.000,0.001,0.001,0.000,15.6,6.3,16
17/11/2024,03:00,92,3.2,14.4,1.0,25.2,79.2,0.0,1015,0,0.000,0.001,0.001,0.000,15.8,6.6,18
17/11/2024,04:00,90,3.4,14.8,1.0,25.1,79.4,0.0,1015,0,0.000,0.000,0.001,0.000,16.8,6.7,19
17/11/2024,05:00,95,3.3,15.2,1.0,25.2,80.1,0.0,1016,47,0.000,0.001,0.001,0.000,19.2,7.7,22
17/11/2024,06:00,93,4.3,14.9,1.1,25.7,76.0,0.0,1016,133,0.003,0.001,0.004,0.000,19.4,7.2,21
17/11/2024,07:00,89,4.3,17.3,1.2,26.4,72.0,0.0,1016,233,0.000,0.001,0.001,0.000,18.7,6.9,19
17/11/2024,08:00,90,4.5,16.1,1.3,26.6,69.8,0.0,1017,293,0.000,0.001,0.001,0.000,18.4,6.7,18
17/11/2024,09:00,84,4.5,16.3,1.3,26.8,68.7,0.0,1016,465,0.001,0.002,0.003,0.000,17.5,6.8,18
17/11/2024,10:00,83,4.7,16.2,1.2,27.0,66.6,0.0,1016,878,0.005,0.003,0.008,0.000,16.5,6.4,18
17/11/2024,11:00,85,4.6,18.1,1.3,27.0,66.1,0.0,1016,1124,0.002,0.002,0.004,0.000,15.6,6.3,16
17/11/2024,12:00,72,4.4,17.0,1.3,27.0,65.2,0.0,1015,993,0.003,0.002,0.005,0.000,15.8,6.1,16
17/11/2024,13:00,80,4.2,16.9,1.3,27.0,65.2,0.0,1015,907,0.001,0.003,0.003,0.000,15.5,6.1,15
17/11/2024,14:00,76,4.2,17.6,1.2,26.9,66.4,0.0,1014,785,0.004,0.002,0.005,0.000,15.3,6.1,17
17/11/2024,15:00,81,4.2,16.3,1.2,26.7,66.2,0.0,1013,554,0.001,0.001,0.002,0.000,15.5,6.0,15
17/11/2024,16:00,76,3.9,17.5,1.2,26.3,68.8,0.0,1013,326,0.001,0.002,0.003,0.000,15.2,6.0,16
17/11/2024,17:00,78,3.3,16.8,1.0,25.8,69.0,0.0,1014,113,0.000,0.001,0.001,0.000,14.0,5.7,14
17/11/2024,18:00,88,3.0,16.9,0.9,25.0,72.1,0.0,1014,4,0.000,0.001,0.001,0.000,15.4,5.9,15
17/11/2024,19:00,91,3.4,15.3,0.9,24.9,72.8,0.0,1014,0,0.000,0.001,0.001,0.000,15.8,6.0,15
17/11/2024,20:00,92,3.0,14.8,0.9,24.9,73.0,0.0,1014,0,0.000,0.001,0.001,0.000,17.1,6.1,16
17/11/2024,21:00,92,2.4,15.7,0.8,24.8,73.7,0.0,1015,0,0.000,0.001,0.001,0.000,16.3,6.0,16
17/11/2024,22:00,90,2.8,13.4,0.8,24.8,72.9,0.0,1015,0,0.000,0.000,0.001,0.000,15.8,5.9,15
17/11/2024,23:00,90,2.4,16.1,0.7,24.8,74.0,0.0,1015,0,0.000,0.000,0.001,0.000,14.5,5.8,15
18/11/2024,00:00,85,2.4,16.0,0.8,24.7,74.2,0.0,1014,0,0.000,0.000,0.001,0.000,15.4,5.9,15
18/11/2024,01:00,99,2.4,15.7,0.7,24.5,74.0,0.0,1013,0,0.000,0.000,0.001,0.000,13.7,5.4,9
18/11/2024,02:00,117,1.9,16.4,0.6,24.1,76.2,0.0,1013,0,0.000,0.003,0.003,0.000,15.8,5.9,14
18/11/2024,03:00,137,1.3,19.1,0.4,23.5,78.3,0.0,1013,0,0.000,0.003,0.003,0.000,16.1,5.9,15
18/11/2024,04:00,133,1.0,26.7,0.5,23.4,78.0,0.0,1013,0,0.000,0.004,0.004,0.000,16.3,5.9,16
18/11/2024,05:00,147,1.1,25.1,0.5,23.5,76.9,0.0,1014,30,0.003,0.010,0.013,0.000,22.3,6.5,20
18/11/2024,06:00,111,1.3,27.2,0.5,24.6,71.6,0.0,1015,224,0.002,0.005,0.007,0.001,16.3,5.7,14
18/11/2024,07:00,84,2.9,18.0,0.9,25.7,64.4,0.0,1015,489,0.006,0.007,0.013,0.000,14.4,5.8,12
18/11/2024,08:00,84,3.5,16.3,0.9,26.1,62.5,0.0,1015,459,0.002,0.002,0.003,0.000,13.0,4.6,9
18/11/2024,09:00,74,3.6,18.1,1.0,26.4,60.9,0.0,1014,872,0.003,0.002,0.005,0.000,9.9,4.0,9
18/11/2024,10:00,69,3.6,18.8,1.1,26.7,60.8,0.0,1014,1014,0.000,0.001,0.001,0.000,9.7,4.0,8
18/11/2024,11:00,76,3.4,18.3,1.0,26.7,59.6,0.0,1014,839,0.001,0.002,0.003,0.000,9.4,4.0,8
18/11/2024,12:00,72,3.3,18.3,1.0,27.0,57.4,0.0,1013,807,0.002,0.002,0.004,0.000,10.3,4.1,8
18/11/2024,13:00,77,3.4,16.1,0.9,26.9,58.2,0.0,1012,579,0.001,0.001,0.002,0.000,10.6,4.0,8
18/11/2024,14:00,84,3.5,15.9,0.9,27.1,56.3,0.0,1011,491,0.007,0.008,0.015,0.000,10.4,4.5,10
18/11/2024,15:00,81,3.1,16.3,0.9,26.8,58.5,0.0,1011,304,0.006,0.001,0.006,0.000,9.8,3.9,8
18/11/2024,16:00,63,2.5,16.3,0.7,26.2,60.9,0.0,1011,164,0.000,0.001,0.001,0.000,10.1,3.8,8
18/11/2024,17:00,37,1.5,20.7,0.5,25.8,65.2,0.0,1011,63,0.000,0.001,0.001,0.000,10.4,4.0,9
18/11/2024,18:00,41,1.2,21.1,0.5,25.0,71.2,0.0,1012,3,0.000,0.001,0.001,0.000,11.8,4.4,11
18/11/2024,19:00,50,0.7,19.9,0.3,24.7,74.4,0.0,1013,1,0.000,0.001,0.001,0.000,12.0,4.4,11
18/11/2024,20:00,65,0.9,20.6,0.3,24.6,75.6,0.0,1013,2,0.000,0.001,0.001,0.000,12.0,4.5,11
18/11/2024,21:00,56,0.4,31.9,0.2,24.7,76.0,0.0,1014,1,0.001,0.003,0.003,0.000,11.9,4.5,11
18/11/2024,22:00,57,0.9,29.1,0.4,24.5,78.0,0.0,1013,1,0.000,0.004,0.004,0.000,11.7,4.4,11
18/11/2024,23:00,21,0.3,36.7,0.2,24.3,79.8,0.0,1013,1,0.002,0.006,0.008,0.000,12.5,4.6,12
19/11/2024,00:00,326,0.2,45.7,0.2,24.1,81.1,0.0,1012,2,0.004,0.010,0.014,0.000,13.1,4.6,12
19/11/2024,01:00,285,1.3,10.6,0.2,22.7,84.3,0.0,1012,1,0.001,0.005,0.005,0.000,11.3,4.4,9
19/11/2024,02:00,271,1.6,19.8,0.4,22.2,85.0,0.0,1012,1,0.001,0.004,0.006,0.000,11.8,4.7,12
19/11/2024,03:00,270,1.7,13.8,0.4,21.6,86.8,0.0,1012,0,0.001,0.005,0.006,0.000,10.8,4.5,12
19/11/2024,04:00,272,1.5,15.1,0.4,21.2,87.8,0.0,1012,1,0.001,0.005,0.006,0.000,13.1,6.6,22
19/11/2024,05:00,270,1.6,15.5,0.4,21.4,87.7,0.0,1012,51,0.006,0.008,0.013,0.000,17.4,10.7,42
19/11/2024,06:00,271,1.8,12.9,0.4,22.4,84.4,0.0,1013,157,0.009,0.009,0.018,0.000,33.3,15.5,61
19/11/2024,07:00,277,1.5,26.9,0.4,23.9,80.6,0.0,1013,330,0.004,0.006,0.011,0.000,36.8,19.7,75
19/11/2024,08:00,97,2.2,23.1,0.7,26.3,69.8,0.0,1014,387,0.002,0.004,0.006,0.001,17.1,7.2,20
19/11/2024,09:00,78,3.7,15.8,1.0,27.1,63.8,0.0,1014,622,0.004,0.010,0.013,0.001,11.0,4.7,11
19/11/2024,10:00,79,3.9,15.7,1.0,27.1,59.6,0.0,1014,882,0.002,0.001,0.003,0.000,10.0,4.1,9
19/11/2024,11:00,76,4.3,16.4,1.1,27.5,57.9,0.0,1013,1103,0.002,0.002,0.004,0.000,9.9,4.2,8
19/11/2024,12:00,75,3.9,16.4,1.1,27.5,56.9,0.0,1012,719,0.000,0.001,0.001,0.000,9.3,3.9,7
19/11/2024,13:00,75,3.4,18.6,1.1,27.1,57.3,0.0,1012,483,0.000,0.000,0.000,0.000,9.2,3.6,7
19/11/2024,14:00,75,3.6,18.4,1.0,27.1,55.6,0.0,1012,548,0.004,0.005,0.009,0.000,9.1,3.5,7
19/11/2024,15:00,80,3.8,17.5,1.0,27.1,59.9,0.0,1011,573,0.001,0.003,0.004,0.000,9.2,3.6,7
19/11/2024,16:00,85,3.1,16.7,0.9,26.5,63.6,0.0,1011,209,0.000,0.000,0.000,0.000,9.8,3.6,8
19/11/2024,17:00,79,2.6,16.0,0.8,25.8,68.3,0.0,1012,58,0.000,0.000,0.000,0.000,8.9,3.8,8
19/11/2024,18:00,87,2.4,16.0,0.8,25.5,69.7,0.0,1012,3,0.000,0.001,0.001,0.000,9.3,3.8,9
19/11/2024,19:00,96,3.0,14.8,0.9,25.5,66.2,0.0,1013,0,0.000,0.002,0.002,0.000,9.4,3.9,8
19/11/2024,20:00,99,3.5,14.1,1.1,25.4,72.6,0.0,1013,0,0.000,0.001,0.001,0.000,11.9,4.7,11
19/11/2024,21:00,95,4.3,14.8,1.3,25.3,76.4,0.0,1013,0,0.000,0.001,0.001,0.000,12.7,5.3,14
19/11/2024,22:00,94,3.8,16.0,1.2,25.3,74.4,0.0,1013,0,0.000,0.001,0.001,0.000,13.4,5.2,14
19/11/2024,23:00,95,3.4,15.4,1.1,25.3,75.3,0.0,1013,0,0.000,0.002,0.002,0.000,14.4,5.7,15
20/11/2024,00:00,103,3.3,15.1,1.0,25.0,72.0,0.0,1013,0,0.000,0.002,0.002,0.000,13.4,5.4,14
20/11/2024,01:00,104,3.2,15.4,1.1,25.0,74.2,0.0,1012,0,0.000,0.002,0.002,0.000,14.3,5.6,10
20/11/2024,02:00,104,3.2,15.3,1.0,25.0,75.0,0.0,1011,0,0.000,0.002,0.002,0.000,15.0,5.8,14
20/11/2024,03:00,107,3.5,16.3,1.1,24.9,73.0,0.0,1011,0,0.000,0.002,0.002,0.000,13.4,5.4,14
20/11/2024,04:00,141,2.8,16.1,0.8,23.7,79.4,0.0,1012,0,0.001,0.006,0.007,0.001,13.1,5.2,16
20/11/2024,05:00,133,2.8,16.3,0.8,22.9,81.8,0.0,1012,43,0.001,0.005,0.006,0.000,12.6,5.3,18
20/11/2024,06:00,136,2.8,15.4,0.8,23.3,79.5,0.0,1013,143,0.001,0.003,0.004,0.000,13.6,5.6,16
20/11/2024,07:00,123,3.3,19.7,1.0,24.5,75.8,0.0,1014,319,0.012,0.009,0.021,0.004,14.1,5.7,15
20/11/2024,08:00,111,3.6,18.2,1.0,24.7,75.3,0.2,1014,382,0.069,0.022,0.091,0.025,14.4,5.7,15
20/11/2024,09:00,109,4.6,16.4,1.3,26.1,69.6,0.0,1014,569,0.047,0.017,0.063,0.026,14.4,5.5,15
20/11/2024,10:00,94,4.8,17.6,1.4,26.6,70.3,0.0,1014,499,0.002,0.004,0.006,0.002,15.7,5.7,15
20/11/2024,11:00,87,4.9,16.8,1.5,26.8,70.2,0.0,1014,187,0.001,0.004,0.005,0.001,13.2,5.3,15
20/11/2024,12:00,91,4.4,16.9,1.3,26.7,70.2,0.0,1013,690,0.001,0.002,0.003,0.001,13.2,5.2,14
20/11/2024,13:00,97,4.3,15.9,1.2,27.1,65.2,0.0,1013,487,0.000,0.001,0.001,0.000,12.7,4.5,11
20/11/2024,14:00,95,4.1,16.5,1.2,26.8,65.5,0.0,1012,247,0.002,0.004,0.006,0.001,12.6,4.3,10
20/11/2024,15:00,105,4.0,15.9,1.2,25.6,72.1,0.0,1012,102,0.000,0.002,0.002,0.001,17.7,5.6,15
20/11/2024,16:00,109,3.9,17.5,1.1,25.3,75.0,0.0,1013,49,0.001,0.004,0.006,0.001,16.8,6.1,16
20/11/2024,17:00,121,2.1,19.0,0.7,24.6,77.8,0.5,1013,6,0.011,0.017,0.028,0.005,16.1,5.9,16
20/11/2024,18:00,106,3.9,15.4,1.1,24.5,78.9,0.4,1014,1,0.004,0.007,0.011,0.004,15.5,6.1,17
20/11/2024,19:00,101,4.7,14.4,1.3,25.0,73.3,0.2,1014,1,0.000,0.003,0.003,0.002,15.8,6.1,16
20/11/2024,20:00,99,4.9,14.5,1.5,25.0,69.4,0.2,1014,1,0.000,0.002,0.002,0.001,14.8,5.5,14
20/11/2024,21:00,110,4.0,15.1,1.2,24.4,74.1,0.7,1015,0,0.001,0.004,0.004,0.001,13.8,5.2,14
20/11/2024,22:00,135,3.0,18.3,0.9,22.2,83.3,0.5,1016,0,0.001,0.006,0.006,0.001,7.7,3.1,11
20/11/2024,23:00,154,2.3,22.6,0.9,21.4,85.5,0.3,1015,0,0.000,0.006,0.006,0.000,5.9,2.7,10
21/11/2024,00:00,146,2.5,21.4,0.9,20.7,88.1,0.8,1015,0,0.000,0.006,0.007,0.000,11.4,5.2,20
21/11/2024,01:00,152,2.9,20.8,1.0,20.2,90.1,0.7,1014,0,0.001,0.006,0.007,0.000,13.9,6.3,18
21/11/2024,02:00,131,2.8,18.6,1.0,20.1,89.0,1.0,1013,0,0.000,0.003,0.003,0.000,16.0,7.1,21
21/11/2024,03:00,146,2.4,23.2,0.9,20.1,89.2,0.2,1013,0,0.001,0.005,0.005,0.000,15.5,7.1,24
21/11/2024,04:00,160,2.8,19.8,0.9,20.5,86.3,0.0,1013,1,0.001,0.004,0.005,0.000,15.7,6.9,21
21/11/2024,05:00,156,3.1,18.9,1.1,20.7,86.3,0.0,1013,23,0.002,0.006,0.008,0.000,14.0,5.9,19
21/11/2024,06:00,145,2.7,22.1,1.0,21.4,84.9,0.0,1014,104,0.003,0.010,0.013,0.000,10.8,4.9,20
21/11/2024,07:00,142,3.2,19.5,0.9,22.6,80.2,0.0,1015,316,0.007,0.013,0.020,0.000,10.6,4.3,15
21/11/2024,08:00,128,3.8,19.5,1.3,23.8,76.8,0.0,1015,325,0.004,0.004,0.008,0.000,11.4,4.3,10
21/11/2024,09:00,118,4.4,19.4,1.4,24.4,75.7,0.0,1015,437,0.019,0.014,0.033,0.009,13.5,5.0,12
21/11/2024,10:00,126,4.2,18.0,1.3,24.4,75.6,0.0,1015,431,0.009,0.010,0.019,0.009,12.8,4.7,12
21/11/2024,11:00,117,4.6,19.9,1.6,25.6,69.3,0.0,1015,595,0.022,0.017,0.039,0.014,15.0,5.3,14
21/11/2024,12:00,112,5.3,15.9,1.5,25.7,69.1,0.0,1014,418,0.020,0.015,0.034,0.012,16.2,5.5,14
21/11/2024,13:00,121,4.2,18.1,1.3,25.4,70.2,0.1,1014,406,0.023,0.016,0.039,0.014,13.8,5.5,14
21/11/2024,14:00,119,4.7,16.9,1.5,25.9,64.7,0.0,1014,364,0.017,0.014,0.031,0.015,13.7,5.1,12
21/11/2024,15:00,127,4.2,20.3,1.2,25.8,65.9,0.0,1014,308,0.001,0.002,0.002,0.004,14.8,4.9,13
21/11/2024,16:00,134,4.4,17.9,1.4,25.2,68.1,0.0,1014,205,0.001,0.003,0.004,0.001,12.3,4.5,11
21/11/2024,17:00,130,3.6,18.0,1.2,24.6,69.5,0.0,1014,33,0.000,0.002,0.003,0.001,14.1,4.6,11
21/11/2024,18:00,140,3.4,19.1,1.2,24.2,69.1,0.0,1015,2,0.001,0.005,0.006,0.001,11.4,4.5,13
21/11/2024,19:00,143,2.3,21.8,0.8,23.4,73.8,0.0,1015,0,0.001,0.009,0.009,0.000,11.4,4.6,15
21/11/2024,20:00,147,2.8,21.0,1.1,23.2,76.0,0.0,1016,0,0.001,0.008,0.009,0.000,11.8,4.4,15
21/11/2024,21:00,153,2.1,21.1,0.8,23.0,77.0,0.0,1016,0,0.001,0.006,0.007,0.000,12.5,4.4,13
21/11/2024,22:00,149,1.4,24.0,0.6,22.5,79.1,0.0,1016,0,0.000,0.007,0.007,0.000,13.0,4.6,16
21/11/2024,23:00,147,1.8,23.3,0.6,22.1,80.9,0.0,1016,0,0.001,0.008,0.008,0.000,10.9,4.2,13
22/11/2024,00:00,157,2.0,19.8,0.7,21.7,82.7,0.0,1015,0,0.001,0.006,0.007,0.000,15.7,4.1,10
22/11/2024,01:00,160,2.8,17.5,0.9,21.6,83.5,0.0,1015,0,0.001,0.002,0.003,0.000,15.3,4.1,6
22/11/2024,02:00,155,2.5,20.3,0.8,21.4,84.0,0.0,1014,0,0.001,0.002,0.003,0.000,9.2,3.5,7
22/11/2024,03:00,155,2.1,21.9,0.8,21.2,84.7,0.0,1014,0,0.001,0.003,0.003,0.000,8.5,3.6,7
22/11/2024,04:00,146,1.7,23.9,0.7,21.3,84.8,0.0,1015,1,0.001,0.009,0.010,0.000,10.2,4.1,15
22/11/2024,05:00,158,2.1,20.4,0.7,21.4,85.1,0.0,1015,44,0.003,0.007,0.011,0.000,10.3,3.9,11
22/11/2024,06:00,160,2.6,18.1,0.8,22.3,82.0,0.0,1016,204,0.003,0.006,0.009,0.000,10.0,3.4,9
22/11/2024,07:00,135,3.7,19.1,1.2,23.8,76.9,0.0,1016,310,0.005,0.007,0.012,0.000,9.0,3.2,9
22/11/2024,08:00,124,4.0,18.3,1.4,24.3,74.8,0.0,1017,378,0.004,0.004,0.008,0.001,8.6,3.3,7
22/11/2024,09:00,119,4.1,19.7,1.3,25.7,70.2,0.0,1016,697,0.033,0.016,0.049,0.017,11.7,4.2,10
22/11/2024,10:00,104,5.0,19.6,1.6,26.6,65.8,0.0,1016,1051,0.010,0.008,0.018,0.009,11.9,4.7,11
22/11/2024,11:00,90,5.3,17.4,1.5,27.0,63.1,0.0,1015,1126,0.001,0.001,0.002,0.002,13.2,4.4,9
22/11/2024,12:00,88,5.4,15.2,1.5,27.1,65.3,0.0,1015,1068,0.001,0.001,0.002,0.001,14.0,5.1,12
22/11/2024,13:00,80,5.5,17.0,1.5,27.2,66.4,0.0,1014,1006,0.001,0.002,0.003,0.001,14.1,5.2,13
22/11/2024,14:00,82,5.6,16.9,1.6,26.8,65.9,0.0,1013,840,0.001,0.001,0.002,0.001,13.9,4.7,11
22/11/2024,15:00,88,5.3,16.7,1.6,26.8,67.8,0.0,1013,576,0.000,0.001,0.001,0.000,14.5,4.6,11
22/11/2024,16:00,97,4.7,15.5,1.2,26.0,71.2,0.0,1014,319,0.002,0.003,0.005,0.000,14.0,5.0,12
22/11/2024,17:00,98,4.5,15.1,1.3,25.5,71.4,0.0,1014,58,0.000,0.001,0.001,0.000,13.9,5.0,12
22/11/2024,18:00,106,3.6,14.4,1.0,25.1,74.3,0.0,1015,4,0.021,0.012,0.033,0.008,15.3,5.6,14
22/11/2024,19:00,121,3.2,17.1,1.0,24.4,77.0,0.0,1015,3,0.014,0.013,0.027,0.009,14.1,5.5,13
22/11/2024,20:00,127,2.3,18.8,0.7,24.2,77.4,0.0,1016,1,0.000,0.002,0.002,0.005,15.8,5.9,15
22/11/2024,21:00,131,3.4,16.6,1.0,23.4,78.5,0.2,1016,3,0.000,0.002,0.002,0.002,11.3,4.7,12
22/11/2024,22:00,146,2.9,19.4,1.0,22.1,84.2,0.0,1017,1,0.001,0.006,0.007,0.001,9.2,4.0,15
22/11/2024,23:00,161,2.5,19.8,0.9,21.8,86.3,0.0,1017,1,0.000,0.002,0.003,0.000,7.8,3.4,8
23/11/2024,00:00,142,3.0,20.2,1.1,21.8,83.1,0.0,1016,0,0.001,0.005,0.006,0.000,9.7,3.6,14
23/11/2024,01:00,134,2.9,19.5,0.9,21.7,79.1,0.0,1015,0,0.001,0.008,0.009,0.000,8.7,3.7,10
23/11/2024,02:00,139,2.5,20.0,0.9,21.8,79.2,0.0,1015,0,0.001,0.008,0.008,0.000,11.1,4.6,15
23/11/2024,03:00,136,2.2,19.3,0.8,21.7,80.1,0.0,1015,0,0.001,0.005,0.006,0.000,13.1,4.9,14
23/11/2024,04:00,145,1.8,18.9,0.6,21.4,81.0,0.0,1015,1,0.000,0.004,0.005,0.000,12.6,4.6,12
23/11/2024,05:00,153,1.6,20.4,0.6,21.4,81.6,0.0,1015,59,0.001,0.004,0.006,0.000,15.2,4.9,12
23/11/2024,06:00,133,2.9,21.4,1.0,22.7,77.4,0.0,1016,271,0.004,0.007,0.011,0.000,15.1,6.2,22
23/11/2024,07:00,127,3.9,19.3,1.2,24.3,70.4,0.0,1016,522,0.001,0.002,0.002,0.000,15.9,5.7,14
23/11/2024,08:00,120,4.3,20.5,1.3,25.2,66.8,0.0,1016,625,0.002,0.003,0.005,0.001,16.5,5.6,13
23/11/2024,09:00,108,4.7,19.1,1.5,26.0,63.7,0.0,1016,892,0.004,0.005,0.010,0.005,17.4,5.9,14
23/11/2024,10:00,104,4.8,19.4,1.4,26.9,59.1,0.0,1016,1086,0.005,0.006,0.012,0.006,17.4,6.0,12
23/11/2024,11:00,91,5.3,16.3,1.5,27.3,58.2,0.0,1015,1129,0.003,0.006,0.009,0.003,17.7,5.9,13
23/11/2024,12:00,85,5.4,16.7,1.5,27.9,55.9,0.0,1014,1093,0.004,0.002,0.007,0.001,16.1,5.5,11
23/11/2024,13:00,73,5.4,15.5,1.6,27.8,58.1,0.0,1014,999,0.001,0.001,0.002,0.001,16.8,5.5,12
23/11/2024,14:00,78,5.6,17.5,1.7,27.2,61.6,0.0,1013,836,0.000,0.001,0.001,0.000,15.5,5.8,14
23/11/2024,15:00,89,6.1,15.6,1.7,26.6,66.8,0.0,1013,617,0.000,0.001,0.001,0.000,17.1,6.1,16
23/11/2024,16:00,92,5.9,15.9,1.6,26.0,68.7,0.0,1013,346,0.005,0.001,0.006,0.000,17.4,6.0,16
23/11/2024,17:00,97,4.9,15.4,1.4,25.6,70.6,0.0,1014,111,0.000,0.001,0.001,0.000,19.2,6.5,16
23/11/2024,18:00,103,4.7,15.3,1.4,25.1,71.3,0.0,1015,5,0.000,0.001,0.001,0.000,17.6,6.6,15
23/11/2024,19:00,106,3.8,15.6,1.1,24.9,71.9,0.0,1015,0,0.000,0.005,0.005,0.002,18.9,7.2,17
23/11/2024,20:00,112,3.9,16.3,1.2,24.7,72.1,0.0,1016,0,0.002,0.006,0.009,0.002,18.5,7.1,17
23/11/2024,21:00,126,3.1,17.5,1.0,24.4,73.5,0.0,1016,0,0.006,0.011,0.017,0.009,19.0,7.0,17
23/11/2024,22:00,138,2.8,17.6,1.0,23.8,74.9,0.0,1016,0,0.000,0.002,0.002,0.005,16.7,6.3,16
23/11/2024,23:00,141,2.6,17.1,0.7,23.4,75.8,0.0,1016,0,0.000,0.005,0.005,0.002,16.3,6.2,17
24/11/2024,00:00,155,1.8,18.3,0.6,22.7,77.8,0.0,1015,0,0.000,0.005,0.005,0.001,17.6,6.5,17
24/11/2024,01:00,164,2.5,18.8,0.8,22.2,79.0,0.0,1014,1,0.001,0.002,0.003,0.001,17.8,6.6,11
24/11/2024,02:00,168,2.7,17.0,0.8,22.0,79.3,0.0,1014,1,0.001,0.002,0.003,0.000,17.6,6.4,13
24/11/2024,03:00,162,1.8,19.8,0.7,21.7,80.1,0.0,1014,1,0.000,0.001,0.002,0.000,17.6,6.3,14
24/11/2024,04:00,156,1.6,20.7,0.6,21.7,80.6,0.0,1014,1,0.000,0.002,0.002,0.000,18.2,6.4,15
24/11/2024,05:00,149,1.7,16.8,0.5,21.9,79.2,0.0,1015,34,0.000,0.002,0.003,0.000,17.2,6.2,15
24/11/2024,06:00,159,2.4,20.8,0.7,22.7,75.7,0.0,1015,235,0.001,0.003,0.005,0.000,17.8,6.2,15
24/11/2024,07:00,133,3.1,21.0,1.0,24.4,70.1,0.0,1015,551,0.003,0.004,0.007,0.001,16.0,5.6,14
24/11/2024,08:00,103,3.9,18.1,1.2,25.5,62.5,0.0,1015,749,0.015,0.012,0.027,0.015,15.6,5.4,12
24/11/2024,09:00,89,4.3,18.7,1.3,26.4,59.4,0.0,1015,960,0.003,0.004,0.007,0.005,13.4,4.7,10
24/11/2024,10:00,70,4.7,16.8,1.4,26.5,57.9,0.0,1014,1081,0.001,0.002,0.004,0.001,11.1,4.2,9
24/11/2024,11:00,74,5.0,16.0,1.3,26.7,57.3,0.0,1014,1138,0.002,0.002,0.003,0.000,11.4,4.2,9
24/11/2024,12:00,74,5.0,17.4,1.5,26.8,55.4,0.0,1013,1112,0.001,0.001,0.002,0.000,13.0,4.5,8
24/11/2024,13:00,75,4.9,17.5,1.4,26.8,56.5,0.0,1012,1007,0.001,0.001,0.001,0.000,13.2,4.7,9
24/11/2024,14:00,80,4.9,16.5,1.4,26.7,57.5,0.0,1012,831,0.000,0.001,0.001,0.000,12.9,4.7,9
24/11/2024,15:00,82,5.0,17.8,1.5,26.4,61.7,0.0,1011,620,0.003,0.002,0.005,0.000,12.8,4.8,11
24/11/2024,16:00,87,4.9,17.7,1.4,26.0,63.7,0.0,1012,385,0.005,0.002,0.007,0.000,13.2,4.6,11
24/11/2024,17:00,90,4.1,16.2,1.3,25.6,66.9,0.0,1012,117,0.000,0.001,0.001,0.000,14.7,5.1,12
24/11/2024,18:00,98,4.6,14.3,1.3,24.9,72.8,0.0,1012,6,0.000,0.001,0.001,0.000,16.3,5.8,14
24/11/2024,19:00,107,4.1,15.5,1.3,24.8,72.3,0.0,1012,0,0.000,0.001,0.002,0.000,16.2,6.1,15
24/11/2024,20:00,113,3.1,16.6,0.9,24.7,72.2,0.0,1013,0,0.001,0.008,0.009,0.003,15.9,5.8,15
24/11/2024,21:00,115,4.0,15.8,1.1,24.7,71.4,0.0,1013,0,0.008,0.013,0.022,0.008,13.6,5.1,12
24/11/2024,22:00,116,2.7,15.6,0.8,24.5,72.4,0.0,1014,0,0.005,0.009,0.014,0.005,13.0,5.0,12
24/11/2024,23:00,149,1.7,19.8,0.6,23.6,76.5,0.0,1013,0,0.001,0.009,0.011,0.003,14.3,5.7,23
25/11/2024,00:00,162,1.8,17.8,0.6,22.9,78.3,0.0,1013,0,0.000,0.003,0.003,0.001,16.0,7.1,26
25/11/2024,01:00,162,2.1,19.7,0.8,22.3,81.4,0.1,1012,1,0.001,0.001,0.002,0.001,12.8,5.3,10
25/11/2024,02:00,170,1.6,20.3,0.6,22.1,83.7,0.0,1012,0,0.000,0.002,0.002,0.000,12.3,5.0,13
25/11/2024,03:00,163,2.4,16.4,0.7,21.9,84.6,0.0,1012,1,0.001,0.004,0.004,0.000,9.9,4.5,14
25/11/2024,04:00,146,2.4,17.9,0.7,21.3,90.5,0.3,1012,0,0.011,0.015,0.026,0.002,8.4,4.2,23
25/11/2024,05:00,165,3.0,18.7,0.9,21.2,90.1,0.0,1013,22,0.003,0.005,0.008,0.002,8.5,3.8,11
25/11/2024,06:00,163,2.4,20.9,0.8,21.7,88.8,0.1,1013,98,0.004,0.006,0.009,0.001,9.2,3.7,9
25/11/2024,07:00,159,2.3,19.8,0.8,23.0,83.5,0.0,1014,254,0.003,0.004,0.007,0.001,13.4,4.8,15
25/11/2024,08:00,109,3.2,20.6,0.9,24.7,74.3,0.0,1014,504,0.008,0.009,0.016,0.006,15.4,6.0,17
25/11/2024,09:00,107,4.4,18.5,1.3,25.8,67.1,0.0,1013,1009,0.007,0.007,0.014,0.007,15.6,5.5,14
25/11/2024,10:00,90,4.6,18.3,1.2,26.6,62.9,0.0,1013,1089,0.004,0.006,0.010,0.004,13.6,5.1,13
25/11/2024,11:00,72,5.1,16.7,1.4,27.0,62.7,0.0,1012,1123,0.001,0.001,0.002,0.001,14.2,5.2,12
25/11/2024,12:00,77,5.4,18.3,1.5,26.8,62.8,0.0,1011,1113,0.000,0.001,0.001,0.000,14.4,5.4,13
25/11/2024,13:00,73,5.2,16.0,1.4,26.8,61.2,0.0,1011,992,0.000,0.000,0.001,0.000,15.2,5.5,12
25/11/2024,14:00,79,5.3,17.2,1.5,26.9,59.1,0.0,1010,836,0.002,0.001,0.003,0.000,14.3,5.6,12
25/11/2024,15:00,87,5.5,17.2,1.6,26.5,59.7,0.0,1010,629,0.001,0.002,0.003,0.000,15.2,5.3,12
25/11/2024,16:00,85,5.1,17.1,1.6,26.2,64.5,0.0,1010,395,0.002,0.001,0.004,0.000,13.3,5.1,12
25/11/2024,17:00,85,4.4,15.4,1.4,25.8,67.3,0.0,1010,124,0.000,0.001,0.001,0.000,14.7,5.4,14
25/11/2024,18:00,89,4.5,16.2,1.3,25.2,70.9,0.0,1011,6,0.000,0.003,0.003,0.000,16.5,5.9,15
25/11/2024,19:00,100,3.9,16.8,1.3,24.9,73.5,0.0,1011,0,0.000,0.003,0.003,0.000,15.7,6.2,16
25/11/2024,20:00,95,4.0,15.3,1.3,24.8,72.7,0.0,1012,0,0.000,0.003,0.003,0.000,15.4,6.0,15
25/11/2024,21:00,98,3.8,15.9,1.2,24.7,73.4,0.0,1012,0,0.000,0.003,0.003,0.000,15.3,6.0,15
25/11/2024,22:00,102,3.2,12.3,0.9,24.3,72.3,0.0,1012,0,0.000,0.001,0.001,0.000,15.2,5.6,13
25/11/2024,23:00,121,1.7,18.4,0.6,24.0,74.4,0.0,1012,0,0.000,0.002,0.003,0.000,15.3,5.6,13
26/11/2024,00:00,144,1.5,19.2,0.5,23.2,77.2,0.0,1011,0,0.000,0.005,0.005,0.003,16.4,6.3,21
26/11/2024,01:00,159,1.5,17.6,0.4,22.7,78.1,0.0,1011,1,0.001,0.005,0.006,0.001,16.5,6.3,12
26/11/2024,02:00,158,1.7,17.7,0.5,22.5,78.5,0.0,1010,1,0.000,0.002,0.002,0.001,17.9,6.1,13
26/11/2024,03:00,165,1.6,17.6,0.5,22.2,79.0,0.0,1010,1,0.000,0.002,0.002,0.000,18.4,6.3,15
26/11/2024,04:00,168,1.8,22.9,0.7,22.2,79.2,0.0,1010,1,0.001,0.003,0.005,0.000,19.8,6.7,16
26/11/2024,05:00,186,1.6,25.1,0.7,22.3,79.6,0.0,1011,62,0.003,0.005,0.008,0.000,19.1,6.6,17
26/11/2024,06:00,200,1.5,26.1,0.5,23.3,77.2,0.0,1011,205,0.004,0.006,0.010,0.000,17.2,6.9,21
26/11/2024,07:00,128,2.8,19.1,0.9,24.9,73.1,0.0,1012,283,0.017,0.013,0.031,0.007,16.2,6.8,20
26/11/2024,08:00,97,3.9,19.6,1.2,26.1,67.1,0.0,1012,495,0.008,0.006,0.014,0.007,14.6,6.0,15
26/11/2024,09:00,83,4.6,16.4,1.3,26.8,65.5,0.0,1012,881,0.003,0.002,0.005,0.002,15.6,5.4,14
26/11/2024,10:00,74,4.8,16.4,1.3,27.0,66.3,0.0,1011,683,0.001,0.001,0.002,0.001,13.9,5.6,14
26/11/2024,11:00,77,4.6,18.4,1.3,27.2,65.5,0.0,1011,538,0.008,0.002,0.010,0.000,14.3,5.4,15
26/11/2024,12:00,77,4.7,15.9,1.3,27.3,66.1,0.0,1010,873,0.000,0.001,0.001,0.000,14.0,5.3,13
26/11/2024,13:00,77,4.9,19.4,1.3,27.5,66.2,0.0,1009,758,0.001,0.002,0.003,0.001,13.1,5.5,15
26/11/2024,14:00,77,4.5,18.0,1.4,27.2,69.3,0.0,1009,822,0.001,0.001,0.003,0.001,15.7,6.2,19
26/11/2024,15:00,74,4.4,17.3,1.2,27.0,68.9,0.0,1008,617,0.000,0.001,0.002,0.000,13.3,5.5,15
26/11/2024,16:00,74,3.7,19.2,1.2,26.8,70.9,0.0,1008,334,0.000,0.001,0.001,0.000,13.1,5.0,13
26/11/2024,17:00,80,3.7,16.8,1.2,26.1,75.4,0.0,1009,117,0.000,0.001,0.001,0.000,10.5,4.1,9
26/11/2024,18:00,92,4.0,14.7,1.2,25.4,78.0,0.0,1009,7,0.000,0.001,0.002,0.000,9.6,4.0,8
26/11/2024,19:00,100,3.6,14.5,1.1,25.2,79.0,0.0,1010,0,0.000,0.001,0.001,0.000,9.4,3.7,8
26/11/2024,20:00,103,2.8,15.1,0.8,25.2,79.9,0.0,1010,0,0.000,0.001,0.001,0.000,11.3,3.9,8
26/11/2024,21:00,103,3.0,13.6,0.9,25.0,79.9,0.0,1010,0,0.000,0.001,0.001,0.000,11.2,4.2,9
26/11/2024,22:00,100,2.6,15.3,0.8,25.1,79.0,0.0,1010,0,0.000,0.001,0.001,0.000,11.1,3.8,8
26/11/2024,23:00,101,2.1,14.2,0.6,25.0,79.4,0.0,1010,0,0.000,0.002,0.002,0.000,10.3,3.8,7
27/11/2024,00:00,133,1.3,20.9,0.4,24.4,83.7,0.0,1009,0,0.000,0.008,0.008,0.000,10.6,3.9,11
27/11/2024,01:00,151,1.1,21.7,0.4,23.7,87.3,0.1,1009,0,0.009,0.016,0.024,0.003,11.4,4.4,8
27/11/2024,02:00,170,1.3,22.8,0.5,23.6,87.2,0.0,1009,0,0.001,0.008,0.009,0.002,13.0,4.6,13
27/11/2024,03:00,169,1.4,18.7,0.5,23.2,88.2,0.0,1009,0,0.001,0.005,0.006,0.001,11.7,4.1,10
27/11/2024,04:00,178,1.7,17.1,0.6,23.3,87.7,0.0,1009,1,0.001,0.004,0.005,0.001,14.5,4.8,11
27/11/2024,05:00,185,1.1,26.5,0.4,23.5,87.3,0.0,1010,53,0.005,0.009,0.014,0.001,13.7,4.9,16
27/11/2024,06:00,140,2.1,20.6,0.6,24.8,82.4,0.0,1010,240,0.014,0.015,0.029,0.005,15.0,5.5,20
27/11/2024,07:00,104,2.3,19.2,0.8,26.0,76.8,0.0,1011,445,0.027,0.014,0.041,0.019,13.1,5.2,12
27/11/2024,08:00,73,2.8,20.3,0.8,26.8,72.4,0.0,1011,565,0.003,0.005,0.008,0.006,14.3,4.6,11
27/11/2024,09:00,69,3.6,17.3,1.0,27.5,69.4,0.0,1011,924,0.002,0.002,0.005,0.002,11.9,4.3,10
27/11/2024,10:00,68,4.0,17.3,1.0,27.7,68.3,0.0,1010,1062,0.001,0.002,0.003,0.001,10.1,4.2,10
27/11/2024,11:00,65,4.1,17.7,1.2,28.1,68.1,0.0,1010,1099,0.000,0.001,0.001,0.001,10.5,4.0,9
27/11/2024,12:00,78,4.3,16.0,1.2,28.3,67.9,0.0,1009,1048,0.000,0.002,0.002,0.001,9.6,3.9,9
27/11/2024,13:00,85,4.5,17.0,1.1,28.8,65.5,0.0,1008,989,0.001,0.002,0.003,0.001,8.6,3.6,9
27/11/2024,14:00,87,5.2,14.7,1.3,28.3,69.4,0.0,1008,601,0.000,0.001,0.001,0.000,10.8,4.0,11
27/11/2024,15:00,84,4.6,14.3,1.2,27.7,73.0,0.0,1008,455,0.003,0.003,0.005,0.000,11.6,4.7,14
27/11/2024,16:00,80,4.0,15.5,1.1,27.4,76.2,0.0,1008,275,0.002,0.002,0.004,0.000,12.3,5.0,15
27/11/2024,17:00,78,3.6,16.1,1.1,26.5,80.2,0.0,1008,52,0.000,0.001,0.001,0.000,11.6,4.8,15
27/11/2024,18:00,82,2.9,17.7,0.8,26.2,81.8,0.0,1009,9,0.000,0.000,0.001,0.000,10.4,4.2,12
27/11/2024,19:00,82,2.8,15.4,0.8,26.1,81.7,0.0,1010,0,0.000,0.001,0.001,0.000,10.3,3.9,10
27/11/2024,20:00,92,3.1,15.7,0.9,26.0,82.2,0.0,1010,0,0.000,0.002,0.002,0.000,9.9,3.8,9
27/11/2024,21:00,96,2.9,14.7,0.8,25.9,82.9,0.0,1011,0,0.000,0.002,0.003,0.000,10.0,3.4,7
27/11/2024,22:00,99,3.0,14.8,1.0,25.9,82.4,0.0,1011,0,0.000,0.003,0.003,0.000,6.9,2.8,5
27/11/2024,23:00,99,2.8,14.3,0.8,25.7,83.0,0.0,1010,0,0.000,0.002,0.002,0.000,7.6,2.5,5
28/11/2024,00:00,97,2.3,14.3,0.7,25.5,84.0,0.0,1010,1,0.000,0.002,0.002,0.000,7.8,2.6,5
28/11/2024,01:00,99,2.0,14.5,0.6,25.4,85.3,0.0,1009,0,0.000,0.003,0.004,0.001,8.7,2.7,4
28/11/2024,02:00,102,1.6,14.1,0.4,25.3,86.1,0.0,1009,1,0.000,0.002,0.002,0.000,6.9,2.6,5
28/11/2024,03:00,83,0.9,20.5,0.4,24.7,87.4,0.3,1009,0,0.000,0.001,0.001,0.000,6.6,2.4,5
28/11/2024,04:00,258,0.4,27.4,0.2,24.4,90.3,0.0,1009,1,0.004,0.007,0.010,0.000,8.9,3.0,7
28/11/2024,05:00,116,0.6,19.9,0.2,24.5,90.6,0.0,1010,22,0.003,0.006,0.010,0.000,8.0,2.7,9
28/11/2024,06:00,130,1.0,22.3,0.3,24.8,89.9,0.1,1011,90,0.007,0.008,0.014,0.000,8.9,3.4,18
28/11/2024,07:00,105,1.7,19.0,0.6,26.1,83.0,0.0,1011,435,0.006,0.009,0.015,0.001,8.4,3.1,9
28/11/2024,08:00,81,3.0,16.4,0.8,27.0,75.7,0.0,1012,755,0.002,0.001,0.003,0.001,4.6,1.9,5
28/11/2024,09:00,87,3.7,17.6,0.9,27.6,68.4,0.0,1012,821,0.000,0.001,0.001,0.000,4.0,1.7,4
28/11/2024,10:00,86,4.0,15.5,1.0,28.2,64.9,0.0,1012,906,0.003,0.001,0.004,0.000,5.3,1.6,4
28/11/2024,11:00,84,4.4,16.3,1.2,28.4,65.7,0.0,1011,827,0.002,0.002,0.003,0.000,5.0,1.8,4
28/11/2024,12:00,81,4.3,16.3,1.1,28.7,64.4,0.0,1010,566,0.000,0.000,0.000,0.000,3.4,1.5,3
28/11/2024,13:00,81,4.1,18.0,1.1,28.9,64.1,0.0,1010,983,0.004,0.001,0.005,0.000,3.8,1.5,4
28/11/2024,14:00,84,4.2,16.1,1.2,29.3,62.7,0.0,1009,832,0.001,0.001,0.002,0.000,3.7,1.5,4
28/11/2024,15:00,87,4.5,14.4,1.3,28.6,67.8,0.0,1009,583,0.002,0.003,0.006,0.000,4.3,1.4,4
28/11/2024,16:00,87,3.9,15.6,1.0,27.9,73.4,0.0,1009,331,0.002,0.002,0.004,0.000,5.2,1.6,4
28/11/2024,17:00,86,3.2,15.7,0.9,27.5,74.0,0.0,1009,118,0.000,0.000,0.001,0.000,3.4,1.5,3
28/11/2024,18:00,84,2.7,15.8,0.9,26.6,78.4,0.0,1010,9,0.000,0.001,0.001,0.000,4.0,1.8,4
28/11/2024,19:00,74,2.6,15.1,0.7,26.2,80.9,0.0,1011,0,0.000,0.001,0.001,0.000,4.9,2.0,5
28/11/2024,20:00,76,2.2,18.2,0.7,26.1,81.2,0.0,1011,0,0.000,0.001,0.001,0.000,5.4,2.3,5
28/11/2024,21:00,70,1.8,17.7,0.6,26.1,81.7,0.0,1012,0,0.000,0.001,0.001,0.000,7.2,3.0,7
28/11/2024,22:00,89,2.3,15.2,0.7,26.1,81.1,0.0,1012,0,0.000,0.001,0.001,0.000,6.9,3.1,7
28/11/2024,23:00,86,2.1,16.7,0.7,25.9,81.2,0.0,1011,0,0.000,0.002,0.002,0.000,7.0,3.0,7
29/11/2024,00:00,89,1.7,15.9,0.5,25.9,81.6,0.0,1011,0,0.000,0.001,0.001,0.000,6.6,2.9,7
29/11/2024,01:00,102,2.0,14.8,0.6,25.6,81.7,0.0,1010,0,0.000,0.003,0.003,0.000,8.2,3.2,5
29/11/2024,02:00,118,1.5,14.8,0.4,25.4,83.0,0.0,1010,0,0.000,0.003,0.003,0.000,7.3,3.1,8
29/11/2024,03:00,147,1.6,17.8,0.5,24.6,87.3,0.0,1009,1,0.001,0.006,0.007,0.000,8.2,3.6,11
29/11/2024,04:00,142,1.6,17.9,0.5,24.5,87.5,0.0,1010,0,0.002,0.007,0.009,0.001,9.6,3.9,16
29/11/2024,05:00,137,2.0,14.7,0.5,24.5,87.3,0.0,1010,31,0.002,0.005,0.007,0.002,9.7,3.9,11
29/11/2024,06:00,121,1.8,19.8,0.6,25.8,82.5,0.0,1011,109,0.007,0.008,0.015,0.003,9.8,4.0,11
29/11/2024,07:00,93,2.6,17.5,0.8,26.6,78.8,0.0,1011,257,0.005,0.006,0.011,0.003,9.0,3.6,9
29/11/2024,08:00,76,3.7,18.3,1.0,27.3,74.4,0.0,1011,395,0.001,0.002,0.003,0.001,8.5,3.2,7
29/11/2024,09:00,79,3.7,18.7,1.0,28.0,71.6,0.0,1011,652,0.001,0.001,0.002,0.001,7.4,2.8,7
29/11/2024,10:00,81,4.0,18.3,1.1,28.3,67.4,0.0,1011,946,0.002,0.001,0.003,0.001,6.1,2.0,5
29/11/2024,11:00,85,4.4,16.1,1.1,28.8,62.9,0.0,1010,1090,0.006,0.004,0.009,0.001,4.3,1.9,5
29/11/2024,12:00,83,5.0,16.0,1.3,28.7,65.8,0.0,1009,1082,0.003,0.002,0.005,0.000,6.0,1.9,5
29/11/2024,13:00,86,5.0,15.1,1.2,28.8,65.9,0.0,1008,840,0.006,0.002,0.007,0.001,6.3,2.1,6
29/11/2024,14:00,85,4.2,16.4,1.3,28.5,68.3,0.0,1008,620,0.001,0.002,0.002,0.000,6.8,2.5,6
29/11/2024,15:00,87,4.1,15.9,1.1,27.7,73.8,0.0,1007,314,0.000,0.001,0.001,0.000,9.1,3.6,9
29/11/2024,16:00,76,3.2,17.5,0.8,27.2,75.2,0.0,1007,161,0.000,0.001,0.002,0.000,8.9,3.8,11
29/11/2024,17:00,77,2.9,15.4,0.8,26.8,75.0,0.0,1008,90,0.000,0.000,0.000,0.000,8.9,3.6,9
29/11/2024,18:00,79,2.4,17.0,0.7,26.4,76.9,0.0,1008,16,0.000,0.000,0.001,0.000,8.2,3.4,9
29/11/2024,19:00,81,2.2,16.2,0.7,26.1,78.1,0.0,1009,0,0.000,0.000,0.000,0.000,8.4,3.2,7
29/11/2024,20:00,83,2.2,15.7,0.6,26.1,79.8,0.0,1009,0,0.000,0.001,0.001,0.000,8.2,3.0,7
29/11/2024,21:00,97,2.6,17.1,0.8,26.3,80.0,0.0,1010,0,0.000,0.001,0.001,0.000,9.7,3.7,9
29/11/2024,22:00,95,2.6,15.2,0.8,26.2,81.0,0.0,1010,0,0.000,0.001,0.001,0.000,9.8,3.8,9
29/11/2024,23:00,89,1.9,16.3,0.6,26.0,82.0,0.0,1009,0,0.000,0.001,0.001,0.000,8.6,3.6,9
30/11/2024,00:00,81,1.5,16.5,0.4,25.9,82.3,0.0,1008,1,0.000,0.000,0.001,0.000,8.7,3.5,8
30/11/2024,01:00,92,1.5,16.1,0.4,25.8,82.3,0.0,1008,1,0.000,0.000,0.001,0.001,8.7,3.3,5
30/11/2024,02:00,86,1.4,17.2,0.4,25.5,83.9,0.0,1007,0,0.000,0.000,0.000,0.000,7.1,2.8,6
30/11/2024,03:00,47,0.5,23.1,0.3,25.3,84.0,0.0,1007,1,0.000,0.001,0.001,0.000,4.9,2.3,6
30/11/2024,04:00,305,0.4,18.2,0.1,24.8,86.0,0.0,1008,2,0.002,0.005,0.007,0.000,14.4,3.8,8
30/11/2024,05:00,291,0.5,10.3,0.1,24.7,87.1,0.0,1008,42,0.010,0.009,0.019,0.000,11.2,3.5,8
30/11/2024,06:00,311,0.4,33.1,0.2,25.9,82.9,0.0,1009,235,0.005,0.005,0.010,0.000,30.4,5.0,10
30/11/2024,07:00,6,1.1,26.7,0.5,27.1,77.4,0.0,1009,237,0.010,0.009,0.020,0.000,19.0,3.9,8
30/11/2024,08:00,6,1.1,26.9,0.5,27.5,73.6,0.0,1009,439,0.008,0.005,0.012,0.000,10.3,2.9,7
30/11/2024,09:00,58,1.5,20.7,0.5,27.0,76.4,0.1,1009,572,0.005,0.003,0.007,0.000,9.6,2.8,6
30/11/2024,10:00,64,2.5,20.7,0.9,28.9,69.1,0.0,1009,670,0.009,0.003,0.012,0.000,3.8,1.7,5
30/11/2024,11:00,27,2.8,23.1,1.0,30.0,62.4,0.0,1008,468,0.002,0.002,0.004,0.000,5.9,1.6,4
30/11/2024,12:00,14,2.5,25.0,1.0,29.3,65.1,0.0,1007,320,0.002,0.003,0.005,0.000,12.3,2.5,5
30/11/2024,13:00,27,2.2,21.9,0.9,28.6,64.9,0.0,1006,452,0.002,0.002,0.004,0.000,10.4,2.4,5
30/11/2024,14:00,13,1.6,28.6,0.7,29.1,62.0,0.0,1006,347,0.013,0.010,0.023,0.000,6.6,1.9,4
30/11/2024,15:00,33,1.7,29.3,0.7,29.1,64.6,0.0,1005,284,0.003,0.003,0.006,0.000,8.6,2.2,5
30/11/2024,16:00,26,1.5,19.3,0.5,28.8,61.8,0.0,1005,114,0.011,0.008,0.019,0.000,7.7,2.3,5
30/11/2024,17:00,35,1.9,17.9,0.7,27.7,73.7,0.0,1006,44,0.000,0.000,0.001,0.000,6.1,1.7,4
30/11/2024,18:00,31,1.5,19.3,0.5,26.8,78.8,0.0,1006,10,0.000,0.000,0.000,0.000,4.7,1.6,4
30/11/2024,19:00,25,1.2,18.0,0.4,26.3,80.9,0.0,1007,1,0.000,0.000,0.000,0.000,10.2,2.3,5
30/11/2024,20:00,19,0.9,21.1,0.3,26.1,82.4,0.0,1007,1,0.000,0.001,0.001,0.000,21.5,3.6,7
30/11/2024,21:00,32,0.5,25.7,0.2,26.1,82.5,0.0,1008,1,0.000,0.001,0.001,0.000,16.9,3.7,7
30/11/2024,22:00,292,0.7,13.3,0.2,25.6,84.6,0.0,1008,1,0.002,0.005,0.006,0.000,8.2,2.7,5
30/11/2024,23:00,295,0.7,10.2,0.1,25.3,85.8,0.0,1007,1,0.002,0.006,0.008,0.000,6.6,2.0,5
01/12/2024,00:00,315,0.2,22.1,0.2,25.4,86.2,0.0,1007,1,0.001,0.003,0.004,0.000,5.5,1.8,4
01/12/2024,01:00,296,0.2,30.6,0.1,24.9,87.1,0.0,1006,1,0.001,0.004,0.005,0.000,6.5,2.0,4
01/12/2024,02:00,278,1.1,8.4,0.2,24.4,89.4,0.0,1006,1,0.004,0.004,0.008,0.000,6.3,2.1,5
01/12/2024,03:00,287,0.7,19.1,0.2,24.3,89.9,0.4,1006,1,0.002,0.005,0.006,0.000,9.1,2.5,5
01/12/2024,04:00,272,0.4,38.3,0.2,24.1,92.3,0.0,1006,1,0.001,0.004,0.005,0.000,8.3,2.8,5
01/12/2024,05:00,296,0.6,21.2,0.2,24.0,92.6,0.0,1007,35,0.004,0.004,0.009,0.000,8.6,2.4,6
01/12/2024,06:00,305,0.4,33.7,0.3,26.0,87.2,0.0,1007,245,0.004,0.003,0.006,0.000,6.5,2.2,5
01/12/2024,07:00,5,1.3,24.8,0.5,27.5,79.8,0.0,1008,400,0.006,0.005,0.011,0.001,5.8,1.7,4
01/12/2024,08:00,347,1.0,46.5,0.6,28.9,71.1,0.0,1008,411,0.002,0.002,0.004,0.001,6.0,1.8,4
01/12/2024,09:00,28,2.1,24.4,0.8,29.4,68.2,0.0,1007,509,0.007,0.005,0.012,0.001,7.5,1.9,4
01/12/2024,10:00,25,2.0,31.3,0.9,30.9,61.0,0.0,1007,976,0.007,0.004,0.012,0.001,7.4,2.0,4
01/12/2024,11:00,57,3.2,21.5,1.0,30.8,59.7,0.0,1006,918,0.003,0.002,0.004,0.000,4.5,1.5,4
01/12/2024,12:00,64,4.2,18.3,1.2,31.1,63.2,0.0,1005,976,0.001,0.002,0.004,0.000,8.1,1.9,5
01/12/2024,13:00,56,4.3,17.2,1.3,31.4,58.7,0.0,1004,718,0.001,0.001,0.002,0.000,8.9,1.6,4
01/12/2024,14:00,50,4.1,18.3,1.2,31.0,59.4,0.0,1004,709,0.002,0.002,0.004,0.000,6.8,1.6,4
01/12/2024,15:00,46,3.6,19.3,1.1,30.6,62.6,0.0,1003,583,0.001,0.001,0.002,0.000,6.9,2.0,6
01/12/2024,16:00,37,2.8,22.9,1.1,29.9,65.4,0.0,1004,338,0.001,0.002,0.003,0.000,12.7,2.9,7
01/12/2024,17:00,17,2.4,20.6,1.0,28.8,71.3,0.0,1004,115,0.004,0.004,0.008,0.000,20.9,4.1,9
01/12/2024,18:00,25,1.7,19.7,0.6,27.7,75.3,0.0,1006,8,0.001,0.002,0.003,0.000,10.9,3.2,8
01/12/2024,19:00,29,1.3,19.8,0.5,27.2,78.3,0.0,1006,0,0.000,0.001,0.001,0.000,7.7,3.0,7
01/12/2024,20:00,45,1.3,16.6,0.5,27.1,80.6,0.0,1007,0,0.000,0.001,0.001,0.000,8.8,3.1,8
01/12/2024,21:00,44,1.1,17.3,0.4,27.0,82.5,0.0,1007,1,0.000,0.002,0.002,0.000,10.0,3.7,10
01/12/2024,22:00,46,1.3,18.6,0.4,26.9,84.4,0.0,1008,1,0.000,0.002,0.002,0.000,10.7,4.2,13
01/12/2024,23:00,22,0.9,17.7,0.2,26.8,85.0,0.0,1007,0,0.000,0.000,0.000,0.000,11.4,4.7,14
02/12/2024,00:00,358,0.6,20.4,0.2,26.4,86.1,0.0,1007,1,0.000,0.001,0.001,0.000,11.9,4.7,14
02/12/2024,01:00,348,0.4,34.9,0.2,25.9,88.2,0.0,1006,1,0.000,0.001,0.001,0.000,10.9,4.4,21
02/12/2024,02:00,317,0.5,25.1,0.2,25.8,87.6,0.0,1006,1,0.000,0.001,0.001,0.000,13.1,4.9,14
02/12/2024,03:00,83,0.4,26.9,0.1,25.9,87.5,0.6,1006,0,0.000,0.001,0.001,0.000,11.7,4.7,14
02/12/2024,04:00,288,0.7,17.9,0.1,25.2,92.6,0.0,1006,1,0.002,0.005,0.007,0.000,14.8,5.2,14
02/12/2024,05:00,287,0.4,24.8,0.2,25.2,93.6,0.0,1007,32,0.012,0.006,0.019,0.000,11.7,4.6,15
02/12/2024,06:00,351,0.6,28.9,0.3,26.3,88.1,0.0,1008,132,0.005,0.004,0.008,0.000,14.7,5.3,16
02/12/2024,07:00,24,0.9,31.2,0.4,27.6,80.8,0.1,1008,194,0.005,0.003,0.009,0.000,15.2,5.2,15
02/12/2024,08:00,1,1.3,23.0,0.5,27.6,80.2,0.2,1009,177,0.036,0.018,0.054,0.001,14.6,5.0,17
02/12/2024,09:00,80,2.4,27.5,0.8,28.4,76.0,0.1,1008,388,0.002,0.002,0.005,0.000,10.1,4.2,13
02/12/2024,10:00,88,4.3,16.7,1.2,29.0,72.0,0.0,1008,794,0.001,0.001,0.002,0.000,10.2,4.1,13
02/12/2024,11:00,83,4.4,17.1,1.2,29.4,68.5,0.0,1008,853,0.002,0.003,0.005,0.000,9.9,4.1,12
02/12/2024,12:00,81,4.5,16.9,1.2,29.9,63.5,0.0,1007,700,0.005,0.003,0.007,0.000,9.0,3.7,10
02/12/2024,13:00,78,4.7,16.4,1.3,29.8,66.3,0.0,1007,889,0.006,0.004,0.011,0.000,9.3,3.8,11
02/12/2024,14:00,84,4.6,15.8,1.2,29.5,68.4,0.0,1006,660,0.001,0.002,0.003,0.000,9.0,3.5,11
02/12/2024,15:00,74,4.1,17.2,1.1,29.2,67.6,0.0,1005,406,0.001,0.001,0.002,0.000,8.6,3.4,10
02/12/2024,16:00,73,3.6,16.1,1.0,29.1,65.3,0.0,1005,349,0.003,0.001,0.003,0.000,8.2,3.4,10
02/12/2024,17:00,66,3.1,14.8,0.8,28.3,68.1,0.0,1006,135,0.000,0.001,0.001,0.000,7.2,3.0,8
02/12/2024,18:00,66,2.5,16.8,0.8,27.1,74.4,0.0,1007,7,0.000,0.000,0.001,0.000,7.0,3.0,8
02/12/2024,19:00,65,2.5,17.7,0.8,26.4,79.3,0.0,1007,0,0.000,0.000,0.000,0.000,9.2,3.9,10
02/12/2024,20:00,54,1.6,19.7,0.5,26.4,81.0,0.0,1008,1,0.000,0.001,0.001,0.000,8.7,3.6,10
02/12/2024,21:00,62,1.8,18.1,0.6,26.4,80.8,0.0,1009,0,0.000,0.001,0.001,0.000,9.2,3.7,10
02/12/2024,22:00,68,1.9,18.7,0.6,26.3,80.3,0.0,1009,1,0.000,0.001,0.001,0.000,8.6,3.4,9
02/12/2024,23:00,62,1.4,21.5,0.5,26.1,81.7,0.0,1009,1,0.000,0.000,0.001,0.000,9.1,3.5,9
03/12/2024,00:00,57,1.5,17.3,0.5,26.0,82.8,0.0,1008,1,0.000,0.000,0.000,0.000,8.0,3.3,8
03/12/2024,01:00,24,0.6,30.9,0.5,24.3,89.1,0.5,1008,1,0.000,0.002,0.002,0.000,8.3,3.0,5
03/12/2024,02:00,358,0.4,26.7,0.3,24.5,88.8,0.0,1007,0,0.000,0.003,0.003,0.000,12.5,4.0,9
03/12/2024,03:00,81,1.5,26.4,0.5,24.8,87.6,0.9,1007,0,0.000,0.001,0.001,0.000,10.3,3.8,9
03/12/2024,04:00,24,0.4,33.6,0.3,24.2,90.6,0.0,1008,1,0.000,0.002,0.002,0.000,9.4,3.5,9
03/12/2024,05:00,78,1.1,24.5,0.5,25.0,84.7,0.0,1008,40,0.000,0.001,0.001,0.000,9.0,3.7,10
03/12/2024,06:00,67,2.0,17.3,0.7,26.4,76.3,0.0,1009,269,0.000,0.000,0.001,0.000,9.7,3.9,10
03/12/2024,07:00,71,2.2,19.4,0.7,27.5,71.0,0.0,1009,542,0.002,0.003,0.004,0.000,9.9,3.6,9
03/12/2024,08:00,82,3.3,17.4,0.9,27.9,69.9,0.0,1009,767,0.000,0.000,0.001,0.000,7.4,2.8,7
03/12/2024,09:00,83,4.1,16.9,1.2,28.0,70.6,0.0,1009,954,0.003,0.002,0.004,0.000,7.3,2.6,6
03/12/2024,10:00,88,4.4,15.5,1.2,28.3,67.5,0.0,1009,996,0.005,0.004,0.009,0.000,7.3,2.5,6
03/12/2024,11:00,91,4.3,17.0,1.1,28.5,66.6,0.0,1009,908,0.003,0.004,0.007,0.000,5.9,2.2,5
03/12/2024,12:00,87,3.8,19.0,1.1,28.0,70.6,0.1,1008,698,0.002,0.002,0.004,0.000,8.3,2.7,6
03/12/2024,13:00,78,3.7,16.1,1.0,28.4,69.3,0.0,1008,528,0.008,0.003,0.011,0.000,8.6,3.4,8
03/12/2024,14:00,81,4.3,17.1,1.2,29.0,64.2,0.0,1007,546,0.000,0.000,0.001,0.000,7.8,3.2,7
03/12/2024,15:00,85,4.0,16.9,1.0,29.0,63.9,0.0,1007,522,0.009,0.002,0.011,0.000,8.4,3.6,8
03/12/2024,16:00,87,3.8,15.4,1.0,28.3,65.8,0.0,1007,302,0.000,0.000,0.001,0.000,10.0,3.9,8
03/12/2024,17:00,83,2.5,16.2,0.7,27.4,70.5,0.0,1008,100,0.000,0.000,0.000,0.000,10.3,3.9,9
03/12/2024,18:00,69,1.9,17.8,0.6,26.7,73.4,0.0,1008,9,0.000,0.000,0.000,0.000,10.7,4.1,10
03/12/2024,19:00,68,1.4,18.3,0.5,26.4,77.4,0.0,1009,0,0.000,0.001,0.001,0.000,9.8,4.0,10
03/12/2024,20:00,72,2.0,15.5,0.6,26.4,76.4,0.0,1009,1,0.000,0.001,0.001,0.000,9.1,3.5,9
03/12/2024,21:00,75,1.8,18.5,0.6,26.5,77.3,0.0,1009,1,0.000,0.000,0.001,0.000,9.4,3.8,9
03/12/2024,22:00,63,1.7,20.7,0.6,26.4,79.4,0.0,1009,1,0.000,0.001,0.001,0.000,9.7,3.9,10
03/12/2024,23:00,72,1.4,22.9,0.5,26.3,78.8,0.0,1009,1,0.000,0.000,0.001,0.000,9.2,3.9,9
04/12/2024,00:00,77,1.9,17.6,0.6,26.1,79.1,0.0,1008,1,0.000,0.001,0.001,0.000,9.4,3.8,9
04/12/2024,01:00,60,1.0,28.3,0.5,25.8,80.3,0.0,1008,1,0.000,0.001,0.001,0.000,8.4,3.7,7
04/12/2024,02:00,72,0.9,27.6,0.4,25.5,81.8,0.0,1008,1,0.001,0.002,0.003,0.000,8.6,3.8,10
04/12/2024,03:00,60,0.9,30.5,0.4,25.5,82.8,0.0,1008,1,0.000,0.002,0.002,0.000,8.8,3.9,10
04/12/2024,04:00,82,1.1,21.0,0.4,25.6,82.5,0.0,1008,1,0.000,0.000,0.001,0.000,9.2,3.8,10
04/12/2024,05:00,300,0.5,30.9,0.2,25.0,84.0,0.0,1009,20,0.021,0.008,0.029,0.000,10.7,4.2,13
04/12/2024,06:00,196,0.2,25.9,0.3,26.5,79.6,0.0,1010,107,0.010,0.006,0.016,0.000,10.8,4.1,11
04/12/2024,07:00,90,1.6,25.8,0.6,27.4,73.9,0.0,1011,297,0.001,0.001,0.002,0.000,9.2,3.6,10
04/12/2024,08:00,80,2.2,21.6,0.6,28.0,67.9,0.0,1011,629,0.004,0.004,0.009,0.000,8.6,3.4,9
04/12/2024,09:00,76,3.0,19.5,0.9,28.9,60.0,0.0,1011,975,0.005,0.002,0.007,0.000,7.6,3.0,7
04/12/2024,10:00,84,3.8,17.1,1.0,29.2,61.6,0.0,1011,1083,0.001,0.003,0.005,0.000,7.5,3.1,8
04/12/2024,11:00,83,4.1,20.0,1.1,29.7,62.4,0.0,1011,1004,0.004,0.007,0.011,0.000,7.9,4.1,12
04/12/2024,12:00,87,4.3,16.6,1.1,29.3,62.3,0.0,1010,837,0.009,0.005,0.014,0.000,7.6,3.3,10
04/12/2024,13:00,87,4.3,15.3,1.1,29.3,62.3,0.0,1010,822,0.000,0.002,0.002,0.000,6.5,3.0,9
04/12/2024,14:00,91,3.8,15.0,1.0,29.0,66.2,0.0,1009,367,0.010,0.004,0.014,0.000,8.0,3.4,13
04/12/2024,15:00,71,4.0,15.6,1.1,29.4,64.8,0.0,1009,708,0.002,0.001,0.003,0.000,6.9,3.4,12
04/12/2024,16:00,82,3.6,16.8,1.0,28.8,70.0,0.0,1009,241,0.000,0.001,0.001,0.000,7.6,3.5,12
04/12/2024,17:00,84,3.2,15.4,0.8,28.0,75.8,0.0,1010,121,0.000,0.001,0.001,0.000,8.1,3.6,13
04/12/2024,18:00,77,2.5,15.9,0.7,27.3,80.0,0.0,1010,10,0.000,0.000,0.000,0.000,9.2,4.4,18
04/12/2024,19:00,72,2.1,17.6,0.7,26.8,83.9,0.0,1011,0,0.000,0.000,0.001,0.000,10.9,4.7,19
04/12/2024,20:00,74,2.5,17.5,0.8,26.8,83.0,0.0,1011,0,0.000,0.000,0.000,0.000,10.0,4.6,18
04/12/2024,21:00,76,2.3,16.9,0.7,26.7,84.2,0.0,1012,0,0.000,0.000,0.001,0.000,9.2,4.3,15
04/12/2024,22:00,76,2.3,17.0,0.7,26.6,84.5,0.0,1012,0,0.000,0.001,0.001,0.000,10.2,4.3,13
04/12/2024,23:00,76,1.9,16.0,0.6,26.6,83.9,0.0,1012,0,0.000,0.000,0.001,0.000,10.7,4.4,13
05/12/2024,00:00,84,2.0,16.8,0.6,26.5,82.7,0.0,1011,0,0.000,0.000,0.001,0.000,9.7,4.2,13
05/12/2024,01:00,80,1.9,16.2,0.6,26.4,82.7,0.0,1011,0,0.000,0.000,0.001,0.000,9.1,4.1,9
05/12/2024,02:00,82,0.6,19.8,0.3,26.1,81.6,0.0,1011,0,0.000,0.001,0.002,0.000,9.9,4.3,13
05/12/2024,03:00,253,0.1,27.6,0.2,25.6,84.7,0.0,1011,1,0.005,0.007,0.012,0.000,11.6,4.8,14
05/12/2024,04:00,75,1.3,20.4,0.4,26.2,85.3,0.0,1011,1,0.000,0.001,0.001,0.000,14.6,5.9,19
05/12/2024,05:00,119,1.1,18.0,0.3,26.2,85.6,0.0,1012,21,0.001,0.003,0.004,0.000,14.2,6.0,19
05/12/2024,06:00,138,1.5,19.1,0.4,26.2,86.2,0.0,1013,90,0.004,0.005,0.010,0.000,13.6,5.4,21
05/12/2024,07:00,102,2.2,18.5,0.7,27.2,81.8,0.0,1014,136,0.003,0.003,0.006,0.000,14.3,5.5,20
05/12/2024,08:00,87,4.1,16.3,1.1,28.5,74.2,0.0,1014,441,0.000,0.000,0.000,0.000,13.9,5.7,17
05/12/2024,09:00,82,4.1,17.3,1.1,28.7,72.5,0.0,1014,594,0.005,0.005,0.010,0.000,14.2,6.1,19
05/12/2024,10:00,82,5.1,15.4,1.3,28.5,74.4,0.0,1014,489,0.000,0.000,0.000,0.000,13.5,5.6,18
05/12/2024,11:00,78,5.2,16.5,1.3,28.8,72.7,0.0,1013,327,0.001,0.001,0.002,0.000,11.4,4.5,12
05/12/2024,12:00,78,5.2,16.0,1.5,28.8,73.1,0.0,1013,625,0.002,0.001,0.004,0.000,12.3,4.8,14
05/12/2024,13:00,81,5.2,17.0,1.5,28.8,71.8,0.0,1013,546,0.002,0.001,0.003,0.000,15.0,5.7,17
05/12/2024,14:00,77,5.1,15.7,1.5,28.5,69.8,0.0,1012,717,0.000,0.000,0.001,0.000,14.0,5.6,16
05/12/2024,15:00,80,4.6,17.4,1.3,28.1,69.4,0.0,1012,506,0.002,0.003,0.005,0.000,13.8,5.4,17
05/12/2024,16:00,85,4.4,16.7,1.3,27.8,70.1,0.0,1012,219,0.003,0.001,0.004,0.000,15.3,5.2,16
05/12/2024,17:00,94,4.0,15.9,1.1,27.2,73.3,0.0,1013,64,0.000,0.001,0.001,0.000,14.3,5.3,16
05/12/2024,18:00,90,3.4,15.5,0.9,26.9,74.6,0.0,1013,8,0.000,0.001,0.001,0.000,14.6,5.4,16
05/12/2024,19:00,98,3.4,14.9,1.0,26.7,73.2,0.0,1013,0,0.000,0.001,0.001,0.000,14.9,5.6,15
05/12/2024,20:00,96,3.6,14.7,1.1,26.6,71.6,0.0,1014,0,0.000,0.001,0.001,0.000,13.8,5.4,15
05/12/2024,21:00,99,3.3,14.3,1.0,26.5,71.9,0.0,1014,0,0.000,0.002,0.002,0.000,14.1,5.4,15
05/12/2024,22:00,107,2.4,16.3,0.7,26.3,72.9,0.0,1014,0,0.000,0.001,0.001,0.000,13.6,5.4,15
05/12/2024,23:00,151,1.6,16.9,0.5,25.5,77.4,0.0,1014,0,0.001,0.008,0.009,0.001,15.4,6.0,21
06/12/2024,00:00,150,1.7,19.1,0.6,24.9,79.7,0.0,1014,0,0.001,0.009,0.010,0.002,15.9,6.2,26
06/12/2024,01:00,145,1.7,16.1,0.5,24.4,81.2,0.0,1013,0,0.000,0.006,0.007,0.001,15.1,6.1,28
06/12/2024,02:00,137,1.5,18.5,0.5,24.1,80.7,0.0,1012,1,0.000,0.006,0.006,0.001,14.1,6.0,28
06/12/2024,03:00,153,1.4,19.3,0.5,23.9,80.8,0.0,1012,1,0.001,0.007,0.008,0.001,14.0,5.7,25
06/12/2024,04:00,157,1.7,18.9,0.6,23.8,81.3,0.0,1013,1,0.001,0.004,0.006,0.000,13.9,5.4,15
06/12/2024,05:00,159,1.5,18.0,0.5,23.7,82.1,0.0,1013,62,0.004,0.007,0.011,0.000,15.3,5.6,16
06/12/2024,06:00,141,1.8,23.4,0.6,25.3,77.3,0.0,1014,272,0.008,0.008,0.016,0.000,15.3,5.6,20
06/12/2024,07:00,123,3.3,19.2,1.0,26.4,74.0,0.0,1014,487,0.024,0.013,0.036,0.008,14.7,5.2,14
06/12/2024,08:00,111,3.5,17.9,1.2,27.1,70.7,0.0,1014,760,0.032,0.012,0.044,0.015,11.5,4.5,11
06/12/2024,09:00,88,4.1,17.5,1.3,27.9,68.3,0.0,1014,854,0.005,0.006,0.011,0.006,10.3,4.1,10
06/12/2024,10:00,82,4.3,17.4,1.2,28.3,67.7,0.0,1014,962,0.002,0.002,0.004,0.002,9.7,3.5,8
06/12/2024,11:00,76,4.7,15.3,1.3,28.4,67.9,0.0,1014,1121,0.003,0.003,0.007,0.001,8.0,3.0,6
06/12/2024,12:00,75,4.5,18.1,1.2,28.6,66.3,0.0,1013,1108,0.000,0.001,0.001,0.001,7.6,2.7,5
06/12/2024,13:00,84,4.6,18.0,1.2,28.8,66.0,0.0,1013,960,0.000,0.001,0.001,0.001,7.3,2.9,6
06/12/2024,14:00,84,4.8,16.9,1.3,28.8,66.8,0.0,1012,795,0.000,0.001,0.001,0.000,7.3,3.0,6
06/12/2024,15:00,82,4.6,16.7,1.3,28.4,69.6,0.0,1012,545,0.001,0.001,0.001,0.000,7.8,3.1,7
06/12/2024,16:00,84,4.5,14.9,1.3,28.0,71.5,0.0,1012,327,0.000,0.001,0.001,0.000,7.9,3.3,7
06/12/2024,17:00,83,3.8,17.2,1.2,27.6,72.8,0.0,1012,91,0.000,0.001,0.001,0.000,8.9,3.7,8
06/12/2024,18:00,87,3.3,16.6,0.9,27.0,76.7,0.0,1012,12,0.000,0.001,0.001,0.000,11.6,4.3,9
06/12/2024,19:00,87,3.5,15.6,1.0,26.7,78.0,0.0,1013,0,0.000,0.001,0.001,0.000,11.6,4.6,11
06/12/2024,20:00,79,2.7,18.5,0.9,26.7,77.6,0.0,1013,0,0.000,0.000,0.000,0.000,12.6,5.0,12
06/12/2024,21:00,89,3.2,15.6,1.0,26.6,77.3,0.0,1013,0,0.000,0.000,0.000,0.000,13.0,4.9,11
06/12/2024,22:00,83,2.9,17.3,0.9,26.3,78.9,0.0,1013,0,0.000,0.000,0.000,0.000,12.3,4.9,12
06/12/2024,23:00,92,2.6,16.3,0.9,25.7,80.5,0.5,1013,0,0.000,0.000,0.001,0.000,12.5,5.0,12
07/12/2024,00:00,89,2.4,16.1,0.8,25.8,77.7,0.1,1012,0,0.000,0.001,0.001,0.000,12.2,4.5,10
07/12/2024,01:00,83,1.9,17.2,0.6,25.9,77.4,0.0,1012,0,0.000,0.001,0.001,0.000,11.6,4.5,7
07/12/2024,02:00,76,1.6,16.8,0.6,25.8,77.9,0.0,1011,0,0.000,0.001,0.001,0.000,11.5,4.5,10
07/12/2024,03:00,95,2.2,15.9,0.6,25.8,77.2,0.0,1011,0,0.000,0.001,0.001,0.000,12.1,4.5,10
07/12/2024,04:00,150,1.2,15.0,0.4,24.9,81.9,0.0,1011,1,0.001,0.005,0.005,0.000,13.4,4.7,14
07/12/2024,05:00,150,1.2,19.5,0.4,24.6,83.0,0.0,1012,27,0.003,0.006,0.009,0.001,19.4,5.3,15
07/12/2024,06:00,148,1.9,16.9,0.6,25.6,78.8,0.0,1013,265,0.015,0.008,0.023,0.006,14.0,4.9,14
07/12/2024,07:00,109,2.3,20.4,0.9,26.8,71.4,0.0,1013,550,0.008,0.007,0.015,0.009,11.8,4.3,10
07/12/2024,08:00,80,3.2,17.2,1.0,27.2,68.3,0.0,1013,782,0.004,0.003,0.007,0.002,10.2,3.9,9
07/12/2024,09:00,71,4.0,17.3,1.1,27.8,66.4,0.0,1012,940,0.002,0.001,0.004,0.001,11.1,3.8,9
07/12/2024,10:00,70,4.3,15.8,1.2,28.1,62.6,0.0,1012,1080,0.001,0.001,0.002,0.001,9.0,3.7,8
07/12/2024,11:00,72,4.4,17.8,1.2,28.4,61.0,0.0,1011,1121,0.001,0.012,0.013,0.001,11.5,4.8,12
07/12/2024,12:00,75,4.7,16.8,1.2,28.6,58.1,0.0,1011,1093,0.001,0.002,0.002,0.000,8.5,3.5,8
07/12/2024,13:00,83,4.9,16.7,1.2,28.5,57.8,0.0,1010,1008,0.002,0.001,0.003,0.000,7.4,3.3,6
07/12/2024,14:00,81,4.6,17.3,1.3,28.2,61.3,0.0,1010,858,0.001,0.001,0.002,0.000,7.7,3.4,6
07/12/2024,15:00,84,4.5,15.9,1.3,28.0,62.3,0.0,1009,656,0.004,0.001,0.005,0.000,8.4,3.6,7
07/12/2024,16:00,80,4.1,16.8,1.2,27.8,63.6,0.0,1009,411,0.000,0.000,0.000,0.000,7.8,3.3,7
07/12/2024,17:00,73,3.5,16.3,1.1,27.3,66.4,0.0,1009,148,0.000,0.000,0.000,0.000,8.0,3.2,7
07/12/2024,18:00,63,2.6,16.9,0.8,26.4,70.5,0.0,1010,10,0.000,0.000,0.001,0.000,8.9,3.4,7
07/12/2024,19:00,62,1.6,16.5,0.6,25.9,73.1,0.0,1010,0,0.000,0.000,0.001,0.000,9.2,3.5,8
07/12/2024,20:00,73,1.5,16.9,0.5,25.8,73.5,0.0,1011,1,0.000,0.001,0.001,0.000,8.9,3.5,8
07/12/2024,21:00,49,0.8,24.7,0.4,25.6,74.5,0.0,1011,2,0.000,0.001,0.001,0.000,8.6,3.4,8
07/12/2024,22:00,342,0.3,27.7,0.2,25.1,75.5,0.0,1011,2,0.001,0.004,0.005,0.000,10.5,3.8,9
07/12/2024,23:00,299,0.6,13.6,0.1,23.7,81.1,0.0,1010,1,0.005,0.009,0.014,0.000,11.3,4.0,9
08/12/2024,00:00,300,1.1,10.0,0.2,22.7,85.2,0.0,1010,1,0.002,0.007,0.009,0.000,11.9,4.0,9
08/12/2024,01:00,311,1.0,10.3,0.2,22.3,86.5,0.0,1009,1,0.002,0.007,0.008,0.001,10.1,3.9,7
08/12/2024,02:00,289,1.6,9.9,0.2,21.8,88.3,0.0,1009,1,0.004,0.006,0.010,0.000,10.4,3.9,9
08/12/2024,03:00,281,1.7,8.6,0.2,21.7,88.6,0.0,1009,1,0.002,0.005,0.007,0.000,9.6,3.9,9
08/12/2024,04:00,281,1.5,11.6,0.3,21.7,88.8,0.0,1009,1,0.002,0.006,0.007,0.000,9.9,3.7,9
08/12/2024,05:00,276,1.7,11.4,0.3,21.7,88.8,0.0,1010,54,0.005,0.007,0.012,0.000,10.3,3.9,10
08/12/2024,06:00,297,0.8,24.1,0.2,24.4,80.2,0.0,1010,267,0.009,0.007,0.016,0.000,11.0,3.8,9
08/12/2024,07:00,351,0.6,48.6,0.6,28.0,67.3,0.0,1010,538,0.002,0.002,0.004,0.001,14.2,3.9,8
08/12/2024,08:00,4,1.1,47.3,0.6,29.3,60.1,0.0,1010,715,0.006,0.003,0.009,0.001,14.1,3.8,7
08/12/2024,09:00,31,1.8,40.9,0.8,30.5,54.8,0.0,1010,900,0.001,0.002,0.003,0.001,14.4,3.8,7
08/12/2024,10:00,62,3.1,20.5,1.0,30.8,56.0,0.0,1009,1028,0.004,0.004,0.008,0.001,12.5,3.8,8
08/12/2024,11:00,77,4.1,16.4,1.1,30.4,62.4,0.0,1008,1116,0.001,0.002,0.003,0.001,10.1,3.8,9
08/12/2024,12:00,51,3.4,19.6,1.0,31.7,57.4,0.0,1007,1058,0.002,0.003,0.005,0.001,13.7,4.3,10
08/12/2024,13:00,47,3.7,18.5,1.1,31.7,57.5,0.0,1006,990,0.001,0.002,0.003,0.001,11.5,4.0,9
08/12/2024,14:00,48,3.9,18.3,1.2,31.2,58.7,0.0,1006,827,0.001,0.002,0.003,0.000,12.0,3.9,8
08/12/2024,15:00,55,4.0,17.6,1.3,30.7,60.9,0.0,1005,627,0.003,0.002,0.005,0.001,14.6,4.0,9
08/12/2024,16:00,56,3.5,16.6,1.0,30.1,62.7,0.0,1005,394,0.002,0.003,0.004,0.001,14.4,3.9,9
08/12/2024,17:00,33,2.4,18.1,0.7,29.3,63.7,0.0,1006,141,0.000,0.001,0.001,0.000,11.2,3.7,8
08/12/2024,18:00,27,1.7,16.8,0.6,28.2,66.9,0.0,1007,10,0.000,0.000,0.000,0.000,10.8,3.7,8
08/12/2024,19:00,27,1.5,16.3,0.5,27.4,72.0,0.0,1007,0,0.000,0.000,0.001,0.000,9.7,3.6,8
08/12/2024,20:00,360,1.0,25.0,0.4,27.0,74.9,0.0,1008,1,0.000,0.002,0.002,0.000,14.6,4.3,10
08/12/2024,21:00,358,0.5,19.9,0.2,26.5,76.6,0.0,1008,1,0.000,0.001,0.001,0.000,14.8,4.3,10
08/12/2024,22:00,349,0.3,30.5,0.2,26.3,78.4,0.0,1008,1,0.000,0.002,0.002,0.000,15.7,4.4,10
08/12/2024,23:00,285,0.3,22.8,0.1,25.5,81.0,0.0,1008,1,0.003,0.008,0.011,0.000,13.5,4.7,12
09/12/2024,00:00,245,0.1,42.4,0.1,25.1,83.2,0.0,1008,1,0.006,0.009,0.014,0.000,15.8,5.1,13
09/12/2024,01:00,280,0.5,16.3,0.1,24.3,85.6,0.0,1007,1,0.012,0.008,0.020,0.001,12.0,4.7,12
09/12/2024,02:00,290,0.5,18.0,0.1,24.3,85.8,0.0,1007,1,0.012,0.007,0.020,0.000,14.2,5.6,19
09/12/2024,03:00,293,0.5,21.1,0.1,23.9,87.0,0.0,1007,1,0.011,0.007,0.018,0.000,12.5,6.1,22
09/12/2024,04:00,272,0.3,28.4,0.1,24.1,86.3,0.0,1007,1,0.031,0.009,0.040,0.001,15.0,6.6,23
09/12/2024,05:00,289,0.4,23.4,0.1,24.9,84.1,0.0,1008,51,0.043,0.012,0.055,0.001,17.7,6.3,24
09/12/2024,06:00,298,0.5,48.3,0.3,27.4,75.7,0.0,1009,160,0.010,0.007,0.017,0.000,13.4,4.5,12
09/12/2024,07:00,315,1.6,25.7,0.6,27.4,75.0,0.0,1009,324,0.000,0.001,0.001,0.000,10.6,3.7,9
09/12/2024,08:00,303,1.3,37.0,0.6,28.8,67.9,0.0,1009,558,0.001,0.002,0.003,0.000,19.8,4.5,9
09/12/2024,09:00,14,1.0,44.7,0.7,30.4,61.2,0.0,1009,571,0.010,0.004,0.013,0.001,12.9,3.7,8
09/12/2024,10:00,37,2.1,29.4,0.9,31.6,55.4,0.0,1009,931,0.001,0.002,0.003,0.001,10.8,3.6,6
09/12/2024,11:00,81,3.7,16.9,1.0,31.1,59.7,0.0,1008,1007,0.004,0.003,0.008,0.001,9.5,3.5,8
09/12/2024,12:00,60,3.7,21.2,1.2,31.4,60.5,0.0,1007,1070,0.002,0.003,0.004,0.001,11.5,3.4,8
09/12/2024,13:00,48,4.0,18.9,1.2,31.5,58.4,0.0,1007,949,0.001,0.002,0.003,0.000,13.6,3.8,8
09/12/2024,14:00,49,4.0,17.3,1.3,30.9,57.4,0.0,1006,813,0.001,0.001,0.002,0.000,14.7,3.5,7
09/12/2024,15:00,47,3.6,20.0,1.1,30.8,53.9,0.0,1006,625,0.001,0.001,0.002,0.000,10.9,3.4,6
09/12/2024,16:00,49,3.1,17.8,1.0,30.0,59.1,0.0,1006,398,0.001,0.002,0.003,0.000,11.4,3.5,8
09/12/2024,17:00,44,2.4,19.9,0.8,28.9,65.7,0.0,1006,132,0.000,0.002,0.003,0.000,9.3,3.4,8
09/12/2024,18:00,27,1.8,19.7,0.7,27.7,71.8,0.0,1007,15,0.000,0.001,0.001,0.000,9.4,3.5,9
09/12/2024,19:00,21,1.4,19.7,0.6,27.1,75.9,0.0,1008,0,0.000,0.000,0.001,0.000,9.7,3.6,9
09/12/2024,20:00,47,1.6,19.8,0.6,27.0,78.6,0.0,1009,0,0.000,0.001,0.001,0.000,10.3,3.5,9
09/12/2024,21:00,64,1.7,18.7,0.6,26.9,77.9,0.0,1010,0,0.000,0.001,0.002,0.000,9.0,3.5,9
09/12/2024,22:00,76,1.8,17.5,0.6,27.0,76.5,0.0,1010,0,0.000,0.001,0.001,0.000,8.4,3.6,9
09/12/2024,23:00,65,2.4,17.1,0.7,26.7,77.5,0.0,1009,0,0.000,0.001,0.001,0.000,8.9,3.6,9
10/12/2024,00:00,53,1.8,18.3,0.7,26.7,76.9,0.0,1009,0,0.000,0.001,0.001,0.000,10.4,3.6,9
10/12/2024,01:00,54,1.9,16.5,0.7,26.5,76.2,0.0,1008,0,0.000,0.001,0.001,0.000,9.4,3.5,6
10/12/2024,02:00,43,1.5,22.4,0.6,26.4,75.0,0.0,1007,0,0.000,0.001,0.002,0.000,17.4,4.2,9
10/12/2024,03:00,356,0.4,31.2,0.2,26.1,74.2,0.0,1008,1,0.000,0.002,0.002,0.000,11.7,4.0,9
10/12/2024,04:00,276,0.4,29.2,0.1,25.1,78.3,0.0,1008,1,0.012,0.013,0.024,0.000,18.1,5.3,13
10/12/2024,05:00,308,0.5,27.7,0.1,24.3,82.0,0.0,1008,40,0.018,0.014,0.032,0.000,12.2,4.2,12
10/12/2024,06:00,23,0.3,34.1,0.3,26.9,73.9,0.0,1009,241,0.009,0.007,0.016,0.000,16.6,4.7,13
10/12/2024,07:00,359,1.0,33.0,0.5,27.9,68.9,0.0,1009,523,0.012,0.010,0.023,0.001,21.4,5.3,14
10/12/2024,08:00,41,1.9,26.1,0.7,29.4,60.8,0.0,1008,595,0.000,0.001,0.001,0.001,52.3,7.3,13
10/12/2024,09:00,66,2.5,25.7,0.9,30.3,56.1,0.0,1008,882,0.005,0.005,0.010,0.001,25.6,5.3,11
10/12/2024,10:00,66,2.7,27.5,1.1,31.1,54.4,0.0,1007,1012,0.000,0.001,0.001,0.001,12.0,5.5,15
10/12/2024,11:00,77,4.2,18.9,1.3,30.9,58.2,0.0,1007,908,0.005,0.005,0.010,0.000,9.4,4.0,10
10/12/2024,12:00,71,4.0,20.1,1.1,31.1,58.3,0.0,1006,911,0.002,0.003,0.005,0.000,10.4,4.0,10
10/12/2024,13:00,43,3.2,21.8,1.1,31.2,54.2,0.0,1005,1011,0.001,0.003,0.004,0.000,10.3,3.7,7
10/12/2024,14:00,41,2.9,20.3,1.0,30.9,52.0,0.0,1005,618,0.001,0.001,0.002,0.000,9.3,3.5,6
10/12/2024,15:00,46,2.8,19.2,1.0,30.0,55.8,0.0,1004,330,0.000,0.001,0.001,0.000,9.1,3.4,7
10/12/2024,16:00,47,2.8,17.8,1.0,29.2,61.9,0.0,1004,191,0.000,0.001,0.001,0.000,8.4,3.5,8
10/12/2024,17:00,25,2.3,19.8,0.9,28.4,66.7,0.0,1005,51,0.000,0.000,0.000,0.000,9.3,3.6,9
10/12/2024,18:00,15,1.8,20.6,0.7,27.8,71.4,0.0,1005,3,0.000,0.000,0.000,0.000,9.8,3.8,10
10/12/2024,19:00,17,1.4,22.7,0.6,27.5,73.5,0.0,1006,1,0.000,0.001,0.001,0.000,15.7,4.4,11
10/12/2024,20:00,19,1.7,20.5,0.6,27.3,74.7,0.0,1006,1,0.000,0.001,0.002,0.000,23.0,5.4,13
10/12/2024,21:00,7,0.8,34.8,0.3,27.1,76.6,0.0,1006,1,0.000,0.002,0.003,0.000,16.6,5.0,12
10/12/2024,22:00,11,0.6,30.4,0.3,27.0,78.0,0.0,1006,1,0.000,0.001,0.002,0.000,23.3,5.5,13
10/12/2024,23:00,18,0.5,23.1,0.2,27.1,78.1,0.0,1005,0,0.000,0.002,0.002,0.000,18.1,5.3,13
11/12/2024,00:00,341,0.3,37.5,0.2,27.1,78.6,0.0,1005,0,0.000,0.001,0.001,0.000,18.5,5.3,13
11/12/2024,01:00,320,0.5,24.6,0.2,26.8,80.5,0.0,1004,0,0.001,0.003,0.004,0.001,12.6,5.0,12
11/12/2024,02:00,315,0.4,26.1,0.2,26.6,81.4,0.0,1004,1,0.000,0.002,0.002,0.000,13.5,6.2,24
11/12/2024,03:00,327,0.5,25.4,0.2,26.5,81.5,0.0,1003,1,0.000,0.002,0.002,0.001,13.6,7.3,32
11/12/2024,04:00,299,1.0,20.2,0.3,26.2,83.7,0.1,1003,0,0.001,0.003,0.003,0.001,13.3,6.4,25
11/12/2024,05:00,313,0.9,14.8,0.2,25.5,88.5,0.1,1004,10,0.001,0.003,0.004,0.001,8.9,4.0,12
11/12/2024,06:00,307,1.6,17.0,0.5,26.0,82.4,0.0,1004,50,0.010,0.008,0.018,0.001,10.7,3.8,10
11/12/2024,07:00,317,1.1,23.5,0.4,26.9,79.6,0.0,1004,147,0.014,0.008,0.022,0.001,10.9,3.8,10
11/12/2024,08:00,316,1.5,27.5,0.7,27.5,76.3,0.0,1004,209,0.001,0.002,0.003,0.001,9.4,3.6,9
11/12/2024,09:00,311,2.2,21.3,0.7,28.0,74.3,0.1,1004,283,0.000,0.001,0.001,0.001,7.8,3.6,10
11/12/2024,10:00,318,2.6,22.7,0.9,28.4,73.2,0.0,1004,243,0.001,0.002,0.003,0.000,11.5,4.1,11
11/12/2024,11:00,321,1.6,21.2,0.6,28.4,73.3,0.2,1004,161,0.000,0.001,0.001,0.000,9.2,4.3,12
11/12/2024,12:00,320,1.2,25.0,0.5,27.4,80.1,0.2,1003,201,0.003,0.004,0.008,0.000,9.4,4.4,14
11/12/2024,13:00,334,1.6,20.2,0.5,27.0,82.9,0.2,1002,241,0.006,0.003,0.009,0.000,11.1,5.7,22
11/12/2024,14:00,347,1.6,26.1,0.7,27.5,82.7,0.0,1002,191,0.001,0.002,0.003,0.001,14.4,7.6,31
11/12/2024,15:00,344,1.6,23.2,0.6,27.7,82.0,0.0,1001,99,0.007,0.009,0.015,0.001,14.2,8.6,37
11/12/2024,16:00,319,0.8,25.5,0.4,26.4,89.3,0.8,1002,11,0.010,0.009,0.019,0.001,18.0,10.2,43
11/12/2024,17:00,339,1.1,18.4,0.3,25.7,93.3,0.2,1002,15,0.000,0.003,0.003,0.001,16.1,9.9,42
11/12/2024,18:00,326,0.6,29.8,0.4,25.3,91.2,0.0,1002,3,0.000,0.003,0.003,0.000,17.4,10.7,45
11/12/2024,19:00,326,0.2,30.3,0.2,25.1,91.5,0.0,1002,0,0.001,0.005,0.006,0.000,24.2,17.1,74
11/12/2024,20:00,143,1.4,21.2,0.5,25.2,91.7,0.2,1003,1,0.001,0.008,0.009,0.001,24.0,16.7,65
11/12/2024,21:00,109,1.5,15.0,0.4,24.7,93.7,0.3,1004,0,0.000,0.007,0.008,0.001,9.7,4.7,14
11/12/2024,22:00,152,2.2,17.7,0.7,23.7,93.2,0.4,1004,0,0.000,0.003,0.003,0.001,9.3,4.2,13
11/12/2024,23:00,166,1.8,24.6,0.7,23.4,90.2,0.0,1004,1,0.001,0.004,0.005,0.000,11.2,4.7,18
12/12/2024,00:00,152,2.7,22.0,1.0,23.7,86.8,0.0,1003,2,0.001,0.003,0.004,0.000,12.1,6.1,24
12/12/2024,01:00,156,2.6,19.0,0.9,24.1,84.3,0.0,1003,2,0.001,0.004,0.006,0.001,11.8,6.2,22
12/12/2024,02:00,174,1.9,31.1,0.9,24.2,84.0,0.0,1002,1,0.002,0.007,0.010,0.001,14.7,6.4,23
12/12/2024,03:00,180,1.8,32.8,0.8,24.3,83.0,0.0,1002,1,0.002,0.008,0.010,0.001,14.5,6.5,24
12/12/2024,04:00,163,1.0,44.5,0.7,24.4,82.1,0.0,1002,1,0.001,0.008,0.009,0.002,14.7,6.2,21
12/12/2024,05:00,154,2.4,20.0,0.9,24.6,77.8,0.0,1003,18,0.001,0.005,0.007,0.001,16.0,5.9,19
12/12/2024,06:00,145,2.6,16.2,0.7,24.8,76.0,0.0,1004,76,0.001,0.004,0.005,0.001,15.5,5.8,18
12/12/2024,07:00,159,2.3,21.8,0.8,25.4,76.0,0.0,1004,300,0.001,0.004,0.005,0.000,18.1,6.0,19
12/12/2024,08:00,150,2.8,18.9,0.9,26.5,72.7,0.0,1004,395,0.002,0.005,0.007,0.000,15.0,5.3,16
12/12/2024,09:00,123,2.7,19.5,0.9,27.5,69.7,0.0,1004,772,0.002,0.004,0.005,0.000,13.9,5.2,15
12/12/2024,10:00,129,2.9,21.4,1.0,28.3,66.8,0.0,1004,926,0.001,0.002,0.002,0.001,10.9,4.4,12
12/12/2024,11:00,141,2.8,22.3,1.0,29.4,63.5,0.0,1003,706,0.001,0.003,0.004,0.000,12.6,4.5,12
12/12/2024,12:00,83,3.2,18.6,1.0,29.5,65.1,0.0,1003,618,0.003,0.004,0.007,0.001,9.3,3.7,9
12/12/2024,13:00,78,3.8,15.0,1.1,28.7,72.0,0.0,1002,575,0.002,0.002,0.003,0.001,10.8,4.1,11
12/12/2024,14:00,77,4.2,17.1,1.2,28.6,75.3,0.0,1002,525,0.001,0.002,0.003,0.001,10.1,4.0,11
12/12/2024,15:00,89,4.2,17.2,1.2,28.8,73.8,0.0,1001,488,0.012,0.011,0.022,0.002,11.3,4.0,9
12/12/2024,16:00,91,4.0,15.6,1.1,28.3,74.4,0.0,1002,274,0.005,0.008,0.013,0.004,9.9,3.0,7
12/12/2024,17:00,94,4.0,17.2,1.1,27.7,77.2,0.0,1002,89,0.003,0.007,0.010,0.002,9.4,3.0,6
12/12/2024,18:00,92,3.9,16.6,1.1,27.0,82.0,0.0,1003,7,0.000,0.003,0.003,0.001,9.2,3.3,6
12/12/2024,19:00,99,3.7,16.2,1.1,26.8,81.8,0.0,1004,0,0.000,0.002,0.002,0.001,7.4,2.9,5
12/12/2024,20:00,120,3.2,16.6,1.0,26.1,84.8,0.9,1004,0,0.001,0.006,0.008,0.000,7.8,2.9,5
12/12/2024,21:00,120,2.3,22.4,0.9,24.2,92.8,1.5,1005,0,0.089,0.025,0.115,0.009,9.7,3.7,7
12/12/2024,22:00,152,1.9,18.3,0.6,24.5,93.8,0.7,1005,0,0.002,0.009,0.011,0.005,7.4,3.2,6
12/12/2024,23:00,127,1.8,18.1,0.6,24.3,92.8,0.1,1004,0,0.000,0.004,0.004,0.002,4.5,1.5,3
13/12/2024,00:00,154,1.7,18.4,0.6,24.2,91.3,0.0,1004,1,0.000,0.003,0.004,0.001,8.7,1.7,4
13/12/2024,01:00,157,2.5,19.2,0.9,24.2,90.0,0.0,1003,1,0.001,0.002,0.002,0.001,7.6,1.5,2
13/12/2024,02:00,142,1.4,22.3,0.5,24.2,90.4,0.0,1003,0,0.000,0.004,0.004,0.001,7.0,1.5,3
13/12/2024,03:00,161,1.2,23.4,0.5,24.5,88.9,0.0,1003,1,0.001,0.004,0.005,0.001,6.6,2.0,4
13/12/2024,04:00,181,1.4,26.1,0.5,24.4,89.0,0.0,1003,1,0.001,0.003,0.004,0.001,6.8,1.9,4
13/12/2024,05:00,239,1.1,27.5,0.4,24.5,88.9,0.0,1004,18,0.002,0.006,0.008,0.001,9.1,2.4,5
13/12/2024,06:00,180,1.5,26.6,0.5,25.2,86.2,0.0,1004,125,0.002,0.005,0.007,0.001,6.8,1.9,4
13/12/2024,07:00,134,1.8,18.2,0.6,26.4,81.9,0.0,1005,217,0.008,0.013,0.022,0.002,8.7,2.9,7
13/12/2024,08:00,113,2.5,18.2,0.8,27.1,79.1,0.0,1005,156,0.034,0.022,0.057,0.012,7.4,3.4,8
13/12/2024,09:00,94,3.0,17.0,0.8,27.9,75.5,0.0,1005,299,0.009,0.009,0.018,0.010,7.2,3.3,8
13/12/2024,10:00,72,3.5,16.4,0.9,28.3,75.7,0.0,1004,186,0.001,0.001,0.003,0.002,6.8,2.9,7
13/12/2024,11:00,82,3.8,16.7,1.1,27.9,78.3,0.0,1004,245,0.001,0.002,0.002,0.001,6.0,2.7,7
13/12/2024,12:00,61,3.6,16.7,1.2,27.4,77.2,0.6,1004,284,0.001,0.001,0.002,0.001,6.1,1.5,3
13/12/2024,13:00,32,2.1,22.9,0.9,27.9,71.9,0.0,1003,443,0.004,0.007,0.012,0.001,5.0,1.1,2
13/12/2024,14:00,77,3.6,15.0,1.0,27.6,76.8,0.0,1002,565,0.001,0.001,0.002,0.000,3.2,1.2,3
13/12/2024,15:00,85,3.6,15.8,0.9,27.7,77.1,0.0,1002,316,0.001,0.001,0.001,0.000,5.3,1.9,3
13/12/2024,16:00,82,3.4,15.5,0.9,27.1,79.1,0.0,1002,122,0.000,0.000,0.001,0.000,7.3,2.0,3
13/12/2024,17:00,83,3.0,15.5,0.8,27.1,80.4,0.0,1003,88,0.000,0.001,0.001,0.000,5.6,1.8,4
13/12/2024,18:00,141,1.1,26.8,0.4,25.7,88.5,0.7,1003,6,0.001,0.008,0.008,0.000,8.7,2.9,6
13/12/2024,19:00,68,0.7,33.5,0.3,25.7,88.4,0.0,1004,1,0.000,0.003,0.003,0.000,8.6,2.5,5
13/12/2024,20:00,149,1.8,24.9,0.6,25.1,89.5,0.6,1004,1,0.000,0.004,0.004,0.000,9.0,2.7,6
13/12/2024,21:00,175,1.2,29.6,0.6,24.4,91.8,2.5,1005,0,0.002,0.007,0.009,0.000,8.1,2.9,7
13/12/2024,22:00,189,1.5,23.2,0.7,24.4,90.7,0.0,1005,0,0.000,0.003,0.004,0.001,6.8,1.9,4
13/12/2024,23:00,158,1.8,22.0,0.7,24.4,88.3,0.0,1004,1,0.000,0.002,0.003,0.001,7.0,1.6,3
14/12/2024,00:00,125,1.6,18.2,0.5,23.9,88.5,0.0,1003,1,0.000,0.002,0.002,0.000,5.3,1.0,2
14/12/2024,01:00,156,1.5,20.4,0.5,23.7,88.4,0.0,1003,1,0.000,0.004,0.004,0.001,6.4,1.4,2
14/12/2024,02:00,163,2.0,22.3,0.7,23.5,88.3,0.0,1003,1,0.000,0.003,0.003,0.001,8.5,1.9,3
14/12/2024,03:00,162,2.1,21.6,0.7,23.4,87.1,0.0,1003,1,0.000,0.003,0.003,0.001,9.0,2.2,3
14/12/2024,04:00,179,1.4,33.2,0.7,23.4,86.7,0.0,1002,1,0.000,0.007,0.007,0.001,11.4,3.4,6
14/12/2024,05:00,169,2.1,22.9,0.9,23.6,86.2,0.0,1003,28,0.001,0.006,0.007,0.001,12.7,4.3,7
14/12/2024,06:00,171,1.7,31.2,0.8,24.3,84.4,0.0,1003,158,0.002,0.007,0.008,0.001,12.3,4.2,8
14/12/2024,07:00,151,3.1,19.9,1.0,25.4,77.5,0.0,1004,354,0.001,0.002,0.003,0.001,10.6,3.4,5
14/12/2024,08:00,136,2.8,24.4,1.0,27.0,71.0,0.0,1004,718,0.001,0.002,0.003,0.001,8.4,2.2,3
14/12/2024,09:00,109,3.1,19.6,0.9,28.3,66.2,0.0,1004,700,0.009,0.009,0.017,0.003,3.4,1.4,2
14/12/2024,10:00,112,3.3,18.1,1.0,28.4,66.7,0.0,1004,592,0.005,0.008,0.014,0.006,6.2,1.8,3
14/12/2024,11:00,133,3.1,20.5,1.0,29.4,62.8,0.0,1004,604,0.002,0.004,0.006,0.002,3.8,1.2,3
14/12/2024,12:00,107,3.0,22.7,1.0,30.0,61.2,0.0,1003,388,0.007,0.011,0.018,0.002,6.9,1.2,3
14/12/2024,13:00,73,3.0,19.2,1.0,29.2,68.3,0.5,1003,361,0.001,0.003,0.003,0.002,7.3,1.9,4
14/12/2024,14:00,115,2.3,20.3,1.0,27.1,78.8,0.5,1002,448,0.001,0.003,0.004,0.001,9.2,3.1,6
14/12/2024,15:00,115,1.6,17.9,0.5,26.5,83.2,0.1,1002,425,0.007,0.009,0.017,0.001,9.7,2.9,6
14/12/2024,16:00,86,3.5,16.4,0.9,28.0,76.5,0.0,1002,380,0.001,0.003,0.004,0.002,7.9,2.7,5
14/12/2024,17:00,91,3.2,18.4,0.9,27.5,78.4,0.0,1003,91,0.001,0.002,0.003,0.001,9.2,3.0,5
14/12/2024,18:00,118,3.6,16.6,1.1,26.0,79.6,0.1,1004,7,0.000,0.003,0.004,0.001,7.5,2.2,3
14/12/2024,19:00,140,1.4,21.9,0.5,24.7,85.7,0.2,1005,0,0.000,0.004,0.004,0.000,6.5,1.9,6
14/12/2024,20:00,140,2.3,22.0,0.8,24.6,86.8,0.0,1005,2,0.000,0.005,0.006,0.000,7.3,1.7,4
14/12/2024,21:00,136,2.1,20.9,0.8,24.8,82.4,0.0,1005,1,0.000,0.005,0.005,0.000,5.4,1.4,4
14/12/2024,22:00,121,2.1,19.4,0.8,24.8,81.3,0.0,1005,1,0.000,0.002,0.002,0.000,6.6,1.7,3
14/12/2024,23:00,152,2.0,19.1,0.6,24.6,82.6,0.0,1005,1,0.000,0.002,0.003,0.000,7.3,1.8,4
15/12/2024,00:00,160,2.6,18.9,0.8,24.3,84.6,0.2,1005,1,0.001,0.002,0.003,0.000,9.0,2.4,4
15/12/2024,01:00,158,3.0,17.1,0.9,24.6,83.3,0.1,1004,1,0.001,0.003,0.004,0.001,11.1,3.4,4
15/12/2024,02:00,155,2.8,19.9,0.9,24.7,81.3,0.0,1003,1,0.001,0.003,0.003,0.000,10.7,3.5,6
15/12/2024,03:00,156,2.3,23.3,0.8,24.5,81.5,0.0,1003,1,0.001,0.004,0.004,0.000,9.7,3.3,6
15/12/2024,04:00,202,1.6,33.7,0.8,24.2,83.2,0.0,1003,1,0.002,0.006,0.008,0.000,10.6,3.6,7
15/12/2024,05:00,231,2.4,17.5,0.8,23.8,84.5,0.0,1004,28,0.003,0.005,0.008,0.002,10.6,3.4,6
15/12/2024,06:00,212,2.6,18.5,0.9,24.7,80.6,0.0,1004,256,0.004,0.004,0.008,0.003,8.6,2.9,5
15/12/2024,07:00,153,3.2,19.4,0.9,26.2,74.4,0.0,1005,478,0.003,0.004,0.007,0.002,10.5,3.4,6
15/12/2024,08:00,157,2.6,24.5,1.0,26.8,71.7,0.0,1005,595,0.003,0.002,0.005,0.002,8.4,3.1,7
15/12/2024,09:00,166,2.5,22.5,1.0,27.5,68.9,0.0,1005,399,0.004,0.004,0.008,0.003,10.3,3.2,6
15/12/2024,10:00,146,2.7,23.4,0.9,28.8,63.2,0.0,1005,514,0.001,0.002,0.004,0.004,9.0,2.6,5
15/12/2024,11:00,114,2.3,24.5,0.8,29.3,63.1,0.0,1004,562,0.007,0.007,0.013,0.004,8.3,2.5,6
15/12/2024,12:00,127,3.4,16.3,1.1,29.1,63.7,0.6,1003,305,0.007,0.009,0.016,0.003,9.6,2.5,6
15/12/2024,13:00,127,1.9,19.6,0.7,25.3,85.5,0.3,1003,152,0.002,0.005,0.007,0.003,8.7,3.2,8
15/12/2024,14:00,115,1.6,18.1,0.5,25.1,86.7,0.6,1003,156,0.001,0.004,0.005,0.001,7.7,2.7,8
15/12/2024,15:00,111,0.7,28.8,0.3,24.8,88.7,0.5,1003,75,0.001,0.006,0.007,0.001,9.0,3.1,9
15/12/2024,16:00,197,1.6,21.9,0.8,24.4,89.6,0.7,1003,35,0.003,0.007,0.009,0.001,9.2,3.3,9
15/12/2024,17:00,208,1.7,30.9,0.8,24.7,86.9,0.1,1003,60,0.003,0.008,0.011,0.002,8.3,2.7,6
15/12/2024,18:00,189,2.4,26.8,1.1,25.4,84.5,0.0,1003,12,0.004,0.008,0.013,0.003,9.6,3.3,8
15/12/2024,19:00,154,2.5,22.9,1.0,25.5,80.8,0.1,1004,1,0.004,0.007,0.011,0.002,9.4,2.6,5
15/12/2024,20:00,167,2.0,27.2,0.9,25.4,80.3,0.1,1004,1,0.003,0.007,0.010,0.001,9.2,2.9,6
15/12/2024,21:00,176,2.0,21.5,0.8,24.9,82.8,0.4,1004,0,0.003,0.005,0.008,0.001,8.9,3.1,7
15/12/2024,22:00,203,2.7,23.1,1.1,25.3,80.2,0.0,1004,2,0.006,0.009,0.015,0.006,10.9,3.6,9
15/12/2024,23:00,203,2.5,23.4,0.9,25.1,80.0,0.0,1003,1,0.005,0.007,0.012,0.006,11.4,3.5,8
16/12/2024,00:00,181,2.8,25.1,1.1,25.3,79.5,0.0,1003,1,0.005,0.009,0.014,0.005,12.2,3.7,8
16/12/2024,01:00,176,2.3,23.4,0.9,25.2,79.5,0.0,1002,1,0.004,0.006,0.010,0.003,10.8,3.4,6
16/12/2024,02:00,192,3.3,22.2,1.2,25.4,80.0,0.0,1001,1,0.006,0.008,0.014,0.005,11.0,3.7,8
16/12/2024,03:00,163,3.2,21.0,1.1,24.7,84.3,0.4,1001,0,0.004,0.006,0.010,0.003,9.2,2.6,4
16/12/2024,04:00,160,3.2,18.6,1.1,23.6,91.3,1.4,1001,0,0.003,0.006,0.009,0.001,9.6,2.2,3
16/12/2024,05:00,156,3.5,17.4,1.1,23.7,92.1,1.0,1002,10,0.003,0.006,0.009,0.001,6.6,1.7,2
16/12/2024,06:00,158,2.8,18.2,0.9,23.8,91.9,0.2,1003,48,0.001,0.003,0.005,0.001,4.9,1.2,1
16/12/2024,07:00,150,2.0,22.9,0.8,24.5,90.7,0.0,1003,88,0.005,0.008,0.014,0.000,3.8,1.0,8
16/12/2024,08:00,137,2.2,21.8,0.8,25.2,87.6,0.0,1003,196,0.003,0.007,0.010,0.000,3.4,0.8,5
16/12/2024,09:00,125,4.0,18.8,1.4,26.8,81.5,0.0,1003,552,0.001,0.003,0.004,0.001,4.7,2.3,5
16/12/2024,10:00,109,4.5,15.5,1.3,28.0,76.9,0.0,1003,920,0.009,0.011,0.021,0.003,5.6,1.9,4
16/12/2024,11:00,107,3.3,19.4,1.1,28.3,76.2,0.0,1003,644,0.016,0.014,0.030,0.006,6.5,2.4,5
16/12/2024,12:00,100,3.9,17.3,1.2,28.6,74.6,0.0,1002,1112,0.008,0.009,0.017,0.008,6.9,3.2,8
16/12/2024,13:00,85,4.2,15.7,1.2,28.3,77.5,0.2,1002,1017,0.003,0.005,0.007,0.003,8.7,3.1,7
16/12/2024,14:00,82,4.2,16.1,1.2,29.1,73.4,0.0,1002,852,0.000,0.001,0.001,0.001,6.9,2.7,5
16/12/2024,15:00,90,4.6,16.7,1.2,28.3,77.3,0.0,1001,431,0.001,0.001,0.002,0.001,7.6,3.0,6
16/12/2024,16:00,129,3.1,20.1,1.1,26.4,80.4,0.1,1002,234,0.003,0.008,0.012,0.001,5.9,2.2,8
16/12/2024,17:00,150,2.3,20.6,0.8,24.6,88.7,0.1,1002,101,0.002,0.011,0.013,0.000,9.2,2.5,13
16/12/2024,18:00,164,1.9,21.7,0.7,24.7,86.3,0.0,1003,7,0.001,0.007,0.008,0.001,9.5,3.0,7
16/12/2024,19:00,157,2.2,20.6,0.9,24.0,85.9,0.0,1003,0,0.000,0.006,0.006,0.001,7.5,2.0,5
16/12/2024,20:00,157,2.7,20.2,0.8,23.6,83.7,0.0,1004,0,0.000,0.002,0.003,0.000,13.3,2.6,4
16/12/2024,21:00,157,2.9,20.0,1.0,23.8,82.0,0.0,1004,0,0.000,0.002,0.002,0.000,12.5,2.8,4
16/12/2024,22:00,159,2.7,20.9,1.0,24.0,86.5,0.0,1004,0,0.001,0.004,0.005,0.000,12.6,2.7,4
16/12/2024,23:00,161,3.3,18.1,1.0,24.1,87.9,1.2,1003,0,0.001,0.003,0.004,0.000,12.6,3.3,5
17/12/2024,00:00,163,2.9,23.5,1.2,23.6,90.8,1.4,1002,0,0.001,0.005,0.006,0.000,16.0,3.9,6
17/12/2024,01:00,144,2.6,21.3,1.0,23.5,91.8,0.8,1002,0,0.000,0.008,0.008,0.001,11.3,3.3,14
17/12/2024,02:00,144,2.4,18.6,0.8,23.4,93.0,0.4,1001,1,0.001,0.011,0.012,0.000,8.0,2.6,19
17/12/2024,03:00,151,1.4,25.5,0.6,23.7,94.0,0.6,1001,0,0.001,0.013,0.014,0.000,8.1,2.8,21
17/12/2024,04:00,135,2.2,17.3,0.7,24.1,94.3,0.3,1002,1,0.003,0.019,0.022,0.000,10.8,4.6,14
17/12/2024,05:00,126,2.2,16.7,0.7,24.1,94.5,1.2,1002,8,0.007,0.018,0.025,0.001,11.6,5.1,22
17/12/2024,06:00,120,2.2,15.8,0.7,25.2,91.3,0.0,1003,46,0.000,0.002,0.003,0.001,13.3,5.4,14
17/12/2024,07:00,101,3.6,17.9,1.2,25.8,89.5,1.4,1003,107,0.000,0.001,0.002,0.001,13.6,5.5,13
17/12/2024,08:00,95,4.1,14.5,1.1,26.5,88.3,0.0,1003,204,0.001,0.002,0.002,0.000,16.6,6.9,20
17/12/2024,09:00,95,4.3,14.8,1.4,26.7,88.1,0.0,1003,197,0.000,0.002,0.002,0.000,22.2,9.3,27
17/12/2024,10:00,81,5.2,14.9,1.5,28.3,80.1,0.0,1003,563,0.001,0.002,0.003,0.000,13.1,5.2,15
17/12/2024,11:00,76,5.1,15.7,1.4,28.5,78.4,0.0,1002,593,0.001,0.001,0.001,0.000,11.2,4.3,11
17/12/2024,12:00,76,4.6,16.2,1.4,28.0,80.6,0.4,1002,515,0.000,0.000,0.001,0.000,10.7,4.3,11
17/12/2024,13:00,72,4.5,15.6,1.3,28.4,78.5,0.0,1001,560,0.001,0.001,0.001,0.000,9.8,3.9,10
17/12/2024,14:00,71,4.3,16.3,1.5,27.9,80.5,0.2,1001,491,0.000,0.001,0.001,0.000,11.3,4.8,13
17/12/2024,15:00,44,3.4,18.2,1.3,27.1,82.5,0.6,1001,378,0.000,0.001,0.002,0.000,10.6,4.2,10
17/12/2024,16:00,27,1.9,23.5,0.9,26.4,86.1,0.0,1001,279,0.000,0.001,0.002,0.000,8.6,3.0,6
17/12/2024,17:00,58,2.1,16.1,0.7,27.2,81.3,0.0,1001,88,0.001,0.001,0.002,0.000,7.6,2.8,5
17/12/2024,18:00,74,2.2,15.8,0.7,26.7,84.1,0.0,1002,14,0.000,0.001,0.001,0.000,8.5,3.3,7
17/12/2024,19:00,79,1.8,18.5,0.6,26.6,86.7,0.0,1002,0,0.000,0.001,0.001,0.000,10.9,4.4,10
17/12/2024,20:00,81,2.4,16.3,0.8,26.4,88.1,0.4,1003,0,0.000,0.001,0.001,0.000,12.3,5.1,13
17/12/2024,21:00,82,2.1,16.7,0.7,26.6,87.9,0.1,1004,1,0.000,0.001,0.001,0.000,10.7,4.3,11
17/12/2024,22:00,84,2.3,19.2,0.9,26.4,88.8,0.2,1004,1,0.000,0.002,0.002,0.000,11.4,4.5,11
17/12/2024,23:00,79,2.5,17.9,0.8,26.2,88.7,0.0,1003,1,0.000,0.000,0.001,0.000,12.3,5.0,12
18/12/2024,00:00,84,2.2,17.1,0.7,26.4,88.3,0.0,1003,0,0.000,0.000,0.001,0.000,11.5,4.6,12
18/12/2024,01:00,92,2.1,16.7,0.6,26.6,88.3,0.0,1002,1,0.000,0.002,0.003,0.001,11.3,4.3,8
18/12/2024,02:00,82,2.0,16.1,0.8,26.5,89.7,0.0,1002,1,0.000,0.002,0.002,0.000,12.3,4.7,12
18/12/2024,03:00,70,2.3,16.7,0.7,26.4,89.1,0.2,1002,0,0.000,0.001,0.001,0.000,10.7,4.2,11
18/12/2024,04:00,81,2.2,16.4,0.6,26.5,88.8,0.0,1002,1,0.000,0.001,0.001,0.000,10.3,4.3,11
18/12/2024,05:00,88,2.0,17.9,0.6,26.6,88.4,0.0,1003,15,0.000,0.000,0.001,0.000,10.9,4.4,11
18/12/2024,06:00,83,2.3,16.0,0.6,27.2,86.2,0.0,1003,86,0.000,0.000,0.001,0.000,10.7,4.1,10
18/12/2024,07:00,92,3.4,17.9,0.9,27.9,82.2,0.0,1004,384,0.000,0.001,0.001,0.000,10.3,3.9,9
18/12/2024,08:00,93,3.7,16.0,1.0,28.2,79.5,0.1,1004,583,0.000,0.000,0.001,0.000,8.7,3.4,8
18/12/2024,09:00,92,3.7,17.9,1.0,28.7,77.8,0.0,1004,830,0.000,0.000,0.001,0.000,8.7,3.6,8
18/12/2024,10:00,86,3.9,17.7,1.0,28.9,76.4,0.0,1004,1054,,,,,,,
18/12/2024,11:00,84,4.1,16.6,1.1,29.2,75.7,0.0,1004,1021,0.000,0.000,0.001,0.000,9.1,3.7,7
18/12/2024,12:00,82,4.5,15.3,1.2,29.2,76.4,0.0,1003,1138,0.000,0.000,0.000,0.000,8.9,3.6,8
18/12/2024,13:00,87,4.7,15.4,1.3,29.1,75.9,0.0,1003,900,0.000,0.000,0.001,0.000,8.5,3.4,7
18/12/2024,14:00,84,4.2,14.8,1.1,29.4,74.5,0.0,1002,651,0.000,0.000,0.001,0.000,8.3,3.3,7
18/12/2024,15:00,88,4.1,16.6,1.1,29.6,72.8,0.0,1002,678,0.000,0.001,0.001,0.000,7.6,3.0,6
18/12/2024,16:00,83,3.9,15.0,1.0,29.5,72.5,0.0,1002,369,0.000,0.000,0.001,0.000,8.4,3.2,6
18/12/2024,17:00,82,2.9,16.7,0.7,29.1,73.8,0.0,1002,175,0.000,0.000,0.001,0.000,7.3,3.0,7
18/12/2024,18:00,95,1.9,16.2,0.5,28.0,80.5,0.0,1003,9,0.000,0.000,0.000,0.000,8.5,3.4,7
18/12/2024,19:00,95,1.3,17.1,0.4,27.5,81.7,0.0,1003,1,0.000,0.000,0.001,0.000,11.2,3.3,7
18/12/2024,20:00,128,1.0,17.8,0.3,27.1,83.4,0.0,1004,1,0.000,0.002,0.002,0.000,9.4,3.4,7
18/12/2024,21:00,142,0.8,23.1,0.3,27.0,85.7,0.0,1005,1,0.000,0.006,0.007,0.000,11.4,3.9,10
18/12/2024,22:00,146,0.9,20.0,0.3,26.7,87.8,0.0,1005,1,0.000,0.008,0.008,0.000,9.9,4.2,15
18/12/2024,23:00,148,1.5,16.6,0.5,26.5,89.5,0.0,1005,0,0.001,0.008,0.009,0.000,10.4,4.3,24
19/12/2024,00:00,148,3.3,17.8,1.2,25.8,86.7,0.8,1005,0,0.001,0.006,0.008,0.000,10.1,3.1,10
19/12/2024,01:00,155,3.6,19.6,1.2,23.2,91.1,2.0,1005,0,0.001,0.004,0.005,0.001,9.6,1.9,4
19/12/2024,02:00,154,3.0,22.9,1.3,23.3,89.2,0.1,1005,1,0.001,0.003,0.004,0.000,7.3,1.5,3
19/12/2024,03:00,147,3.2,21.7,1.3,23.3,84.6,0.0,1005,2,0.001,0.007,0.007,0.000,8.9,3.0,10
19/12/2024,04:00,136,3.3,20.7,1.1,23.4,81.9,0.0,1005,1,0.001,0.007,0.007,0.000,15.2,5.9,18
19/12/2024,05:00,136,3.7,17.8,1.3,23.5,80.7,0.0,1006,19,0.001,0.006,0.007,0.000,21.0,7.7,22
19/12/2024,06:00,137,3.9,17.8,1.3,23.6,78.6,0.0,1006,66,0.001,0.006,0.007,0.000,24.2,8.8,25
19/12/2024,07:00,134,4.0,19.7,1.4,23.8,76.2,0.0,1007,101,0.001,0.005,0.007,0.000,27.3,10.2,29
19/12/2024,08:00,135,4.5,20.4,1.6,24.1,73.8,0.0,1007,262,0.002,0.004,0.007,0.000,26.0,10.2,30
19/12/2024,09:00,132,4.9,19.4,1.6,24.8,70.2,0.0,1008,386,0.001,0.002,0.003,0.000,27.5,9.8,26
19/12/2024,10:00,127,4.9,19.1,1.5,26.1,66.5,0.0,1008,739,0.001,0.002,0.003,0.000,26.1,8.6,25
19/12/2024,11:00,121,4.8,19.5,1.6,27.5,62.6,0.0,1007,1069,0.001,0.002,0.003,0.000,19.1,7.4,23
19/12/2024,12:00,122,4.5,21.3,1.4,28.1,60.7,0.0,1006,1106,0.000,0.001,0.002,0.001,17.7,7.0,22
19/12/2024,13:00,120,4.4,19.3,1.4,28.5,59.6,0.0,1006,936,0.000,0.001,0.002,0.001,20.3,7.1,22
19/12/2024,14:00,120,4.4,18.5,1.3,28.6,58.2,0.0,1005,667,0.000,0.001,0.001,0.001,18.3,6.7,20
19/12/2024,15:00,124,3.8,18.8,1.3,28.7,57.4,0.0,1005,415,0.001,0.002,0.003,0.001,19.2,6.9,19
19/12/2024,16:00,96,4.3,15.4,1.3,28.0,61.9,0.0,1005,369,0.006,0.007,0.012,0.003,30.0,8.1,24
19/12/2024,17:00,101,4.5,16.4,1.2,27.2,63.8,0.0,1006,149,0.000,0.003,0.004,0.001,30.0,8.9,25
19/12/2024,18:00,108,4.6,14.7,1.3,26.5,64.6,0.0,1007,18,0.001,0.006,0.006,0.003,26.3,8.7,25
19/12/2024,19:00,112,4.1,15.7,1.2,25.9,63.9,0.0,1008,0,0.017,0.015,0.033,0.008,26.4,8.8,23
19/12/2024,20:00,121,4.3,18.0,1.4,25.5,62.5,0.0,1008,0,0.004,0.010,0.014,0.010,28.7,9.1,23
19/12/2024,21:00,128,3.4,16.8,1.1,25.1,59.8,0.0,1009,0,0.000,0.002,0.002,0.005,26.0,8.3,19
19/12/2024,22:00,135,3.4,16.8,1.0,24.5,59.8,0.0,1009,0,0.000,0.003,0.003,0.002,21.7,7.6,18
19/12/2024,23:00,148,2.2,19.2,0.9,23.8,64.3,0.0,1008,0,0.001,0.011,0.012,0.001,30.4,9.5,28
20/12/2024,00:00,155,2.4,20.3,0.9,23.5,66.1,0.0,1008,0,0.001,0.009,0.010,0.000,33.8,9.3,24
20/12/2024,01:00,157,2.4,21.2,0.9,23.3,68.2,0.0,1007,0,0.001,0.005,0.005,0.001,35.9,9.5,17
20/12/2024,02:00,163,2.8,18.4,0.9,22.8,70.6,0.0,1006,0,0.000,0.002,0.002,0.000,32.8,9.5,18
20/12/2024,03:00,162,3.1,18.9,1.0,22.7,71.6,0.0,1006,0,0.000,0.001,0.002,0.000,34.6,9.5,20
20/12/2024,04:00,160,2.6,19.9,0.9,22.4,73.0,0.0,1006,1,0.001,0.002,0.003,0.000,33.5,9.6,22
20/12/2024,05:00,160,2.5,21.4,0.9,22.4,71.9,0.0,1007,31,0.002,0.005,0.007,0.000,34.3,9.5,23
20/12/2024,06:00,154,2.6,20.6,0.9,23.3,65.0,0.0,1007,229,0.003,0.005,0.007,0.000,35.7,9.3,20
20/12/2024,07:00,137,3.2,26.6,1.2,25.1,60.4,0.0,1007,471,0.003,0.004,0.007,0.000,27.2,8.3,18
20/12/2024,08:00,118,4.1,19.6,1.3,25.7,61.1,0.0,1007,731,0.001,0.001,0.002,0.001,25.5,8.2,16
20/12/2024,09:00,117,3.9,19.0,1.3,26.4,60.2,0.0,1007,893,0.003,0.003,0.006,0.004,24.9,8.1,17
20/12/2024,10:00,82,4.8,16.1,1.3,27.0,59.4,0.0,1007,1063,0.003,0.004,0.007,0.004,22.4,7.7,17
20/12/2024,11:00,71,4.7,16.6,1.4,27.3,58.2,0.0,1007,1050,0.001,0.002,0.004,0.002,21.7,7.0,15
20/12/2024,12:00,76,4.9,16.1,1.4,27.4,58.7,0.0,1006,1027,0.000,0.001,0.001,0.000,19.8,6.4,14
20/12/2024,13:00,75,4.5,16.9,1.3,27.5,57.7,0.0,1005,861,0.000,0.000,0.001,0.000,16.6,6.1,12
20/12/2024,14:00,78,4.6,16.5,1.4,27.0,60.0,0.0,1005,695,0.000,0.001,0.001,0.000,18.4,6.3,13
20/12/2024,15:00,86,4.7,16.8,1.3,26.9,59.5,0.0,1004,414,0.000,0.001,0.001,0.000,18.2,6.3,14
20/12/2024,16:00,89,4.4,16.0,1.2,26.6,62.2,0.0,1005,226,0.000,0.001,0.001,0.000,19.4,6.6,15
20/12/2024,17:00,90,4.1,13.7,1.2,26.2,65.1,0.0,1005,111,0.000,0.001,0.001,0.000,20.6,7.2,16
20/12/2024,18:00,99,3.6,16.5,1.1,25.9,63.3,0.0,1006,17,0.000,0.001,0.001,0.000,19.1,6.8,15
20/12/2024,19:00,108,3.2,15.7,1.1,25.7,65.1,0.0,1007,0,0.000,0.001,0.001,0.000,20.1,6.6,14
20/12/2024,20:00,102,3.4,15.3,1.0,25.5,67.7,0.0,1007,0,0.000,0.001,0.001,0.000,21.6,7.3,16
20/12/2024,21:00,105,3.0,14.2,0.9,25.4,67.7,0.0,1007,0,0.000,0.001,0.001,0.000,21.1,6.9,16
20/12/2024,22:00,106,2.7,16.6,0.8,25.2,67.2,0.0,1007,0,0.000,0.001,0.001,0.000,20.1,7.0,15
20/12/2024,23:00,130,2.1,16.9,0.7,24.8,69.4,0.0,1007,0,0.000,0.004,0.004,0.002,21.2,7.1,17
21/12/2024,00:00,152,1.3,19.2,0.5,24.2,71.4,0.0,1006,0,0.000,0.006,0.007,0.003,29.3,8.1,20
21/12/2024,01:00,157,1.7,15.7,0.5,23.8,72.1,0.0,1005,1,0.000,0.004,0.004,0.001,31.5,8.1,12
21/12/2024,02:00,153,1.4,16.5,0.4,23.7,72.8,0.0,1005,0,0.001,0.008,0.008,0.001,27.0,7.7,21
21/12/2024,03:00,144,1.3,20.1,0.5,23.3,74.3,0.0,1005,1,0.000,0.008,0.009,0.001,21.5,8.3,33
21/12/2024,04:00,146,1.6,17.6,0.5,23.2,74.8,0.0,1005,0,0.000,0.005,0.005,0.002,21.7,7.9,25
21/12/2024,05:00,148,1.7,16.3,0.5,23.3,74.3,0.0,1006,25,0.001,0.006,0.007,0.003,25.3,7.5,20
21/12/2024,06:00,142,2.1,16.8,0.6,23.8,73.9,0.0,1006,129,0.003,0.008,0.011,0.005,20.9,7.0,21
21/12/2024,07:00,127,2.9,17.4,0.8,24.7,70.4,0.0,1006,220,0.016,0.012,0.027,0.015,18.7,6.4,15
21/12/2024,08:00,112,3.4,18.5,1.0,25.7,67.1,0.0,1006,408,0.022,0.012,0.034,0.017,18.9,5.8,13
21/12/2024,09:00,110,3.8,18.9,1.2,26.2,64.9,0.0,1006,532,0.025,0.015,0.040,0.019,17.0,5.4,12
21/12/2024,10:00,97,4.5,16.7,1.3,26.7,63.0,0.0,1006,943,0.004,0.004,0.008,0.005,18.4,5.4,11
21/12/2024,11:00,94,4.9,17.3,1.3,27.5,60.7,0.0,1006,1042,0.002,0.003,0.006,0.003,18.3,5.5,11
21/12/2024,12:00,78,4.7,17.9,1.4,27.6,61.9,0.0,1005,827,0.000,0.001,0.001,0.001,15.8,5.4,11
21/12/2024,13:00,80,5.0,17.1,1.4,27.7,61.1,0.0,1005,1042,0.000,0.001,0.001,0.001,14.8,5.2,11
21/12/2024,14:00,84,5.2,15.0,1.5,27.5,61.7,0.0,1004,774,0.000,0.001,0.001,0.000,15.0,5.0,11
21/12/2024,15:00,84,5.3,15.4,1.5,27.4,63.4,0.0,1004,640,0.000,0.001,0.001,0.000,17.0,5.1,11
21/12/2024,16:00,84,4.8,15.8,1.3,26.9,66.0,0.0,1004,390,0.000,0.001,0.001,0.000,14.8,5.2,11
21/12/2024,17:00,93,4.1,15.3,1.3,26.5,67.2,0.0,1004,158,0.000,0.001,0.002,0.000,15.7,5.4,12
21/12/2024,18:00,93,3.6,15.1,1.0,25.9,70.7,0.0,1005,11,0.000,0.002,0.002,0.000,17.0,5.8,12
21/12/2024,19:00,98,3.3,14.8,1.0,25.8,71.6,0.0,1005,0,0.000,0.001,0.002,0.000,18.4,5.9,13
21/12/2024,20:00,96,3.3,14.4,0.9,25.7,71.3,0.0,1005,0,0.000,0.001,0.001,0.000,17.7,5.7,13
21/12/2024,21:00,106,2.7,15.0,0.8,25.6,70.9,0.0,1006,0,0.000,0.002,0.002,0.000,16.2,5.8,13
21/12/2024,22:00,120,1.7,16.7,0.5,25.3,72.2,0.0,1005,0,0.000,0.004,0.004,0.001,17.6,5.9,14
21/12/2024,23:00,139,1.6,16.3,0.5,24.4,75.8,0.0,1005,0,0.000,0.003,0.004,0.002,16.6,5.9,17
22/12/2024,00:00,148,1.4,18.2,0.5,24.1,76.3,0.0,1004,1,0.000,0.003,0.003,0.002,16.7,6.0,18
22/12/2024,01:00,169,2.0,16.9,0.6,24.0,74.8,0.0,1003,1,0.001,0.002,0.003,0.001,18.5,5.9,9
22/12/2024,02:00,161,1.6,18.0,0.6,23.7,75.4,0.0,1003,1,0.000,0.002,0.002,0.000,21.1,6.2,13
22/12/2024,03:00,168,1.5,17.9,0.5,23.6,75.4,0.0,1003,1,0.001,0.003,0.003,0.000,26.8,6.7,14
22/12/2024,04:00,159,1.7,18.6,0.5,23.2,76.7,0.0,1003,1,0.000,0.002,0.002,0.000,41.7,7.1,15
22/12/2024,05:00,157,1.8,16.3,0.6,23.2,76.3,0.0,1004,47,0.001,0.005,0.006,0.000,32.3,6.3,14
22/12/2024,06:00,149,1.9,18.7,0.6,24.4,72.3,0.0,1005,253,0.004,0.008,0.012,0.000,21.7,5.8,16
22/12/2024,07:00,126,3.3,18.6,1.0,25.7,65.2,0.0,1005,494,0.005,0.006,0.011,0.005,16.0,5.1,11
22/12/2024,08:00,111,3.8,20.5,1.3,26.6,59.7,0.0,1005,752,0.012,0.011,0.023,0.010,15.1,4.9,8
22/12/2024,09:00,109,4.2,17.9,1.4,27.2,57.0,0.0,1005,940,0.011,0.009,0.020,0.008,14.9,4.8,8
22/12/2024,10:00,90,4.3,17.7,1.4,27.6,56.9,0.0,1004,1072,0.001,0.002,0.004,0.003,14.8,4.7,8
22/12/2024,11:00,75,5.1,16.0,1.5,27.6,59.8,0.0,1004,1135,0.000,0.001,0.001,0.001,13.4,4.7,9
22/12/2024,12:00,79,5.0,16.6,1.4,27.7,60.9,0.0,1003,1122,0.000,0.001,0.001,0.000,13.6,4.6,9
22/12/2024,13:00,80,4.9,18.8,1.5,27.7,61.0,0.0,1003,1035,0.000,0.001,0.001,0.000,14.2,4.7,9
22/12/2024,14:00,84,4.5,19.7,1.3,27.8,59.5,0.0,1002,894,0.000,0.001,0.001,0.000,13.8,5.0,9
22/12/2024,15:00,81,4.8,18.0,1.3,27.5,61.3,0.0,1001,698,0.000,0.001,0.001,0.000,13.4,4.9,10
22/12/2024,16:00,84,4.6,18.6,1.4,27.1,66.2,0.0,1001,403,0.000,0.001,0.001,0.000,14.1,5.1,11
22/12/2024,17:00,90,4.2,17.0,1.3,26.6,68.0,0.0,1002,183,0.000,0.001,0.001,0.000,17.5,5.3,11
22/12/2024,18:00,100,3.1,19.2,1.2,25.9,70.6,0.0,1002,15,0.000,0.001,0.001,0.000,16.3,5.6,12
22/12/2024,19:00,102,3.5,15.8,1.1,25.5,71.3,0.0,1003,0,0.000,0.001,0.001,0.000,16.5,5.7,12
22/12/2024,20:00,110,2.9,17.1,0.9,25.2,72.0,0.0,1003,0,0.000,0.003,0.003,0.001,16.6,5.6,11
22/12/2024,21:00,127,2.0,17.4,0.6,24.8,73.4,0.0,1004,0,0.008,0.014,0.021,0.008,17.0,5.6,12
22/12/2024,22:00,145,1.7,17.0,0.5,24.3,75.1,0.0,1003,0,0.000,0.007,0.007,0.005,18.1,6.0,18
22/12/2024,23:00,160,1.5,15.7,0.4,23.7,76.8,0.0,1003,1,0.000,0.004,0.005,0.002,16.3,6.0,17
23/12/2024,00:00,163,1.6,18.1,0.5,23.5,75.7,0.0,1002,1,0.000,0.004,0.004,0.001,15.8,5.3,12
23/12/2024,01:00,161,1.5,21.5,0.6,23.9,73.5,0.0,1002,1,0.000,0.001,0.002,0.001,15.3,5.4,8
23/12/2024,02:00,162,1.7,21.3,0.6,23.6,74.1,0.0,1001,1,0.000,0.002,0.002,0.000,16.4,5.3,9
23/12/2024,03:00,161,1.6,19.9,0.5,23.4,73.5,0.0,1001,1,0.000,0.002,0.002,0.000,18.7,5.4,11
23/12/2024,04:00,248,1.6,25.5,0.6,22.1,79.1,0.0,1001,1,0.000,0.002,0.003,0.000,15.4,5.4,11
23/12/2024,05:00,263,2.1,18.0,0.6,20.9,84.9,0.0,1002,47,0.002,0.003,0.005,0.000,13.7,4.9,11
23/12/2024,06:00,271,2.8,12.7,0.7,22.1,80.6,0.0,1003,248,0.002,0.003,0.005,0.000,13.5,5.0,11
23/12/2024,07:00,155,1.6,28.3,0.7,25.3,67.7,0.0,1003,498,0.003,0.004,0.007,0.001,19.4,5.3,10
23/12/2024,08:00,121,1.4,38.2,0.8,26.8,64.3,0.0,1003,728,0.008,0.008,0.016,0.005,14.3,5.1,10
23/12/2024,09:00,64,2.8,19.0,0.9,27.6,64.4,0.0,1003,939,0.008,0.008,0.015,0.009,14.0,4.7,10
23/12/2024,10:00,67,2.5,22.5,0.8,28.2,62.6,0.0,1003,1060,0.006,0.007,0.012,0.008,13.0,4.6,10
23/12/2024,11:00,81,3.5,16.2,0.8,29.2,58.5,0.0,1002,1104,0.009,0.011,0.020,0.013,12.4,4.7,10
23/12/2024,12:00,73,3.7,15.5,0.9,29.5,59.1,0.0,1001,1093,0.002,0.004,0.007,0.006,13.3,4.5,9
23/12/2024,13:00,77,4.1,14.3,1.1,29.6,59.0,0.0,1000,1017,0.002,0.004,0.006,0.003,10.9,4.2,9
23/12/2024,14:00,85,4.5,16.0,1.1,29.0,62.5,0.0,1000,870,0.001,0.001,0.002,0.001,10.7,4.0,8
23/12/2024,15:00,85,3.8,15.9,1.0,28.9,66.2,0.0,1000,669,0.001,0.001,0.002,0.001,12.1,4.2,9
23/12/2024,16:00,86,3.6,16.0,0.9,28.7,68.6,0.0,1000,435,0.000,0.001,0.001,0.001,12.5,4.5,10
23/12/2024,17:00,69,2.4,17.1,0.7,28.5,68.6,0.0,1000,182,0.000,0.001,0.001,0.001,14.3,4.8,10
23/12/2024,18:00,43,1.4,19.5,0.5,27.5,72.9,0.0,1001,14,0.000,0.001,0.001,0.000,15.1,4.7,11
23/12/2024,19:00,16,0.8,20.9,0.3,26.5,77.9,0.0,1002,1,0.000,0.001,0.001,0.000,18.4,5.0,12
23/12/2024,20:00,8,0.6,29.8,0.3,25.9,81.3,0.0,1003,1,0.000,0.001,0.001,0.001,18.8,5.6,12
23/12/2024,21:00,295,0.4,26.7,0.1,25.3,83.7,0.0,1003,1,0.002,0.004,0.006,0.000,18.1,5.5,13
23/12/2024,22:00,294,0.7,9.8,0.1,24.1,88.6,0.0,1003,0,0.003,0.007,0.010,0.001,14.8,5.2,12
23/12/2024,23:00,300,0.7,14.9,0.2,23.8,90.5,0.0,1003,0,0.002,0.005,0.007,0.000,12.5,4.8,11
24/12/2024,00:00,290,0.9,15.9,0.2,23.2,91.8,0.0,1002,0,0.001,0.005,0.006,0.000,12.5,4.7,10
24/12/2024,01:00,289,1.0,15.1,0.3,23.1,92.5,0.0,1002,1,0.001,0.003,0.004,0.001,12.3,4.7,8
24/12/2024,02:00,272,1.7,14.7,0.3,22.9,92.7,0.0,1002,1,0.001,0.003,0.005,0.000,12.2,4.7,11
24/12/2024,03:00,301,0.9,14.8,0.2,22.6,93.8,0.0,1002,1,0.002,0.004,0.006,0.000,12.7,4.7,11
24/12/2024,04:00,282,1.6,15.5,0.4,22.4,94.9,0.0,1002,0,0.002,0.004,0.006,0.000,13.3,4.8,12
24/12/2024,05:00,254,2.0,11.8,0.4,23.1,93.4,0.0,1002,43,0.004,0.004,0.008,0.000,13.4,4.9,12
24/12/2024,06:00,269,1.2,16.7,0.3,25.1,86.7,0.0,1003,237,0.003,0.003,0.006,0.000,15.3,5.2,13
24/12/2024,07:00,258,0.7,32.7,0.4,28.3,73.2,0.0,1004,471,0.001,0.003,0.004,0.001,14.3,5.3,14
24/12/2024,08:00,257,2.2,23.9,0.8,29.5,65.7,0.0,1004,696,0.002,0.004,0.006,0.002,13.9,6.2,17
24/12/2024,09:00,166,2.2,36.4,1.0,31.4,51.4,0.0,1003,886,0.002,0.006,0.007,0.003,22.9,9.5,27
24/12/2024,10:00,142,2.9,26.7,1.1,32.4,43.6,0.0,1003,1010,0.001,0.004,0.004,0.002,29.4,10.7,27
24/12/2024,11:00,115,2.6,27.9,1.1,33.7,41.3,0.0,1003,1065,0.001,0.003,0.004,0.002,28.1,10.3,24
24/12/2024,12:00,69,4.1,14.3,1.1,33.2,45.5,0.0,1002,1065,0.001,0.005,0.005,0.005,24.3,9.8,25
24/12/2024,13:00,75,4.3,15.6,1.1,32.9,47.8,0.0,1002,991,0.000,0.003,0.003,0.003,25.3,9.6,24
24/12/2024,14:00,88,4.4,17.4,1.2,31.7,55.1,0.0,1002,789,0.000,0.001,0.001,0.001,21.0,8.5,22
24/12/2024,15:00,85,3.9,15.5,1.0,31.3,54.9,0.0,1002,631,0.000,0.002,0.002,0.001,21.8,8.2,21
24/12/2024,16:00,89,3.8,16.4,0.9,30.7,55.2,0.0,1002,413,0.000,0.001,0.002,0.001,23.6,8.3,21
24/12/2024,17:00,84,3.1,15.5,0.8,29.8,58.1,0.0,1003,174,0.000,0.001,0.001,0.001,23.8,8.4,21
24/12/2024,18:00,87,3.5,16.8,1.0,28.6,66.6,0.0,1005,15,0.000,0.001,0.001,0.000,22.3,8.0,20
24/12/2024,19:00,95,4.0,15.3,1.1,27.4,78.0,0.0,1006,0,0.000,0.002,0.002,0.000,27.0,10.5,32
24/12/2024,20:00,93,3.6,15.3,1.1,27.0,77.6,0.0,1007,0,0.000,0.002,0.002,0.000,40.2,15.0,45
24/12/2024,21:00,97,3.7,16.4,1.1,27.1,75.6,0.0,1008,0,0.000,0.004,0.004,0.000,39.2,14.6,42
24/12/2024,22:00,115,3.4,16.8,1.1,26.8,72.2,0.0,1008,0,0.004,0.014,0.018,0.005,37.8,13.8,39
24/12/2024,23:00,127,2.3,16.8,0.8,26.4,73.1,0.0,1008,0,0.001,0.010,0.010,0.008,39.4,14.0,40
25/12/2024,00:00,135,1.8,17.9,0.6,25.7,73.4,0.0,1008,0,0.000,0.002,0.002,0.006,36.4,13.0,37
25/12/2024,01:00,142,1.1,27.0,0.5,25.0,75.3,0.0,1008,0,0.000,0.005,0.005,0.002,37.2,12.4,28
25/12/2024,02:00,149,1.2,20.5,0.4,24.5,76.7,0.0,1008,0,0.000,0.005,0.005,0.001,103.3,14.8,38
25/12/2024,03:00,149,1.4,17.6,0.5,24.0,78.1,0.0,1008,0,0.000,0.008,0.008,0.000,76.1,13.6,38
25/12/2024,04:00,143,1.4,22.9,0.6,23.8,78.9,0.0,1009,0,0.000,0.008,0.008,0.000,42.2,12.0,37
25/12/2024,05:00,140,1.8,22.5,0.6,23.6,77.7,0.0,1010,40,0.000,0.005,0.005,0.000,30.9,11.1,33
25/12/2024,06:00,129,2.7,19.0,0.8,24.9,71.9,0.0,1011,229,0.001,0.003,0.004,0.000,30.0,10.2,28
25/12/2024,07:00,129,3.8,19.5,1.1,25.9,66.7,0.0,1012,454,0.002,0.003,0.004,0.002,30.4,9.5,24
25/12/2024,08:00,111,3.8,20.5,1.2,26.4,63.8,0.0,1012,700,0.005,0.008,0.013,0.007,27.0,8.8,22
25/12/2024,09:00,87,4.8,16.4,1.4,27.3,58.4,0.0,1012,955,0.002,0.004,0.006,0.004,25.6,8.2,18
25/12/2024,10:00,70,4.2,18.0,1.4,27.6,61.5,0.0,1012,1073,0.000,0.001,0.001,0.001,24.6,8.4,20
25/12/2024,11:00,71,4.7,17.1,1.3,27.7,61.7,0.0,1012,1131,0.000,0.001,0.001,0.001,23.6,8.0,20
25/12/2024,12:00,76,5.1,16.9,1.5,28.0,59.7,0.0,1011,1117,0.000,0.001,0.001,0.000,23.8,7.7,18
25/12/2024,13:00,74,5.0,16.6,1.4,28.0,58.2,0.0,1011,868,0.000,0.001,0.001,0.000,22.0,7.4,16
25/12/2024,14:00,76,4.7,16.2,1.3,27.9,59.0,0.0,1011,448,0.000,0.001,0.001,0.000,22.9,7.7,16
25/12/2024,15:00,75,4.6,17.5,1.4,27.7,58.9,0.0,1011,540,0.000,0.000,0.001,0.000,21.7,7.7,17
25/12/2024,16:00,76,4.4,17.2,1.3,27.3,61.6,0.0,1011,308,0.000,0.000,0.001,0.000,23.6,7.8,19
25/12/2024,17:00,86,3.7,17.0,1.1,26.9,62.0,0.0,1011,161,0.000,0.001,0.001,0.000,22.2,7.6,17
25/12/2024,18:00,85,3.6,17.6,1.1,26.4,64.8,0.0,1012,19,0.000,0.001,0.001,0.000,23.2,7.9,18
25/12/2024,19:00,90,3.9,15.7,1.3,26.2,67.3,0.0,1012,0,0.000,0.001,0.001,0.000,25.3,9.1,22
25/12/2024,20:00,92,3.6,17.1,1.2,26.3,66.5,0.0,1012,0,0.000,0.001,0.001,0.000,30.0,10.1,24
25/12/2024,21:00,97,4.3,15.1,1.3,26.1,65.5,0.0,1013,0,0.000,0.001,0.001,0.000,29.1,9.8,23
25/12/2024,22:00,96,4.1,15.5,1.3,25.9,63.8,0.0,1013,0,0.000,0.002,0.002,0.000,27.7,9.1,21
25/12/2024,23:00,97,3.4,16.1,1.1,25.7,63.8,0.0,1013,0,0.000,0.002,0.002,0.000,24.7,8.5,20
26/12/2024,00:00,107,3.4,15.1,1.0,25.4,64.9,0.0,1012,0,0.000,0.001,0.001,0.000,24.8,8.5,19
26/12/2024,01:00,117,2.2,17.3,0.7,24.9,66.6,0.0,1012,0,0.000,0.004,0.005,0.002,26.1,8.3,13
26/12/2024,02:00,156,1.5,16.7,0.5,23.9,70.4,0.0,1011,0,0.000,0.007,0.007,0.004,37.7,9.2,22
26/12/2024,03:00,161,1.7,16.0,0.5,23.4,70.6,0.0,1011,0,0.000,0.004,0.004,0.002,42.1,9.3,21
26/12/2024,04:00,155,1.7,16.1,0.5,23.3,70.6,0.0,1012,1,0.001,0.003,0.004,0.000,37.4,8.5,20
26/12/2024,05:00,154,1.9,15.2,0.5,23.1,72.6,0.0,1012,44,0.001,0.003,0.004,0.000,36.1,9.1,21
26/12/2024,06:00,140,2.0,19.2,0.6,24.3,68.4,0.0,1013,239,0.003,0.007,0.010,0.000,29.4,8.2,21
26/12/2024,07:00,117,3.1,18.8,1.0,25.4,61.8,0.0,1014,497,0.010,0.010,0.020,0.011,20.0,6.9,15
26/12/2024,08:00,100,4.0,18.9,1.1,26.3,51.4,0.0,1014,746,0.002,0.003,0.004,0.003,16.9,5.5,9
26/12/2024,09:00,81,4.1,19.8,1.2,26.5,54.9,0.0,1014,940,0.001,0.001,0.002,0.001,18.3,5.6,10
26/12/2024,10:00,72,4.1,17.4,1.2,27.1,49.5,0.0,1013,1072,0.000,0.001,0.001,0.000,15.0,5.3,9
26/12/2024,11:00,73,4.2,19.0,1.2,27.1,51.6,0.0,1013,1134,0.000,0.000,0.001,0.000,14.4,5.4,9
26/12/2024,12:00,72,4.2,16.5,1.3,27.1,53.2,0.0,1012,1121,0.000,0.000,0.001,0.000,15.0,5.4,10
26/12/2024,13:00,83,4.2,17.3,1.1,27.3,53.5,0.0,1011,1038,0.000,0.000,0.001,0.000,15.3,5.4,10
26/12/2024,14:00,85,4.1,17.5,1.2,27.3,55.2,0.0,1011,894,0.000,0.000,0.001,0.000,16.0,5.3,10
26/12/2024,15:00,82,4.3,15.2,1.2,27.1,55.6,0.0,1010,694,0.000,0.000,0.001,0.000,14.3,5.2,10
26/12/2024,16:00,81,3.6,18.6,1.1,26.9,57.7,0.0,1010,459,0.000,0.000,0.000,0.000,14.5,5.1,10
26/12/2024,17:00,74,3.1,17.3,1.0,26.5,59.3,0.0,1010,198,0.000,0.000,0.000,0.000,15.4,5.1,11
26/12/2024,18:00,72,2.7,18.3,0.9,25.8,60.2,0.0,1010,14,0.000,0.000,0.000,0.000,15.5,5.0,10
26/12/2024,19:00,54,1.5,26.5,0.7,25.2,63.4,0.0,1011,0,0.000,0.000,0.000,0.000,15.9,5.1,10
26/12/2024,20:00,45,1.3,24.6,0.5,24.6,64.5,0.0,1011,1,0.000,0.000,0.000,0.000,14.6,5.1,11
26/12/2024,21:00,55,1.2,21.7,0.5,24.8,65.6,0.0,1012,2,0.000,0.000,0.000,0.000,15.2,5.3,11
26/12/2024,22:00,69,1.6,18.1,0.5,24.8,66.4,0.0,1012,2,0.000,0.000,0.000,0.000,15.8,5.3,12
26/12/2024,23:00,58,1.3,21.1,0.5,24.7,66.7,0.0,1012,1,0.000,0.000,0.000,0.000,15.9,5.2,12
27/12/2024,00:00,45,0.4,39.3,0.3,24.3,66.7,0.0,1011,1,0.000,0.001,0.001,0.000,14.7,5.0,12
27/12/2024,01:00,299,1.1,10.0,0.2,22.1,75.7,0.0,1010,1,0.000,0.003,0.003,0.000,14.1,4.8,7
27/12/2024,02:00,290,1.6,10.1,0.3,20.6,81.7,0.0,1010,0,0.000,0.006,0.006,0.000,13.7,4.9,10
27/12/2024,03:00,284,2.0,9.4,0.3,20.2,82.4,0.0,1010,1,0.000,0.004,0.005,0.000,12.4,4.7,11
27/12/2024,04:00,267,1.0,28.5,0.3,20.1,83.0,0.0,1010,1,0.000,0.004,0.004,0.000,12.2,4.8,11
27/12/2024,05:00,280,1.1,22.3,0.3,20.0,83.6,0.0,1010,35,0.002,0.006,0.008,0.000,12.2,4.8,11
27/12/2024,06:00,294,0.6,28.6,0.3,22.4,76.8,0.0,1010,222,0.002,0.004,0.007,0.000,13.3,4.9,14
27/12/2024,07:00,62,0.6,47.0,0.4,26.4,62.3,0.0,1010,477,0.001,0.003,0.004,0.001,16.6,5.3,13
27/12/2024,08:00,19,1.7,31.8,0.8,27.7,54.7,0.0,1010,694,0.004,0.005,0.009,0.000,14.8,4.8,9
27/12/2024,09:00,27,1.5,42.9,0.9,28.6,49.4,0.0,1010,896,0.002,0.003,0.004,0.000,13.4,4.7,8
27/12/2024,10:00,55,2.2,32.5,1.0,29.2,45.8,0.0,1009,1023,0.001,0.002,0.002,0.000,13.2,4.5,8
27/12/2024,11:00,72,3.0,27.2,1.2,29.6,47.4,0.0,1009,1085,0.000,0.001,0.002,0.000,12.2,4.6,8
27/12/2024,12:00,49,3.0,24.6,1.1,30.2,46.6,0.0,1008,1080,0.000,0.001,0.001,0.000,11.8,4.6,8
27/12/2024,13:00,38,2.5,27.7,1.0,30.8,43.2,0.0,1007,1004,0.001,0.002,0.003,0.000,13.6,4.9,8
27/12/2024,14:00,41,2.7,25.1,1.0,30.9,43.9,0.0,1006,865,0.001,0.002,0.003,0.000,14.5,4.9,8
27/12/2024,15:00,47,3.5,19.8,1.2,29.7,52.5,0.0,1006,674,0.000,0.001,0.001,0.000,16.3,5.0,9
27/12/2024,16:00,38,2.6,22.3,1.1,29.2,54.3,0.0,1006,439,0.000,0.001,0.001,0.000,13.4,4.7,9
27/12/2024,17:00,37,2.7,19.9,1.0,28.2,57.7,0.0,1006,187,0.000,0.001,0.001,0.000,12.9,4.8,10
27/12/2024,18:00,27,2.0,20.3,0.8,27.0,62.1,0.0,1007,15,0.000,0.000,0.001,0.000,12.8,4.6,10
27/12/2024,19:00,7,1.0,28.9,0.5,26.4,64.7,0.0,1008,1,0.000,0.005,0.005,0.000,20.0,5.3,11
27/12/2024,20:00,15,0.7,35.9,0.4,26.0,67.2,0.0,1008,1,0.000,0.002,0.002,0.000,17.7,5.1,11
27/12/2024,21:00,1,0.3,41.6,0.2,25.7,69.8,0.0,1008,0,0.000,0.003,0.003,0.000,23.4,5.8,13
27/12/2024,22:00,248,0.2,31.3,0.1,24.9,73.9,0.0,1009,1,0.001,0.007,0.008,0.000,16.2,4.9,11
27/12/2024,23:00,292,0.6,14.4,0.1,23.6,79.9,0.0,1009,1,0.004,0.006,0.009,0.000,13.1,4.6,10
28/12/2024,00:00,258,0.2,27.2,0.1,23.5,81.6,0.0,1008,1,0.004,0.007,0.011,0.000,12.4,4.3,10
28/12/2024,01:00,299,0.5,17.0,0.1,22.8,84.2,0.0,1007,1,0.004,0.006,0.010,0.001,12.2,4.3,7
28/12/2024,02:00,292,0.6,22.9,0.2,22.7,84.9,0.0,1007,1,0.003,0.005,0.008,0.000,11.5,4.3,9
28/12/2024,03:00,287,0.3,29.3,0.2,23.0,83.6,0.0,1008,1,0.011,0.007,0.017,0.000,12.2,4.4,10
28/12/2024,04:00,300,0.6,26.7,0.2,22.3,85.7,0.0,1008,0,0.003,0.007,0.010,0.000,11.7,4.4,10
28/12/2024,05:00,304,0.9,13.7,0.2,22.0,87.2,0.0,1008,23,0.007,0.007,0.015,0.000,11.8,4.4,10
28/12/2024,06:00,315,0.5,29.6,0.2,24.2,82.1,0.0,1009,189,0.003,0.005,0.008,0.000,13.3,4.7,11
28/12/2024,07:00,1,1.5,32.3,0.7,27.5,68.8,0.0,1009,426,0.000,0.001,0.001,0.001,16.8,4.9,9
28/12/2024,08:00,9,1.9,30.8,0.9,28.9,61.8,0.0,1009,516,0.000,0.000,0.001,0.001,14.6,4.7,8
28/12/2024,09:00,1,1.9,30.1,0.9,29.6,59.6,0.0,1008,825,0.000,0.001,0.001,0.001,14.6,4.8,8
28/12/2024,10:00,347,1.6,31.2,0.9,30.4,57.3,0.0,1008,572,0.000,0.000,0.001,0.001,16.8,4.9,8
28/12/2024,11:00,321,2.1,36.3,1.0,30.9,57.2,0.0,1008,934,0.000,0.001,0.001,0.001,14.9,4.9,9
28/12/2024,12:00,358,2.1,30.1,0.9,31.5,53.8,0.0,1007,970,0.000,0.000,0.001,0.001,17.4,5.3,9
28/12/2024,13:00,24,2.4,27.6,0.9,32.7,45.9,0.0,1006,968,0.000,0.000,0.000,0.000,15.1,5.5,10
28/12/2024,14:00,39,3.5,20.3,1.1,31.8,57.0,0.0,1005,828,0.001,0.002,0.002,0.001,18.2,5.3,10
28/12/2024,15:00,32,3.3,21.1,1.1,31.1,60.2,0.0,1005,584,0.000,0.001,0.001,0.000,15.7,5.1,10
28/12/2024,16:00,36,3.0,20.8,1.0,30.4,63.1,0.0,1004,432,0.000,0.001,0.001,0.000,13.7,4.9,10
28/12/2024,17:00,12,2.6,25.7,1.1,29.3,65.8,0.0,1005,186,0.000,0.000,0.001,0.000,20.8,5.6,12
28/12/2024,18:00,14,2.2,21.9,1.0,27.8,71.0,0.0,1006,15,0.000,0.001,0.001,0.000,29.1,6.8,13
28/12/2024,19:00,0,1.5,30.8,0.7,27.0,74.6,0.0,1006,0,0.000,0.000,0.000,0.000,23.0,5.6,12
28/12/2024,20:00,1,0.9,31.9,0.5,26.8,76.2,0.0,1007,0,0.000,0.000,0.000,0.000,16.7,5.1,11
28/12/2024,21:00,356,0.6,31.2,0.3,26.6,76.9,0.0,1008,1,0.000,0.000,0.001,0.000,15.0,5.1,11
28/12/2024,22:00,269,1.3,21.0,0.4,26.5,77.5,0.0,1009,0,0.000,0.001,0.001,0.000,14.7,5.1,11
28/12/2024,23:00,346,1.0,22.4,0.5,26.6,77.9,0.0,1008,0,0.000,0.001,0.001,0.000,31.4,5.9,13
29/12/2024,00:00,16,0.8,35.2,0.4,26.4,79.5,0.0,1007,0,0.000,0.001,0.001,0.001,21.4,5.5,12
29/12/2024,01:00,346,0.6,43.2,0.4,26.2,80.5,0.0,1006,0,0.000,0.001,0.001,0.001,24.1,5.8,12
29/12/2024,02:00,346,0.2,25.6,0.2,26.2,80.3,0.0,1006,0,0.001,0.002,0.003,0.001,18.6,6.1,15
29/12/2024,03:00,275,0.1,45.2,0.1,25.9,81.7,0.0,1006,0,0.001,0.004,0.005,0.001,15.1,6.1,15
29/12/2024,04:00,254,0.1,34.9,0.1,25.5,84.0,0.0,1007,1,0.003,0.007,0.011,0.000,15.6,6.6,18
29/12/2024,05:00,265,1.3,11.0,0.3,25.4,84.7,0.0,1008,38,0.003,0.005,0.008,0.000,15.5,6.7,18
29/12/2024,06:00,251,0.9,16.2,0.3,26.7,80.6,0.0,1009,134,0.002,0.003,0.005,0.000,15.3,6.8,19
29/12/2024,07:00,332,1.5,24.4,0.6,27.9,75.9,0.0,1009,377,0.000,0.001,0.001,0.001,15.7,6.0,15
29/12/2024,08:00,324,1.6,36.4,0.8,29.4,69.1,0.0,1009,566,0.000,0.001,0.001,0.001,15.9,5.7,14
29/12/2024,09:00,329,2.0,30.4,0.8,30.4,63.7,0.0,1009,569,0.000,0.001,0.001,0.001,15.1,5.7,14
29/12/2024,10:00,346,2.0,38.9,1.0,31.5,57.6,0.0,1009,868,0.000,0.001,0.001,0.001,14.3,5.7,12
29/12/2024,11:00,2,2.0,36.9,1.0,32.4,54.9,0.0,1008,960,0.000,0.001,0.001,0.001,19.6,6.0,13
29/12/2024,12:00,30,2.6,27.1,1.0,33.1,54.1,0.0,1007,785,0.000,0.001,0.001,0.000,17.6,6.1,13
29/12/2024,13:00,50,4.0,17.5,1.3,31.8,62.4,0.0,1007,987,0.000,0.001,0.002,0.000,14.0,4.8,10
29/12/2024,14:00,47,3.8,17.8,1.3,31.0,64.9,0.0,1007,859,0.001,0.001,0.002,0.000,12.6,4.6,9
29/12/2024,15:00,52,3.9,17.6,1.3,30.6,66.2,0.0,1006,663,0.001,0.002,0.002,0.000,14.6,4.6,9
29/12/2024,16:00,50,3.0,20.9,1.1,30.3,66.1,0.0,1006,432,0.000,0.001,0.002,0.000,13.2,4.5,9
29/12/2024,17:00,28,2.0,21.0,0.8,29.9,65.8,0.0,1007,183,0.001,0.002,0.003,0.000,20.1,5.6,12
29/12/2024,18:00,33,1.7,17.7,0.6,28.4,71.0,0.0,1008,14,0.000,0.001,0.001,0.000,16.3,4.8,10
29/12/2024,19:00,20,1.7,21.5,0.6,27.2,74.9,0.0,1009,0,0.000,0.000,0.000,0.000,12.6,4.4,9
29/12/2024,20:00,14,1.2,21.2,0.5,26.9,76.2,0.0,1009,1,0.000,0.001,0.002,0.000,26.3,6.7,16
29/12/2024,21:00,43,0.5,38.3,0.3,26.8,77.3,0.0,1010,1,0.000,0.002,0.002,0.000,37.0,9.5,21
29/12/2024,22:00,8,0.3,27.6,0.2,26.8,77.7,0.0,1011,1,0.000,0.001,0.001,0.000,21.1,5.8,14
29/12/2024,23:00,318,0.3,26.2,0.2,26.7,78.0,0.0,1011,1,0.000,0.003,0.003,0.000,22.5,5.5,12
30/12/2024,00:00,351,0.6,20.3,0.2,26.5,78.6,0.0,1010,0,0.000,0.001,0.002,0.000,13.7,4.7,10
30/12/2024,01:00,329,0.6,21.8,0.2,25.9,80.5,0.0,1010,1,0.000,0.001,0.001,0.001,13.6,4.2,6
30/12/2024,02:00,282,1.1,8.8,0.2,25.6,82.2,0.0,1010,1,0.000,0.003,0.004,0.000,10.8,4.1,8
30/12/2024,03:00,300,0.7,8.2,0.2,24.9,84.4,0.0,1010,0,0.001,0.004,0.005,0.000,9.9,3.9,7
30/12/2024,04:00,288,0.2,16.1,0.1,24.5,86.3,0.0,1009,1,0.004,0.006,0.011,0.000,10.7,3.9,8
30/12/2024,05:00,292,0.8,8.8,0.1,24.1,87.8,0.0,1010,27,0.012,0.009,0.021,0.000,12.6,4.1,9
30/12/2024,06:00,338,0.6,25.4,0.3,25.9,82.1,0.0,1010,198,0.002,0.005,0.007,0.000,18.2,4.8,10
30/12/2024,07:00,76,2.3,22.8,0.8,28.0,70.7,0.0,1011,463,0.000,0.000,0.001,0.000,10.2,3.8,7
30/12/2024,08:00,86,2.9,18.6,0.9,27.7,71.2,0.0,1011,374,0.000,0.000,0.000,0.000,11.3,3.7,8
30/12/2024,09:00,86,3.3,17.6,1.0,28.5,67.1,0.0,1012,243,0.000,0.000,0.001,0.000,11.1,3.8,8
30/12/2024,10:00,83,4.5,16.4,1.2,28.7,66.9,0.0,1012,232,0.000,0.000,0.000,0.000,10.8,3.8,7
30/12/2024,11:00,75,4.5,17.0,1.1,28.7,65.6,0.0,1012,800,0.000,0.000,0.000,0.000,10.3,3.7,7
30/12/2024,12:00,78,4.1,18.2,1.1,28.8,66.5,0.0,1011,890,0.000,0.000,0.000,0.000,10.1,3.8,8
30/12/2024,13:00,82,4.3,18.4,1.2,29.0,65.9,0.0,1011,848,0.000,0.001,0.001,0.000,10.2,3.8,8
30/12/2024,14:00,81,4.1,17.4,1.2,29.0,63.1,0.0,1010,544,0.000,0.000,0.000,0.000,10.3,3.6,7
30/12/2024,15:00,79,4.2,16.1,1.1,29.2,58.9,0.0,1009,639,0.000,0.000,0.000,0.000,9.7,3.7,6
30/12/2024,16:00,76,3.7,15.5,1.0,29.2,59.7,0.0,1009,407,0.000,0.000,0.000,0.000,9.8,3.8,7
30/12/2024,17:00,71,2.8,17.7,0.8,28.3,67.6,0.0,1009,205,0.000,0.000,0.000,0.000,11.6,4.0,8
30/12/2024,18:00,74,2.6,16.5,0.8,27.3,70.6,0.0,1009,18,0.000,0.000,0.000,0.000,12.0,4.2,9
30/12/2024,19:00,69,2.1,17.5,0.6,26.9,75.7,0.0,1010,0,0.000,0.000,0.000,0.000,13.6,4.5,9
30/12/2024,20:00,73,1.9,17.7,0.6,26.8,75.6,0.0,1011,0,0.000,0.000,0.000,0.000,13.4,4.6,10
30/12/2024,21:00,85,0.7,31.2,0.3,27.1,73.9,0.0,1011,1,0.000,0.001,0.001,0.000,13.6,4.6,10
30/12/2024,22:00,248,2.1,19.7,0.4,26.2,78.8,0.4,1012,0,0.000,0.002,0.002,0.000,15.6,4.8,10
30/12/2024,23:00,252,0.6,28.3,0.4,24.2,86.9,0.6,1012,0,0.000,0.004,0.005,0.000,19.4,5.7,15
31/12/2024,00:00,299,0.6,17.7,0.2,23.3,88.5,0.0,1011,1,0.002,0.013,0.014,0.000,40.3,10.2,31
31/12/2024,01:00,202,0.4,39.2,0.3,23.3,85.5,0.0,1010,1,0.004,0.014,0.018,0.001,29.0,9.5,31
31/12/2024,02:00,157,1.2,25.4,0.5,23.9,86.0,0.0,1009,1,0.002,0.010,0.012,0.001,19.8,7.3,25
31/12/2024,03:00,127,2.0,21.0,0.7,24.1,84.7,0.0,1008,0,0.003,0.006,0.009,0.001,11.4,4.4,11
31/12/2024,04:00,136,1.8,20.0,0.6,23.2,82.7,0.0,1009,0,0.000,0.007,0.007,0.001,6.3,2.3,6
31/12/2024,05:00,120,1.2,23.5,0.4,23.2,79.9,0.0,1009,38,0.000,0.004,0.005,0.000,7.7,2.0,4
31/12/2024,06:00,134,1.9,19.0,0.6,24.0,76.6,0.0,1009,224,0.001,0.005,0.006,0.002,6.6,2.1,3
31/12/2024,07:00,113,2.3,18.3,0.7,24.7,75.6,0.0,1010,465,0.019,0.015,0.033,0.013,8.0,2.4,4
31/12/2024,08:00,104,1.8,23.4,0.8,26.1,71.7,0.0,1010,698,0.028,0.018,0.046,0.024,9.6,3.2,5
31/12/2024,09:00,68,3.2,16.7,0.8,26.4,74.0,0.0,1010,906,0.002,0.004,0.006,0.004,9.5,3.3,6
31/12/2024,10:00,77,2.8,21.2,0.8,27.3,71.1,0.0,1009,826,0.000,0.001,0.001,0.001,9.7,3.8,7
31/12/2024,11:00,72,3.9,17.1,1.0,27.8,69.5,0.0,1009,769,0.000,0.001,0.001,0.001,10.5,3.9,7
31/12/2024,12:00,84,4.4,15.6,1.2,28.2,69.9,0.0,1008,762,0.000,0.001,0.001,0.001,11.2,4.1,8
31/12/2024,13:00,86,4.3,14.8,1.2,28.5,69.1,0.0,1007,357,0.000,0.001,0.001,0.000,11.5,4.2,8
31/12/2024,14:00,73,3.4,18.2,1.0,29.3,66.0,0.0,1006,687,0.000,0.001,0.001,0.000,11.6,4.2,9
31/12/2024,15:00,88,3.9,16.9,1.1,28.3,70.1,0.0,1006,325,0.000,0.000,0.001,0.000,11.5,4.0,8
31/12/2024,16:00,82,3.5,15.5,1.0,28.0,69.8,0.0,1006,298,0.000,0.001,0.001,0.000,10.7,3.8,8
31/12/2024,17:00,86,2.7,14.9,0.7,27.2,70.6,0.0,1007,70,0.000,0.000,0.001,0.000,10.6,3.8,7
31/12/2024,18:00,77,2.2,16.4,0.7,27.1,70.3,0.0,1007,36,0.000,0.000,0.000,0.000,10.1,3.8,7
31/12/2024,19:00,95,2.7,15.0,0.7,27.0,72.3,0.0,1008,0,0.000,0.001,0.002,0.000,11.1,3.9,8
31/12/2024,20:00,97,2.8,17.2,0.9,27.0,72.7,0.0,1008,0,0.000,0.001,0.001,0.000,10.9,4.0,8
31/12/2024,21:00,91,2.2,17.0,0.7,26.9,72.0,0.0,1009,0,0.000,0.001,0.001,0.000,10.7,3.9,8
31/12/2024,22:00,105,2.2,15.4,0.7,27.0,73.9,0.0,1009,0,0.000,0.001,0.001,0.000,9.8,3.9,8
31/12/2024,23:00,123,1.7,15.0,0.5,25.9,78.7,0.2,1009,0,0.000,0.002,0.002,0.000,11.1,4.1,9
